-- phpMyAdmin SQL Dump
-- version 4.8.5
-- https://www.phpmyadmin.net/
--
-- Servidor: 127.0.0.1
-- Tiempo de generación: 15-06-2020 a las 04:10:00
-- Versión del servidor: 10.1.38-MariaDB
-- Versión de PHP: 7.3.2

SET SQL_MODE = "NO_AUTO_VALUE_ON_ZERO";
SET AUTOCOMMIT = 0;
START TRANSACTION;
SET time_zone = "+00:00";


/*!40101 SET @OLD_CHARACTER_SET_CLIENT=@@CHARACTER_SET_CLIENT */;
/*!40101 SET @OLD_CHARACTER_SET_RESULTS=@@CHARACTER_SET_RESULTS */;
/*!40101 SET @OLD_COLLATION_CONNECTION=@@COLLATION_CONNECTION */;
/*!40101 SET NAMES utf8mb4 */;

--
-- Base de datos: `borradorhospital`
--

-- --------------------------------------------------------

--
-- Estructura de tabla para la tabla `cita_hospitalizacion`
--

CREATE TABLE `cita_hospitalizacion` (
  `id_hospitalizacion` int(11) NOT NULL,
  `id_cita_medica` int(11) NOT NULL
) ENGINE=InnoDB DEFAULT CHARSET=latin1;

--
-- Volcado de datos para la tabla `cita_hospitalizacion`
--

INSERT INTO `cita_hospitalizacion` (`id_hospitalizacion`, `id_cita_medica`) VALUES
(70001, 330001),
(70002, 330002),
(70003, 330003),
(70004, 330004),
(70005, 330005),
(70006, 330006),
(70007, 330007),
(70008, 330008),
(70009, 330009),
(70010, 330010),
(70011, 330011),
(70012, 330012),
(70013, 330013),
(70014, 330014),
(70015, 330015),
(70016, 330016),
(70017, 330017),
(70018, 330018),
(70019, 330019),
(70020, 330020),
(70021, 330021),
(70022, 330022),
(70023, 330023),
(70024, 330024),
(70025, 330025),
(70026, 330026),
(70027, 330027),
(70028, 330028),
(70029, 330029),
(70030, 330030),
(70031, 330031),
(70032, 330032),
(70033, 330033),
(70034, 330034),
(70035, 330035),
(70036, 330036),
(70037, 330037),
(70038, 330038),
(70039, 330039),
(70040, 330040),
(70041, 330041),
(70042, 330042),
(70043, 330043),
(70044, 330044),
(70045, 330045),
(70046, 330046),
(70047, 330047),
(70048, 330048),
(70049, 330049),
(70050, 330050),
(70051, 330051),
(70052, 330052),
(70053, 330053),
(70054, 330054),
(70055, 330055),
(70056, 330056),
(70057, 330057),
(70058, 330058),
(70059, 330059),
(70060, 330060),
(70061, 330061),
(70062, 330062),
(70063, 330063),
(70064, 330064),
(70065, 330065),
(70066, 330066),
(70067, 330067),
(70068, 330068),
(70069, 330069),
(70070, 330070),
(70071, 330071),
(70072, 330072),
(70073, 330073),
(70074, 330074),
(70075, 330075),
(70076, 330076),
(70077, 330077),
(70078, 330078),
(70079, 330079),
(70080, 330080),
(70081, 330081),
(70082, 330082),
(70083, 330083),
(70084, 330084),
(70085, 330085),
(70086, 330086),
(70087, 330087),
(70088, 330088),
(70089, 330089),
(70090, 330090),
(70091, 330091),
(70092, 330092),
(70093, 330093),
(70094, 330094),
(70095, 330095),
(70096, 330096),
(70097, 330097),
(70098, 330098),
(70099, 330099),
(70100, 330100),
(70101, 330101),
(70102, 330102),
(70103, 330103),
(70104, 330104),
(70105, 330105),
(70106, 330106),
(70107, 330107),
(70108, 330108),
(70109, 330109),
(70110, 330110),
(70111, 330111),
(70112, 330112),
(70113, 330113),
(70114, 330114),
(70115, 330115),
(70116, 330116),
(70117, 330117),
(70118, 330118),
(70119, 330119),
(70120, 330120),
(70121, 330121),
(70122, 330122),
(70123, 330123),
(70124, 330124),
(70125, 330125),
(70126, 330126),
(70127, 330127),
(70128, 330128),
(70129, 330129),
(70130, 330130),
(70131, 330131),
(70132, 330132),
(70133, 330133),
(70134, 330134),
(70135, 330135),
(70136, 330136),
(70137, 330137),
(70138, 330138),
(70139, 330139),
(70140, 330140),
(70141, 330141),
(70142, 330142),
(70143, 330143),
(70144, 330144),
(70145, 330145),
(70146, 330146),
(70147, 330147),
(70148, 330148),
(70149, 330149),
(70150, 330150),
(70151, 330151),
(70152, 330152),
(70153, 330153),
(70154, 330154),
(70155, 330155),
(70156, 330156),
(70157, 330157),
(70158, 330158),
(70159, 330159),
(70160, 330160),
(70161, 330161),
(70162, 330162),
(70163, 330163),
(70164, 330164),
(70165, 330165),
(70166, 330166),
(70167, 330167),
(70168, 330168),
(70169, 330169),
(70170, 330170),
(70171, 330171),
(70172, 330172),
(70173, 330173),
(70174, 330174),
(70175, 330175),
(70176, 330176),
(70177, 330177),
(70178, 330178),
(70179, 330179),
(70180, 330180),
(70181, 330181),
(70182, 330182),
(70183, 330183),
(70184, 330184),
(70185, 330185),
(70186, 330186),
(70187, 330187),
(70188, 330188),
(70189, 330189),
(70190, 330190),
(70191, 330191),
(70192, 330192),
(70193, 330193),
(70194, 330194),
(70195, 330195),
(70196, 330196),
(70197, 330197),
(70198, 330198),
(70199, 330199),
(70200, 330200),
(70201, 330201),
(70202, 330202),
(70203, 330203),
(70204, 330204),
(70205, 330205),
(70206, 330206),
(70207, 330207),
(70208, 330208),
(70209, 330209),
(70210, 330210),
(70211, 330211),
(70212, 330212),
(70213, 330213),
(70214, 330214),
(70215, 330215),
(70216, 330216),
(70217, 330217),
(70218, 330218),
(70219, 330219),
(70220, 330220),
(70221, 330221),
(70222, 330222),
(70223, 330223),
(70224, 330224),
(70225, 330225),
(70226, 330226),
(70227, 330227),
(70228, 330228),
(70229, 330229),
(70230, 330230),
(70231, 330231),
(70232, 330232),
(70233, 330233),
(70234, 330234),
(70235, 330235),
(70236, 330236),
(70237, 330237),
(70238, 330238),
(70239, 330239),
(70240, 330240),
(70241, 330241),
(70242, 330242),
(70243, 330243),
(70244, 330244),
(70245, 330245),
(70246, 330246),
(70247, 330247),
(70248, 330248),
(70249, 330249),
(70250, 330250),
(70251, 330251),
(70252, 330252),
(70253, 330253),
(70254, 330254),
(70255, 330255),
(70256, 330256),
(70257, 330257),
(70258, 330258),
(70259, 330259),
(70260, 330260),
(70261, 330261),
(70262, 330262),
(70263, 330263),
(70264, 330264),
(70265, 330265),
(70266, 330266),
(70267, 330267),
(70268, 330268),
(70269, 330269),
(70270, 330270),
(70271, 330271),
(70272, 330272),
(70273, 330273),
(70274, 330274),
(70275, 330275),
(70276, 330276),
(70277, 330277),
(70278, 330278),
(70279, 330279),
(70280, 330280),
(70281, 330281),
(70282, 330282),
(70283, 330283),
(70284, 330284),
(70285, 330285),
(70286, 330286),
(70287, 330287),
(70288, 330288),
(70289, 330289),
(70290, 330290),
(70291, 330291),
(70292, 330292),
(70293, 330293),
(70294, 330294),
(70295, 330295),
(70296, 330296),
(70297, 330297),
(70298, 330298),
(70299, 330299),
(70300, 330300),
(70301, 330301),
(70302, 330302),
(70303, 330303),
(70304, 330304),
(70305, 330305),
(70306, 330306),
(70307, 330307),
(70308, 330308),
(70309, 330309),
(70310, 330310),
(70311, 330311),
(70312, 330312),
(70313, 330313),
(70314, 330314),
(70315, 330315),
(70316, 330316),
(70317, 330317),
(70318, 330318),
(70319, 330319),
(70320, 330320),
(70321, 330321),
(70322, 330322),
(70323, 330323),
(70324, 330324),
(70325, 330325),
(70326, 330326),
(70327, 330327),
(70328, 330328),
(70329, 330329),
(70330, 330330),
(70331, 330331),
(70332, 330332),
(70333, 330333),
(70334, 330334),
(70335, 330335),
(70336, 330336),
(70337, 330337),
(70338, 330338),
(70339, 330339),
(70340, 330340),
(70341, 330341),
(70342, 330342),
(70343, 330343),
(70344, 330344),
(70345, 330345),
(70346, 330346),
(70347, 330347),
(70348, 330348),
(70349, 330349),
(70350, 330350),
(70351, 330351),
(70352, 330352),
(70353, 330353),
(70354, 330354),
(70355, 330355),
(70356, 330356),
(70357, 330357),
(70358, 330358),
(70359, 330359),
(70360, 330360),
(70361, 330361),
(70362, 330362),
(70363, 330363),
(70364, 330364),
(70365, 330365),
(70366, 330366),
(70367, 330367),
(70368, 330368),
(70369, 330369),
(70370, 330370),
(70371, 330371),
(70372, 330372),
(70373, 330373),
(70374, 330374),
(70375, 330375),
(70376, 330376),
(70377, 330377),
(70378, 330378),
(70379, 330379),
(70380, 330380),
(70381, 330381),
(70382, 330382),
(70383, 330383),
(70384, 330384),
(70385, 330385),
(70386, 330386),
(70387, 330387),
(70388, 330388),
(70389, 330389),
(70390, 330390),
(70391, 330391),
(70392, 330392),
(70393, 330393),
(70394, 330394),
(70395, 330395),
(70396, 330396),
(70397, 330397),
(70398, 330398),
(70399, 330399),
(70400, 330400),
(70401, 330401),
(70402, 330402),
(70403, 330403),
(70404, 330404),
(70405, 330405),
(70406, 330406),
(70407, 330407),
(70408, 330408),
(70409, 330409),
(70410, 330410),
(70411, 330411),
(70412, 330412),
(70413, 330413),
(70414, 330414),
(70415, 330415),
(70416, 330416),
(70417, 330417),
(70418, 330418),
(70419, 330419),
(70420, 330420),
(70421, 330421),
(70422, 330422),
(70423, 330423),
(70424, 330424),
(70425, 330425),
(70426, 330426),
(70427, 330427),
(70428, 330428),
(70429, 330429),
(70430, 330430),
(70431, 330431),
(70432, 330432),
(70433, 330433),
(70434, 330434),
(70435, 330435),
(70436, 330436),
(70437, 330437),
(70438, 330438),
(70439, 330439),
(70440, 330440),
(70441, 330441),
(70442, 330442),
(70443, 330443),
(70444, 330444),
(70445, 330445),
(70446, 330446),
(70447, 330447),
(70448, 330448),
(70449, 330449),
(70450, 330450),
(70451, 330451),
(70452, 330452),
(70453, 330453),
(70454, 330454),
(70455, 330455),
(70456, 330456),
(70457, 330457),
(70458, 330458),
(70459, 330459),
(70460, 330460),
(70461, 330461),
(70462, 330462),
(70463, 330463),
(70464, 330464),
(70465, 330465),
(70466, 330466),
(70467, 330467),
(70468, 330468),
(70469, 330469),
(70470, 330470),
(70471, 330471),
(70472, 330472),
(70473, 330473),
(70474, 330474),
(70475, 330475),
(70476, 330476),
(70477, 330477),
(70478, 330478),
(70479, 330479),
(70480, 330480),
(70481, 330481),
(70482, 330482),
(70483, 330483),
(70484, 330484),
(70485, 330485),
(70486, 330486),
(70487, 330487),
(70488, 330488),
(70489, 330489),
(70490, 330490),
(70491, 330491),
(70492, 330492),
(70493, 330493),
(70494, 330494),
(70495, 330495),
(70496, 330496),
(70497, 330497),
(70498, 330498),
(70499, 330499),
(70500, 330500),
(70501, 330501),
(70502, 330502),
(70503, 330503),
(70504, 330504),
(70505, 330505),
(70506, 330506),
(70507, 330507),
(70508, 330508),
(70509, 330509),
(70510, 330510),
(70511, 330511),
(70512, 330512),
(70513, 330513),
(70514, 330514),
(70515, 330515),
(70516, 330516),
(70517, 330517),
(70518, 330518),
(70519, 330519),
(70520, 330520),
(70521, 330521),
(70522, 330522),
(70523, 330523),
(70524, 330524),
(70525, 330525),
(70526, 330526),
(70527, 330527),
(70528, 330528),
(70529, 330529),
(70530, 330530),
(70531, 330531),
(70532, 330532),
(70533, 330533),
(70534, 330534),
(70535, 330535),
(70536, 330536),
(70537, 330537),
(70538, 330538),
(70539, 330539),
(70540, 330540),
(70541, 330541),
(70542, 330542),
(70543, 330543),
(70544, 330544),
(70545, 330545),
(70546, 330546),
(70547, 330547),
(70548, 330548),
(70549, 330549),
(70550, 330550),
(70551, 330551),
(70552, 330552),
(70553, 330553),
(70554, 330554),
(70555, 330555),
(70556, 330556),
(70557, 330557),
(70558, 330558),
(70559, 330559),
(70560, 330560),
(70561, 330561),
(70562, 330562),
(70563, 330563),
(70564, 330564),
(70565, 330565),
(70566, 330566),
(70567, 330567),
(70568, 330568),
(70569, 330569),
(70570, 330570),
(70571, 330571),
(70572, 330572),
(70573, 330573),
(70574, 330574),
(70575, 330575),
(70576, 330576),
(70577, 330577),
(70578, 330578),
(70579, 330579),
(70580, 330580),
(70581, 330581),
(70582, 330582),
(70583, 330583),
(70584, 330584),
(70585, 330585),
(70586, 330586),
(70587, 330587),
(70588, 330588),
(70589, 330589),
(70590, 330590),
(70591, 330591),
(70592, 330592),
(70593, 330593),
(70594, 330594),
(70595, 330595),
(70596, 330596),
(70597, 330597),
(70598, 330598),
(70599, 330599),
(70600, 330600),
(70601, 330601),
(70602, 330602),
(70603, 330603),
(70604, 330604),
(70605, 330605),
(70606, 330606),
(70607, 330607),
(70608, 330608),
(70609, 330609),
(70610, 330610),
(70611, 330611),
(70612, 330612),
(70613, 330613),
(70614, 330614),
(70615, 330615),
(70616, 330616),
(70617, 330617),
(70618, 330618),
(70619, 330619),
(70620, 330620),
(70621, 330621),
(70622, 330622),
(70623, 330623),
(70624, 330624),
(70625, 330625),
(70626, 330626),
(70627, 330627),
(70628, 330628),
(70629, 330629),
(70630, 330630);

-- --------------------------------------------------------

--
-- Estructura de tabla para la tabla `cita_medica`
--

CREATE TABLE `cita_medica` (
  `id` int(11) NOT NULL,
  `id_paciente` int(11) DEFAULT NULL,
  `id_shc` int(11) DEFAULT NULL,
  `id_medico` int(11) DEFAULT NULL,
  `valor` int(11) DEFAULT NULL,
  `fecha` date DEFAULT NULL,
  `hora` time DEFAULT NULL,
  `id_estado` int(11) DEFAULT NULL
) ENGINE=InnoDB DEFAULT CHARSET=latin1;

--
-- Volcado de datos para la tabla `cita_medica`
--

INSERT INTO `cita_medica` (`id`, `id_paciente`, `id_shc`, `id_medico`, `valor`, `fecha`, `hora`, `id_estado`) VALUES
(330001, 52709511, 1022, 80001, 2000, '2018-03-01', '08:00:00', 5004),
(330002, 52709512, 1022, 80001, 0, '2018-03-02', '09:00:00', 5005),
(330003, 52709513, 1022, 80001, 10000, '2018-03-03', '10:00:00', 5006),
(330004, 52709514, 1022, 80001, 20000, '2018-03-04', '11:00:00', 5004),
(330005, 52709515, 1022, 80001, 0, '2018-03-05', '12:00:00', 5005),
(330006, 52709516, 1022, 80001, 10000, '2018-03-06', '13:00:00', 5006),
(330007, 52709517, 1022, 80001, 2000, '2018-03-07', '14:00:00', 5004),
(330008, 52709518, 1022, 80001, 0, '2018-03-08', '15:00:00', 5005),
(330009, 52709519, 1022, 80001, 10000, '2018-03-09', '16:00:00', 5006),
(330010, 52709520, 1022, 80001, 20000, '2018-03-10', '17:00:00', 5004),
(330011, 52709521, 1022, 80002, 0, '2018-03-11', '18:00:00', 5005),
(330012, 52709522, 1022, 80002, 10000, '2018-03-12', '19:00:00', 5006),
(330013, 52709523, 1022, 80002, 2000, '2018-03-13', '20:00:00', 5004),
(330014, 52709524, 1022, 80002, 0, '2018-03-14', '21:00:00', 5005),
(330015, 52709525, 1022, 80002, 10000, '2018-03-15', '22:00:00', 5006),
(330016, 52709526, 1022, 80002, 20000, '2018-03-16', '23:00:00', 5004),
(330017, 52709527, 1022, 80002, 0, '2018-03-17', '00:00:00', 5005),
(330018, 52709528, 1022, 80002, 10000, '2018-03-18', '01:00:00', 5006),
(330019, 52709529, 1022, 80003, 2000, '2018-03-19', '02:00:00', 5004),
(330020, 52709530, 1022, 80003, 0, '2018-03-20', '03:00:00', 5005),
(330021, 52709531, 1022, 80003, 10000, '2018-03-21', '04:00:00', 5006),
(330022, 52709532, 1022, 80003, 20000, '2018-03-22', '05:00:00', 5004),
(330023, 52709533, 1022, 80003, 0, '2018-03-23', '06:00:00', 5005),
(330024, 52709534, 1022, 80003, 10000, '2018-03-24', '07:00:00', 5006),
(330025, 52709535, 1022, 80003, 2000, '2018-03-25', '08:00:00', 5004),
(330026, 52709536, 1022, 80003, 0, '2018-03-26', '09:00:00', 5005),
(330027, 52709537, 1022, 80004, 10000, '2018-03-27', '10:00:00', 5006),
(330028, 52709538, 1022, 80004, 20000, '2018-03-28', '11:00:00', 5004),
(330029, 52709539, 1022, 80004, 0, '2018-03-29', '12:00:00', 5005),
(330030, 52709540, 1022, 80004, 10000, '2018-03-30', '13:00:00', 5006),
(330031, 52709541, 1022, 80004, 2000, '2018-03-31', '14:00:00', 5004),
(330032, 52709542, 1022, 80004, 0, '2018-04-01', '15:00:00', 5005),
(330033, 52709543, 1022, 80004, 10000, '2018-04-02', '16:00:00', 5006),
(330034, 52709544, 1022, 80004, 20000, '2018-04-03', '17:00:00', 5004),
(330035, 52709545, 1022, 80005, 0, '2018-04-04', '18:00:00', 5005),
(330036, 52709546, 1022, 80005, 10000, '2018-04-05', '19:00:00', 5006),
(330037, 52709547, 1022, 80005, 2000, '2018-04-06', '20:00:00', 5004),
(330038, 52709548, 1022, 80005, 0, '2018-04-07', '21:00:00', 5005),
(330039, 52709549, 1022, 80005, 10000, '2018-04-08', '22:00:00', 5006),
(330040, 52709550, 1022, 80005, 20000, '2018-04-09', '23:00:00', 5004),
(330041, 52709551, 1022, 80005, 0, '2018-04-10', '00:00:00', 5005),
(330042, 52709552, 1022, 80005, 10000, '2018-04-11', '01:00:00', 5006),
(330043, 52709553, 1022, 80006, 2000, '2018-04-12', '02:00:00', 5004),
(330044, 52709554, 1022, 80006, 0, '2018-04-13', '03:00:00', 5005),
(330045, 52709555, 1022, 80006, 10000, '2018-04-14', '04:00:00', 5006),
(330046, 52709556, 1022, 80006, 20000, '2018-04-15', '05:00:00', 5004),
(330047, 52709557, 1022, 80006, 0, '2018-04-16', '06:00:00', 5005),
(330048, 52709558, 1022, 80006, 10000, '2018-04-17', '07:00:00', 5006),
(330049, 52709559, 1022, 80006, 2000, '2018-04-18', '08:00:00', 5004),
(330050, 52709560, 1022, 80006, 0, '2018-04-19', '09:00:00', 5005),
(330051, 52709561, 1022, 80007, 10000, '2018-04-20', '10:00:00', 5006),
(330052, 52709562, 1022, 80007, 20000, '2018-04-21', '11:00:00', 5004),
(330053, 52709563, 1022, 80007, 0, '2018-04-22', '12:00:00', 5005),
(330054, 52709564, 1022, 80007, 10000, '2018-04-23', '13:00:00', 5006),
(330055, 52709565, 1022, 80007, 2000, '2018-04-24', '14:00:00', 5004),
(330056, 52709566, 1022, 80007, 0, '2018-04-25', '15:00:00', 5005),
(330057, 52709567, 1022, 80007, 10000, '2018-04-26', '16:00:00', 5006),
(330058, 52709568, 1022, 80007, 20000, '2018-04-27', '17:00:00', 5004),
(330059, 52709569, 1022, 80007, 0, '2018-04-28', '18:00:00', 5005),
(330060, 52709570, 1022, 80007, 10000, '2018-04-29', '19:00:00', 5006),
(330061, 52709571, 1023, 80008, 2000, '2018-04-30', '20:00:00', 5004),
(330062, 52709572, 1023, 80008, 0, '2018-05-01', '21:00:00', 5005),
(330063, 52709573, 1023, 80008, 10000, '2018-05-02', '22:00:00', 5006),
(330064, 52709574, 1023, 80008, 20000, '2018-05-03', '23:00:00', 5004),
(330065, 52709575, 1023, 80008, 0, '2018-05-04', '00:00:00', 5005),
(330066, 52709576, 1023, 80008, 10000, '2018-05-05', '01:00:00', 5006),
(330067, 52709577, 1023, 80008, 2000, '2018-05-06', '02:00:00', 5004),
(330068, 52709578, 1023, 80008, 0, '2018-05-07', '03:00:00', 5005),
(330069, 52709579, 1023, 80009, 10000, '2018-05-08', '04:00:00', 5006),
(330070, 52709580, 1023, 80009, 20000, '2018-05-09', '05:00:00', 5004),
(330071, 52709581, 1023, 80009, 0, '2018-05-10', '06:00:00', 5005),
(330072, 52709582, 1023, 80009, 10000, '2018-05-11', '07:00:00', 5006),
(330073, 52709583, 1023, 80009, 2000, '2018-05-12', '08:00:00', 5004),
(330074, 52709584, 1023, 80009, 0, '2018-05-13', '09:00:00', 5005),
(330075, 52709585, 1023, 80009, 10000, '2018-05-14', '10:00:00', 5006),
(330076, 52709586, 1023, 80009, 20000, '2018-05-15', '11:00:00', 5004),
(330077, 52709587, 1023, 80009, 0, '2018-05-16', '12:00:00', 5005),
(330078, 52709588, 1023, 80009, 10000, '2018-05-17', '13:00:00', 5006),
(330079, 52709589, 1023, 80010, 2000, '2018-05-18', '14:00:00', 5004),
(330080, 52709590, 1023, 80010, 0, '2018-05-19', '15:00:00', 5005),
(330081, 52709591, 1023, 80010, 10000, '2018-05-20', '16:00:00', 5006),
(330082, 52709592, 1023, 80010, 20000, '2018-05-21', '17:00:00', 5004),
(330083, 52709593, 1023, 80010, 0, '2018-05-22', '18:00:00', 5005),
(330084, 52709594, 1023, 80010, 10000, '2018-05-23', '19:00:00', 5006),
(330085, 52709595, 1023, 80010, 2000, '2018-05-24', '20:00:00', 5004),
(330086, 52709596, 1023, 80010, 0, '2018-05-25', '21:00:00', 5005),
(330087, 52709597, 1023, 80010, 10000, '2018-05-26', '22:00:00', 5006),
(330088, 52709598, 1023, 80010, 20000, '2018-05-27', '23:00:00', 5004),
(330089, 52709599, 1023, 80011, 0, '2018-05-28', '00:00:00', 5005),
(330090, 52709600, 1023, 80011, 10000, '2018-05-29', '01:00:00', 5006),
(330091, 52709601, 1023, 80011, 2000, '2018-05-30', '02:00:00', 5004),
(330092, 52709602, 1023, 80011, 0, '2018-05-31', '03:00:00', 5005),
(330093, 52709603, 1023, 80011, 10000, '2018-06-01', '04:00:00', 5006),
(330094, 52709604, 1023, 80011, 20000, '2018-06-02', '05:00:00', 5004),
(330095, 52709605, 1023, 80011, 0, '2018-06-03', '06:00:00', 5005),
(330096, 52709606, 1023, 80011, 10000, '2018-06-04', '07:00:00', 5006),
(330097, 52709607, 1023, 80012, 2000, '2018-06-05', '08:00:00', 5004),
(330098, 52709608, 1023, 80012, 0, '2018-06-06', '09:00:00', 5005),
(330099, 52709609, 1023, 80012, 10000, '2018-06-07', '10:00:00', 5006),
(330100, 52709610, 1023, 80012, 20000, '2018-06-08', '11:00:00', 5004),
(330101, 52709611, 1023, 80012, 0, '2018-06-09', '12:00:00', 5005),
(330102, 52709612, 1023, 80012, 10000, '2018-06-10', '13:00:00', 5006),
(330103, 52709613, 1023, 80012, 2000, '2018-06-11', '14:00:00', 5004),
(330104, 52709614, 1023, 80012, 0, '2018-06-12', '15:00:00', 5005),
(330105, 52709615, 1023, 80013, 10000, '2018-06-13', '16:00:00', 5006),
(330106, 52709616, 1023, 80013, 20000, '2018-06-14', '17:00:00', 5004),
(330107, 52709617, 1023, 80013, 0, '2018-06-15', '18:00:00', 5005),
(330108, 52709618, 1023, 80013, 10000, '2018-06-16', '19:00:00', 5006),
(330109, 52709619, 1023, 80013, 2000, '2018-06-17', '20:00:00', 5004),
(330110, 52709620, 1023, 80013, 0, '2018-06-18', '21:00:00', 5005),
(330111, 52709621, 1023, 80013, 10000, '2018-06-19', '22:00:00', 5006),
(330112, 52709622, 1023, 80013, 20000, '2018-06-20', '23:00:00', 5004),
(330113, 52709623, 1023, 80014, 0, '2018-06-21', '00:00:00', 5005),
(330114, 52709624, 1023, 80014, 10000, '2018-06-22', '01:00:00', 5006),
(330115, 52709625, 1023, 80014, 2000, '2018-06-23', '02:00:00', 5004),
(330116, 52709626, 1023, 80014, 0, '2018-06-24', '03:00:00', 5005),
(330117, 52709627, 1023, 80014, 10000, '2018-06-25', '04:00:00', 5006),
(330118, 52709628, 1023, 80014, 20000, '2018-06-26', '05:00:00', 5004),
(330119, 52709629, 1023, 80014, 0, '2018-06-27', '06:00:00', 5005),
(330120, 52709630, 1023, 80014, 10000, '2018-06-28', '07:00:00', 5006),
(330121, 52709631, 1024, 80015, 2000, '2018-06-29', '08:00:00', 5004),
(330122, 52709632, 1024, 80015, 0, '2018-06-30', '09:00:00', 5005),
(330123, 52709633, 1024, 80015, 10000, '2018-07-01', '10:00:00', 5006),
(330124, 52709634, 1024, 80015, 20000, '2018-07-02', '11:00:00', 5004),
(330125, 52709635, 1024, 80015, 0, '2018-07-03', '12:00:00', 5005),
(330126, 52709636, 1024, 80015, 10000, '2018-07-04', '13:00:00', 5006),
(330127, 52709637, 1024, 80015, 2000, '2018-07-05', '14:00:00', 5004),
(330128, 52709638, 1024, 80015, 0, '2018-07-06', '15:00:00', 5005),
(330129, 52709639, 1024, 80015, 10000, '2018-07-07', '16:00:00', 5006),
(330130, 52709640, 1024, 80015, 20000, '2018-07-08', '17:00:00', 5004),
(330131, 52709641, 1024, 80016, 0, '2018-07-09', '18:00:00', 5005),
(330132, 52709642, 1024, 80016, 10000, '2018-07-10', '19:00:00', 5006),
(330133, 52709643, 1024, 80016, 2000, '2018-07-11', '20:00:00', 5004),
(330134, 52709644, 1024, 80016, 0, '2018-07-12', '21:00:00', 5005),
(330135, 52709645, 1024, 80016, 10000, '2018-07-13', '22:00:00', 5006),
(330136, 52709646, 1024, 80016, 20000, '2018-07-14', '23:00:00', 5004),
(330137, 52709647, 1024, 80016, 0, '2018-07-15', '00:00:00', 5005),
(330138, 52709648, 1024, 80016, 10000, '2018-07-16', '01:00:00', 5006),
(330139, 52709649, 1024, 80016, 2000, '2018-07-17', '02:00:00', 5004),
(330140, 52709650, 1024, 80016, 0, '2018-07-18', '03:00:00', 5005),
(330141, 52709651, 1024, 80017, 10000, '2018-07-19', '04:00:00', 5006),
(330142, 52709652, 1024, 80017, 20000, '2018-07-20', '05:00:00', 5004),
(330143, 52709653, 1024, 80017, 0, '2018-07-21', '06:00:00', 5005),
(330144, 52709654, 1024, 80017, 10000, '2018-07-22', '07:00:00', 5006),
(330145, 52709655, 1024, 80017, 2000, '2018-07-23', '08:00:00', 5004),
(330146, 52709656, 1024, 80017, 0, '2018-07-24', '09:00:00', 5005),
(330147, 52709657, 1024, 80017, 10000, '2018-07-25', '10:00:00', 5006),
(330148, 52709658, 1024, 80017, 20000, '2018-07-26', '11:00:00', 5004),
(330149, 52709659, 1024, 80018, 0, '2018-07-27', '12:00:00', 5005),
(330150, 52709660, 1024, 80018, 10000, '2018-07-28', '13:00:00', 5006),
(330151, 52709661, 1024, 80018, 2000, '2018-07-29', '14:00:00', 5004),
(330152, 52709662, 1024, 80018, 0, '2018-07-30', '15:00:00', 5005),
(330153, 52709663, 1024, 80018, 10000, '2018-07-31', '16:00:00', 5006),
(330154, 52709664, 1024, 80018, 20000, '2018-08-01', '17:00:00', 5004),
(330155, 52709665, 1024, 80018, 0, '2018-08-02', '18:00:00', 5005),
(330156, 52709666, 1024, 80018, 10000, '2018-08-03', '19:00:00', 5006),
(330157, 52709667, 1024, 80019, 2000, '2018-08-04', '20:00:00', 5004),
(330158, 52709668, 1024, 80019, 0, '2018-08-05', '21:00:00', 5005),
(330159, 52709669, 1024, 80019, 10000, '2018-08-06', '22:00:00', 5006),
(330160, 52709670, 1024, 80019, 20000, '2018-08-07', '23:00:00', 5004),
(330161, 52709671, 1024, 80019, 0, '2018-08-08', '00:00:00', 5005),
(330162, 52709672, 1024, 80019, 10000, '2018-08-09', '01:00:00', 5006),
(330163, 52709673, 1024, 80019, 2000, '2018-08-10', '02:00:00', 5004),
(330164, 52709674, 1024, 80019, 0, '2018-08-11', '03:00:00', 5005),
(330165, 52709675, 1024, 80020, 10000, '2018-08-12', '04:00:00', 5006),
(330166, 52709676, 1024, 80020, 20000, '2018-08-13', '05:00:00', 5004),
(330167, 52709677, 1024, 80020, 0, '2018-08-14', '06:00:00', 5005),
(330168, 52709678, 1024, 80020, 10000, '2018-08-15', '07:00:00', 5006),
(330169, 52709679, 1024, 80020, 2000, '2018-08-16', '08:00:00', 5004),
(330170, 52709680, 1024, 80020, 0, '2018-08-17', '09:00:00', 5005),
(330171, 52709681, 1024, 80020, 10000, '2018-08-18', '10:00:00', 5006),
(330172, 52709682, 1024, 80020, 20000, '2018-08-19', '11:00:00', 5004),
(330173, 52709683, 1024, 80021, 0, '2018-08-20', '12:00:00', 5005),
(330174, 52709684, 1024, 80021, 10000, '2018-08-21', '13:00:00', 5006),
(330175, 52709685, 1024, 80021, 2000, '2018-08-22', '14:00:00', 5004),
(330176, 52709686, 1024, 80021, 0, '2018-08-23', '15:00:00', 5005),
(330177, 52709687, 1024, 80021, 10000, '2018-08-24', '16:00:00', 5006),
(330178, 52709688, 1024, 80021, 20000, '2018-08-25', '17:00:00', 5004),
(330179, 52709689, 1024, 80021, 0, '2018-08-26', '18:00:00', 5005),
(330180, 52709690, 1024, 80021, 10000, '2018-08-27', '19:00:00', 5006),
(330181, 52709691, 1025, 80022, 2000, '2018-08-28', '20:00:00', 5004),
(330182, 52709692, 1025, 80022, 0, '2018-08-29', '21:00:00', 5005),
(330183, 52709693, 1025, 80022, 10000, '2018-08-30', '22:00:00', 5006),
(330184, 52709694, 1025, 80022, 20000, '2018-08-31', '23:00:00', 5004),
(330185, 52709695, 1025, 80022, 0, '2018-09-01', '00:00:00', 5005),
(330186, 52709696, 1025, 80022, 10000, '2018-09-02', '01:00:00', 5006),
(330187, 52709697, 1025, 80022, 2000, '2018-09-03', '02:00:00', 5004),
(330188, 52709698, 1025, 80022, 0, '2018-09-04', '03:00:00', 5005),
(330189, 52709699, 1025, 80022, 10000, '2018-09-05', '04:00:00', 5006),
(330190, 52709700, 1025, 80022, 20000, '2018-09-06', '05:00:00', 5004),
(330191, 52709701, 1025, 80023, 0, '2018-09-07', '06:00:00', 5005),
(330192, 52709702, 1025, 80023, 10000, '2018-09-08', '07:00:00', 5006),
(330193, 52709703, 1025, 80023, 2000, '2018-09-09', '08:00:00', 5004),
(330194, 52709704, 1025, 80023, 0, '2018-09-10', '09:00:00', 5005),
(330195, 52709705, 1025, 80023, 10000, '2018-09-11', '10:00:00', 5006),
(330196, 52709706, 1025, 80023, 20000, '2018-09-12', '11:00:00', 5004),
(330197, 52709707, 1025, 80023, 0, '2018-09-13', '12:00:00', 5005),
(330198, 52709708, 1025, 80023, 10000, '2018-09-14', '13:00:00', 5006),
(330199, 52709709, 1025, 80023, 2000, '2018-09-15', '14:00:00', 5004),
(330200, 52709710, 1025, 80023, 0, '2018-09-16', '15:00:00', 5005),
(330201, 52709711, 1025, 80024, 10000, '2018-09-17', '16:00:00', 5006),
(330202, 52709712, 1025, 80024, 20000, '2018-09-18', '17:00:00', 5004),
(330203, 52709713, 1025, 80024, 0, '2018-09-19', '18:00:00', 5005),
(330204, 52709714, 1025, 80024, 10000, '2018-09-20', '19:00:00', 5006),
(330205, 52709715, 1025, 80024, 2000, '2018-09-21', '20:00:00', 5004),
(330206, 52709716, 1025, 80024, 0, '2018-09-22', '21:00:00', 5005),
(330207, 52709717, 1025, 80024, 10000, '2018-09-23', '22:00:00', 5006),
(330208, 52709718, 1025, 80024, 20000, '2018-09-24', '23:00:00', 5004),
(330209, 52709719, 1025, 80025, 0, '2018-09-25', '00:00:00', 5005),
(330210, 52709720, 1025, 80025, 10000, '2018-09-26', '01:00:00', 5006),
(330211, 52709721, 1025, 80025, 2000, '2018-09-27', '02:00:00', 5004),
(330212, 52709722, 1025, 80025, 0, '2018-09-28', '03:00:00', 5005),
(330213, 52709723, 1025, 80025, 10000, '2018-09-29', '04:00:00', 5006),
(330214, 52709724, 1025, 80025, 20000, '2018-09-30', '05:00:00', 5004),
(330215, 52709725, 1025, 80025, 0, '2018-10-01', '06:00:00', 5005),
(330216, 52709726, 1025, 80025, 10000, '2018-10-02', '07:00:00', 5006),
(330217, 52709727, 1025, 80026, 2000, '2018-10-03', '08:00:00', 5004),
(330218, 52709728, 1025, 80026, 0, '2018-10-04', '09:00:00', 5005),
(330219, 52709729, 1025, 80026, 10000, '2018-10-05', '10:00:00', 5006),
(330220, 52709730, 1025, 80026, 20000, '2018-10-06', '11:00:00', 5004),
(330221, 52709731, 1025, 80026, 0, '2018-10-07', '12:00:00', 5005),
(330222, 52709732, 1025, 80026, 10000, '2018-10-08', '13:00:00', 5006),
(330223, 52709733, 1025, 80026, 2000, '2018-10-09', '14:00:00', 5004),
(330224, 52709734, 1025, 80026, 0, '2018-10-10', '15:00:00', 5005),
(330225, 52709735, 1025, 80027, 10000, '2018-10-11', '16:00:00', 5006),
(330226, 52709736, 1025, 80027, 20000, '2018-10-12', '17:00:00', 5004),
(330227, 52709737, 1025, 80027, 0, '2018-10-13', '18:00:00', 5005),
(330228, 52709738, 1025, 80027, 10000, '2018-10-14', '19:00:00', 5006),
(330229, 52709739, 1025, 80027, 2000, '2018-10-15', '20:00:00', 5004),
(330230, 52709740, 1025, 80027, 0, '2018-10-16', '21:00:00', 5005),
(330231, 52709741, 1025, 80027, 10000, '2018-10-17', '22:00:00', 5006),
(330232, 52709742, 1025, 80027, 20000, '2018-10-18', '23:00:00', 5004),
(330233, 52709743, 1025, 80028, 0, '2018-10-19', '00:00:00', 5005),
(330234, 52709744, 1025, 80028, 10000, '2018-10-20', '01:00:00', 5006),
(330235, 52709745, 1025, 80028, 2000, '2018-10-21', '02:00:00', 5004),
(330236, 52709746, 1025, 80028, 0, '2018-10-22', '03:00:00', 5005),
(330237, 52709747, 1025, 80028, 10000, '2018-10-23', '04:00:00', 5006),
(330238, 52709748, 1025, 80028, 20000, '2018-10-24', '05:00:00', 5004),
(330239, 52709749, 1025, 80028, 0, '2018-10-25', '06:00:00', 5005),
(330240, 52709750, 1025, 80028, 10000, '2018-10-26', '07:00:00', 5006),
(330241, 52709751, 1026, 80029, 2000, '2018-10-27', '08:00:00', 5004),
(330242, 52709752, 1026, 80029, 0, '2018-10-28', '09:00:00', 5005),
(330243, 52709753, 1026, 80029, 10000, '2018-10-29', '10:00:00', 5006),
(330244, 52709754, 1026, 80029, 20000, '2018-10-30', '11:00:00', 5004),
(330245, 52709755, 1026, 80029, 0, '2018-10-31', '12:00:00', 5005),
(330246, 52709756, 1026, 80029, 10000, '2018-11-01', '13:00:00', 5006),
(330247, 52709757, 1026, 80029, 2000, '2018-11-02', '14:00:00', 5004),
(330248, 52709758, 1026, 80029, 0, '2018-11-03', '15:00:00', 5005),
(330249, 52709759, 1026, 80029, 10000, '2018-11-04', '16:00:00', 5006),
(330250, 52709760, 1026, 80029, 20000, '2018-11-05', '17:00:00', 5004),
(330251, 52709761, 1026, 80030, 0, '2018-11-06', '18:00:00', 5005),
(330252, 52709762, 1026, 80030, 10000, '2018-11-07', '19:00:00', 5006),
(330253, 52709763, 1026, 80030, 2000, '2018-11-08', '20:00:00', 5004),
(330254, 52709764, 1026, 80030, 0, '2018-11-09', '21:00:00', 5005),
(330255, 52709765, 1026, 80030, 10000, '2018-11-10', '22:00:00', 5006),
(330256, 52709766, 1026, 80030, 20000, '2018-11-11', '23:00:00', 5004),
(330257, 52709767, 1026, 80030, 0, '2018-11-12', '00:00:00', 5005),
(330258, 52709768, 1026, 80030, 10000, '2018-11-13', '01:00:00', 5006),
(330259, 52709769, 1026, 80030, 2000, '2018-11-14', '02:00:00', 5004),
(330260, 52709770, 1026, 80030, 0, '2018-11-15', '03:00:00', 5005),
(330261, 52709771, 1026, 80031, 10000, '2018-11-16', '04:00:00', 5006),
(330262, 52709772, 1026, 80031, 20000, '2018-11-17', '05:00:00', 5004),
(330263, 52709773, 1026, 80031, 0, '2018-11-18', '06:00:00', 5005),
(330264, 52709774, 1026, 80031, 10000, '2018-11-19', '07:00:00', 5006),
(330265, 52709775, 1026, 80031, 2000, '2018-11-20', '08:00:00', 5004),
(330266, 52709776, 1026, 80031, 0, '2018-11-21', '09:00:00', 5005),
(330267, 52709777, 1026, 80031, 10000, '2018-11-22', '10:00:00', 5006),
(330268, 52709778, 1026, 80031, 20000, '2018-11-23', '11:00:00', 5004),
(330269, 52709779, 1026, 80032, 0, '2018-11-24', '12:00:00', 5005),
(330270, 52709780, 1026, 80032, 10000, '2018-11-25', '13:00:00', 5006),
(330271, 52709781, 1026, 80032, 2000, '2018-11-26', '14:00:00', 5004),
(330272, 52709782, 1026, 80032, 0, '2018-11-27', '15:00:00', 5005),
(330273, 52709783, 1026, 80032, 10000, '2018-11-28', '16:00:00', 5006),
(330274, 52709784, 1026, 80032, 20000, '2018-11-29', '17:00:00', 5004),
(330275, 52709785, 1026, 80032, 0, '2018-11-30', '18:00:00', 5005),
(330276, 52709786, 1026, 80032, 10000, '2018-12-01', '19:00:00', 5006),
(330277, 52709787, 1026, 80033, 2000, '2018-12-02', '20:00:00', 5004),
(330278, 52709788, 1026, 80033, 0, '2018-12-03', '21:00:00', 5005),
(330279, 52709789, 1026, 80033, 10000, '2018-12-04', '22:00:00', 5006),
(330280, 52709790, 1026, 80033, 20000, '2018-12-05', '23:00:00', 5004),
(330281, 52709791, 1026, 80033, 0, '2018-12-06', '00:00:00', 5005),
(330282, 52709792, 1026, 80033, 10000, '2018-12-07', '01:00:00', 5006),
(330283, 52709793, 1026, 80033, 2000, '2018-12-08', '02:00:00', 5004),
(330284, 52709794, 1026, 80033, 0, '2018-12-09', '03:00:00', 5005),
(330285, 52709795, 1026, 80034, 10000, '2018-12-10', '04:00:00', 5006),
(330286, 52709796, 1026, 80034, 20000, '2018-12-11', '05:00:00', 5004),
(330287, 52709797, 1026, 80034, 0, '2018-12-12', '06:00:00', 5005),
(330288, 52709798, 1026, 80034, 10000, '2018-12-13', '07:00:00', 5006),
(330289, 52709799, 1026, 80034, 2000, '2018-12-14', '08:00:00', 5004),
(330290, 52709800, 1026, 80034, 0, '2018-12-15', '09:00:00', 5005),
(330291, 52709801, 1026, 80034, 10000, '2018-12-16', '10:00:00', 5006),
(330292, 52709802, 1026, 80034, 20000, '2018-12-17', '11:00:00', 5004),
(330293, 52709803, 1026, 80035, 0, '2018-12-18', '12:00:00', 5005),
(330294, 52709804, 1026, 80035, 10000, '2018-12-19', '13:00:00', 5006),
(330295, 52709805, 1026, 80035, 2000, '2018-12-20', '14:00:00', 5004),
(330296, 52709806, 1026, 80035, 0, '2018-12-21', '15:00:00', 5005),
(330297, 52709807, 1026, 80035, 10000, '2018-12-22', '16:00:00', 5006),
(330298, 52709808, 1026, 80035, 20000, '2018-12-23', '17:00:00', 5004),
(330299, 52709809, 1026, 80035, 0, '2018-12-24', '18:00:00', 5005),
(330300, 52709810, 1026, 80035, 10000, '2018-12-25', '19:00:00', 5006),
(330301, 52709811, 1027, 80036, 2000, '2018-12-26', '20:00:00', 5004),
(330302, 52709812, 1027, 80036, 0, '2018-12-27', '21:00:00', 5005),
(330303, 52709813, 1027, 80036, 10000, '2018-12-28', '22:00:00', 5006),
(330304, 52709814, 1027, 80036, 20000, '2018-12-29', '23:00:00', 5004),
(330305, 52709815, 1027, 80036, 0, '2018-12-30', '00:00:00', 5005),
(330306, 52709816, 1027, 80036, 10000, '2018-12-31', '01:00:00', 5006),
(330307, 52709817, 1027, 80036, 2000, '2019-01-01', '02:00:00', 5004),
(330308, 52709818, 1027, 80036, 0, '2019-01-02', '03:00:00', 5005),
(330309, 52709819, 1027, 80036, 10000, '2019-01-03', '04:00:00', 5006),
(330310, 52709820, 1027, 80036, 20000, '2019-01-04', '05:00:00', 5004),
(330311, 52709821, 1027, 80037, 0, '2019-01-05', '06:00:00', 5005),
(330312, 52709822, 1027, 80037, 10000, '2019-01-06', '07:00:00', 5006),
(330313, 52709823, 1027, 80037, 2000, '2019-01-07', '08:00:00', 5004),
(330314, 52709824, 1027, 80037, 0, '2019-01-08', '09:00:00', 5005),
(330315, 52709825, 1027, 80037, 10000, '2019-01-09', '10:00:00', 5006),
(330316, 52709826, 1027, 80037, 20000, '2019-01-10', '11:00:00', 5004),
(330317, 52709827, 1027, 80037, 0, '2019-01-11', '12:00:00', 5005),
(330318, 52709828, 1027, 80037, 10000, '2019-01-12', '13:00:00', 5006),
(330319, 52709829, 1027, 80037, 2000, '2019-01-13', '14:00:00', 5004),
(330320, 52709830, 1027, 80037, 0, '2019-01-14', '15:00:00', 5005),
(330321, 52709831, 1027, 80038, 10000, '2019-01-15', '16:00:00', 5006),
(330322, 52709832, 1027, 80038, 20000, '2019-01-16', '17:00:00', 5004),
(330323, 52709833, 1027, 80038, 0, '2019-01-17', '18:00:00', 5005),
(330324, 52709834, 1027, 80038, 10000, '2019-01-18', '19:00:00', 5006),
(330325, 52709835, 1027, 80038, 2000, '2019-01-19', '20:00:00', 5004),
(330326, 52709836, 1027, 80038, 0, '2019-01-20', '21:00:00', 5005),
(330327, 52709837, 1027, 80038, 10000, '2019-01-21', '22:00:00', 5006),
(330328, 52709838, 1027, 80038, 20000, '2019-01-22', '23:00:00', 5004),
(330329, 52709839, 1027, 80039, 0, '2019-01-23', '00:00:00', 5005),
(330330, 52709840, 1027, 80039, 10000, '2019-01-24', '01:00:00', 5006),
(330331, 52709841, 1027, 80039, 2000, '2019-01-25', '02:00:00', 5004),
(330332, 52709842, 1027, 80039, 0, '2019-01-26', '03:00:00', 5005),
(330333, 52709843, 1027, 80039, 10000, '2019-01-27', '04:00:00', 5006),
(330334, 52709844, 1027, 80039, 20000, '2019-01-28', '05:00:00', 5004),
(330335, 52709845, 1027, 80039, 0, '2019-01-29', '06:00:00', 5005),
(330336, 52709846, 1027, 80039, 10000, '2019-01-30', '07:00:00', 5006),
(330337, 52709847, 1027, 80040, 2000, '2019-01-31', '08:00:00', 5004),
(330338, 52709848, 1027, 80040, 0, '2019-02-01', '09:00:00', 5005),
(330339, 52709849, 1027, 80040, 10000, '2019-02-02', '10:00:00', 5006),
(330340, 52709850, 1027, 80040, 20000, '2019-02-03', '11:00:00', 5004),
(330341, 52709851, 1027, 80040, 0, '2019-02-04', '12:00:00', 5005),
(330342, 52709852, 1027, 80040, 10000, '2019-02-05', '13:00:00', 5006),
(330343, 52709853, 1027, 80040, 2000, '2019-02-06', '14:00:00', 5004),
(330344, 52709854, 1027, 80040, 0, '2019-02-07', '15:00:00', 5005),
(330345, 52709855, 1027, 80041, 10000, '2019-02-08', '16:00:00', 5006),
(330346, 52709856, 1027, 80041, 20000, '2019-02-09', '17:00:00', 5004),
(330347, 52709857, 1027, 80041, 0, '2019-02-10', '18:00:00', 5005),
(330348, 52709858, 1027, 80041, 10000, '2019-02-11', '19:00:00', 5006),
(330349, 52709859, 1027, 80041, 2000, '2019-02-12', '20:00:00', 5004),
(330350, 52709860, 1027, 80041, 0, '2019-02-13', '21:00:00', 5005),
(330351, 52709861, 1027, 80041, 10000, '2019-02-14', '22:00:00', 5006),
(330352, 52709862, 1027, 80041, 20000, '2019-02-15', '23:00:00', 5004),
(330353, 52709863, 1027, 80042, 0, '2019-02-16', '00:00:00', 5005),
(330354, 52709864, 1027, 80042, 10000, '2019-02-17', '01:00:00', 5006),
(330355, 52709865, 1027, 80042, 2000, '2019-02-18', '02:00:00', 5004),
(330356, 52709866, 1027, 80042, 0, '2019-02-19', '03:00:00', 5005),
(330357, 52709867, 1027, 80042, 10000, '2019-02-20', '04:00:00', 5006),
(330358, 52709868, 1027, 80042, 20000, '2019-02-21', '05:00:00', 5004),
(330359, 52709869, 1027, 80042, 0, '2019-02-22', '06:00:00', 5005),
(330360, 52709870, 1027, 80042, 10000, '2019-02-23', '07:00:00', 5006),
(330361, 52709871, 1028, 80043, 2000, '2019-02-24', '08:00:00', 5004),
(330362, 52709872, 1028, 80043, 0, '2019-02-25', '09:00:00', 5005),
(330363, 52709873, 1028, 80043, 10000, '2019-02-26', '10:00:00', 5006),
(330364, 52709874, 1028, 80043, 20000, '2019-02-27', '11:00:00', 5004),
(330365, 52709875, 1028, 80043, 0, '2019-02-28', '12:00:00', 5005),
(330366, 52709876, 1028, 80043, 10000, '2019-03-01', '13:00:00', 5006),
(330367, 52709877, 1028, 80043, 2000, '2019-03-02', '14:00:00', 5004),
(330368, 52709878, 1028, 80043, 0, '2019-03-03', '15:00:00', 5005),
(330369, 52709879, 1028, 80043, 10000, '2019-03-04', '16:00:00', 5006),
(330370, 52709880, 1028, 80043, 20000, '2019-03-05', '17:00:00', 5004),
(330371, 52709881, 1028, 80044, 0, '2019-03-06', '18:00:00', 5005),
(330372, 52709882, 1028, 80044, 10000, '2019-03-07', '19:00:00', 5006),
(330373, 52709883, 1028, 80044, 2000, '2019-03-08', '20:00:00', 5004),
(330374, 52709884, 1028, 80044, 0, '2019-03-09', '21:00:00', 5005),
(330375, 52709885, 1028, 80044, 10000, '2019-03-10', '22:00:00', 5006),
(330376, 52709886, 1028, 80044, 20000, '2019-03-11', '23:00:00', 5004),
(330377, 52709887, 1028, 80044, 0, '2019-03-12', '00:00:00', 5005),
(330378, 52709888, 1028, 80044, 10000, '2019-03-13', '01:00:00', 5006),
(330379, 52709889, 1028, 80044, 2000, '2019-03-14', '02:00:00', 5004),
(330380, 52709890, 1028, 80044, 0, '2019-03-15', '03:00:00', 5005),
(330381, 52709891, 1028, 80045, 10000, '2019-03-16', '04:00:00', 5006),
(330382, 52709892, 1028, 80045, 20000, '2019-03-17', '05:00:00', 5004),
(330383, 52709893, 1028, 80045, 0, '2019-03-18', '06:00:00', 5005),
(330384, 52709894, 1028, 80045, 10000, '2019-03-19', '07:00:00', 5006),
(330385, 52709895, 1028, 80045, 2000, '2019-03-20', '08:00:00', 5004),
(330386, 52709896, 1028, 80045, 0, '2019-03-21', '09:00:00', 5005),
(330387, 52709897, 1028, 80045, 10000, '2019-03-22', '10:00:00', 5006),
(330388, 52709898, 1028, 80045, 20000, '2019-03-23', '11:00:00', 5004),
(330389, 52709899, 1028, 80046, 0, '2019-03-24', '12:00:00', 5005),
(330390, 52709900, 1028, 80046, 10000, '2019-03-25', '13:00:00', 5006),
(330391, 52709901, 1028, 80046, 2000, '2019-03-26', '14:00:00', 5004),
(330392, 52709902, 1028, 80046, 0, '2019-03-27', '15:00:00', 5005),
(330393, 52709903, 1028, 80046, 10000, '2019-03-28', '16:00:00', 5006),
(330394, 52709904, 1028, 80046, 20000, '2019-03-29', '17:00:00', 5004),
(330395, 52709905, 1028, 80046, 0, '2019-03-30', '18:00:00', 5005),
(330396, 52709906, 1028, 80046, 10000, '2019-03-31', '19:00:00', 5006),
(330397, 52709907, 1028, 80047, 2000, '2019-04-01', '20:00:00', 5004),
(330398, 52709908, 1028, 80047, 0, '2019-04-02', '21:00:00', 5005),
(330399, 52709909, 1028, 80047, 10000, '2019-04-03', '22:00:00', 5006),
(330400, 52709910, 1028, 80047, 20000, '2019-04-04', '23:00:00', 5004),
(330401, 52709911, 1028, 80047, 0, '2019-04-05', '00:00:00', 5005),
(330402, 52709912, 1028, 80047, 10000, '2019-04-06', '01:00:00', 5006),
(330403, 52709913, 1028, 80047, 2000, '2019-04-07', '02:00:00', 5004),
(330404, 52709914, 1028, 80047, 0, '2019-04-08', '03:00:00', 5005),
(330405, 52709915, 1028, 80048, 10000, '2019-04-09', '04:00:00', 5006),
(330406, 52709916, 1028, 80048, 20000, '2019-04-10', '05:00:00', 5004),
(330407, 52709917, 1028, 80048, 0, '2019-04-11', '06:00:00', 5005),
(330408, 52709918, 1028, 80048, 10000, '2019-04-12', '07:00:00', 5006),
(330409, 52709919, 1028, 80048, 2000, '2019-04-13', '08:00:00', 5004),
(330410, 52709920, 1028, 80048, 0, '2019-04-14', '09:00:00', 5005),
(330411, 52709921, 1028, 80048, 10000, '2019-04-15', '10:00:00', 5006),
(330412, 52709922, 1028, 80048, 20000, '2019-04-16', '11:00:00', 5004),
(330413, 52709923, 1028, 80049, 0, '2019-04-17', '12:00:00', 5005),
(330414, 52709924, 1028, 80049, 10000, '2019-04-18', '13:00:00', 5006),
(330415, 52709925, 1028, 80049, 2000, '2019-04-19', '14:00:00', 5004),
(330416, 52709926, 1028, 80049, 0, '2019-04-20', '15:00:00', 5005),
(330417, 52709927, 1028, 80049, 10000, '2019-04-21', '16:00:00', 5006),
(330418, 52709928, 1028, 80049, 20000, '2019-04-22', '17:00:00', 5004),
(330419, 52709929, 1028, 80049, 0, '2019-04-23', '18:00:00', 5005),
(330420, 52709930, 1028, 80049, 10000, '2019-04-24', '19:00:00', 5006),
(330421, 52709931, 1029, 80050, 2000, '2019-04-25', '20:00:00', 5004),
(330422, 52709932, 1029, 80050, 0, '2019-04-26', '21:00:00', 5005),
(330423, 52709933, 1029, 80050, 10000, '2019-04-27', '22:00:00', 5006),
(330424, 52709934, 1029, 80050, 20000, '2019-04-28', '23:00:00', 5004),
(330425, 52709935, 1029, 80050, 0, '2019-04-29', '00:00:00', 5005),
(330426, 52709936, 1029, 80050, 10000, '2019-04-30', '01:00:00', 5006),
(330427, 52709937, 1029, 80050, 2000, '2019-05-01', '02:00:00', 5004),
(330428, 52709938, 1029, 80050, 0, '2019-05-02', '03:00:00', 5005),
(330429, 52709939, 1029, 80050, 10000, '2019-05-03', '04:00:00', 5006),
(330430, 52709940, 1029, 80050, 20000, '2019-05-04', '05:00:00', 5004),
(330431, 52709941, 1029, 80051, 0, '2019-05-05', '06:00:00', 5005),
(330432, 52709942, 1029, 80051, 10000, '2019-05-06', '07:00:00', 5006),
(330433, 52709943, 1029, 80051, 2000, '2019-05-07', '08:00:00', 5004),
(330434, 52709944, 1029, 80051, 0, '2019-05-08', '09:00:00', 5005),
(330435, 52709945, 1029, 80051, 10000, '2019-05-09', '10:00:00', 5006),
(330436, 52709946, 1029, 80051, 20000, '2019-05-10', '11:00:00', 5004),
(330437, 52709947, 1029, 80051, 0, '2019-05-11', '12:00:00', 5005),
(330438, 52709948, 1029, 80051, 10000, '2019-05-12', '13:00:00', 5006),
(330439, 52709949, 1029, 80051, 2000, '2019-05-13', '14:00:00', 5004),
(330440, 52709950, 1029, 80051, 0, '2019-05-14', '15:00:00', 5005),
(330441, 52709951, 1029, 80052, 10000, '2019-05-15', '16:00:00', 5006),
(330442, 52709952, 1029, 80052, 20000, '2019-05-16', '17:00:00', 5004),
(330443, 52709953, 1029, 80052, 0, '2019-05-17', '18:00:00', 5005),
(330444, 52709954, 1029, 80052, 10000, '2019-05-18', '19:00:00', 5006),
(330445, 52709955, 1029, 80052, 2000, '2019-05-19', '20:00:00', 5004),
(330446, 52709956, 1029, 80052, 0, '2019-05-20', '21:00:00', 5005),
(330447, 52709957, 1029, 80052, 10000, '2019-05-21', '22:00:00', 5006),
(330448, 52709958, 1029, 80052, 20000, '2019-05-22', '23:00:00', 5004),
(330449, 52709959, 1029, 80053, 0, '2019-05-23', '00:00:00', 5005),
(330450, 52709960, 1029, 80053, 10000, '2019-05-24', '01:00:00', 5006),
(330451, 52709961, 1029, 80053, 2000, '2019-05-25', '02:00:00', 5004),
(330452, 52709962, 1029, 80053, 0, '2019-05-26', '03:00:00', 5005),
(330453, 52709963, 1029, 80053, 10000, '2019-05-27', '04:00:00', 5006),
(330454, 52709964, 1029, 80053, 20000, '2019-05-28', '05:00:00', 5004),
(330455, 52709965, 1029, 80053, 0, '2019-05-29', '06:00:00', 5005),
(330456, 52709966, 1029, 80053, 10000, '2019-05-30', '07:00:00', 5006),
(330457, 52709967, 1029, 80054, 2000, '2019-05-31', '08:00:00', 5004),
(330458, 52709968, 1029, 80054, 0, '2019-06-01', '09:00:00', 5005),
(330459, 52709969, 1029, 80054, 10000, '2019-06-02', '10:00:00', 5006),
(330460, 52709970, 1029, 80054, 20000, '2019-06-03', '11:00:00', 5004),
(330461, 52709971, 1029, 80054, 0, '2019-06-04', '12:00:00', 5005),
(330462, 52709972, 1029, 80054, 10000, '2019-06-05', '13:00:00', 5006),
(330463, 52709973, 1029, 80054, 2000, '2019-06-06', '14:00:00', 5004),
(330464, 52709974, 1029, 80054, 0, '2019-06-07', '15:00:00', 5005),
(330465, 52709975, 1029, 80055, 10000, '2019-06-08', '16:00:00', 5006),
(330466, 52709976, 1029, 80055, 20000, '2019-06-09', '17:00:00', 5004),
(330467, 52709977, 1029, 80055, 0, '2019-06-10', '18:00:00', 5005),
(330468, 52709978, 1029, 80055, 10000, '2019-06-11', '19:00:00', 5006),
(330469, 52709979, 1029, 80055, 2000, '2019-06-12', '20:00:00', 5004),
(330470, 52709980, 1029, 80055, 0, '2019-06-13', '21:00:00', 5005),
(330471, 52709981, 1029, 80055, 10000, '2019-06-14', '22:00:00', 5006),
(330472, 52709982, 1029, 80055, 20000, '2019-06-15', '23:00:00', 5004),
(330473, 52709983, 1029, 80056, 0, '2019-06-16', '00:00:00', 5005),
(330474, 52709984, 1029, 80056, 10000, '2019-06-17', '01:00:00', 5006),
(330475, 52709985, 1029, 80056, 2000, '2019-06-18', '02:00:00', 5004),
(330476, 52709986, 1029, 80056, 0, '2019-06-19', '03:00:00', 5005),
(330477, 52709987, 1029, 80056, 10000, '2019-06-20', '04:00:00', 5006),
(330478, 52709988, 1029, 80056, 20000, '2019-06-21', '05:00:00', 5004),
(330479, 52709989, 1029, 80056, 0, '2019-06-22', '06:00:00', 5005),
(330480, 52709990, 1029, 80056, 10000, '2019-06-23', '07:00:00', 5006),
(330481, 52709991, 1030, 80057, 2000, '2019-06-24', '08:00:00', 5004),
(330482, 52709992, 1030, 80057, 0, '2019-06-25', '09:00:00', 5005),
(330483, 52709993, 1030, 80057, 10000, '2019-06-26', '10:00:00', 5006),
(330484, 52709994, 1030, 80057, 20000, '2019-06-27', '11:00:00', 5004),
(330485, 52709995, 1030, 80057, 0, '2019-06-28', '12:00:00', 5005),
(330486, 52709996, 1030, 80057, 10000, '2019-06-29', '13:00:00', 5006),
(330487, 52709997, 1030, 80057, 2000, '2019-06-30', '14:00:00', 5004),
(330488, 52709998, 1030, 80057, 0, '2019-07-01', '15:00:00', 5005),
(330489, 52709999, 1030, 80057, 10000, '2019-07-02', '16:00:00', 5006),
(330490, 52710000, 1030, 80057, 20000, '2019-07-03', '17:00:00', 5004),
(330491, 52710001, 1030, 80058, 0, '2019-07-04', '18:00:00', 5005),
(330492, 52710002, 1030, 80058, 10000, '2019-07-05', '19:00:00', 5006),
(330493, 52710003, 1030, 80058, 2000, '2019-07-06', '20:00:00', 5004),
(330494, 52710004, 1030, 80058, 0, '2019-07-07', '21:00:00', 5005),
(330495, 52710005, 1030, 80058, 10000, '2019-07-08', '22:00:00', 5006),
(330496, 52710006, 1030, 80058, 20000, '2019-07-09', '23:00:00', 5004),
(330497, 52710007, 1030, 80058, 0, '2019-07-10', '00:00:00', 5005),
(330498, 52710008, 1030, 80058, 10000, '2019-07-11', '01:00:00', 5006),
(330499, 52710009, 1030, 80058, 2000, '2019-07-12', '02:00:00', 5004),
(330500, 52710010, 1030, 80058, 0, '2019-07-13', '03:00:00', 5005),
(330501, 52710011, 1030, 80059, 10000, '2019-07-14', '04:00:00', 5006),
(330502, 52710012, 1030, 80059, 20000, '2019-07-15', '05:00:00', 5004),
(330503, 52710013, 1030, 80059, 0, '2019-07-16', '06:00:00', 5005),
(330504, 52710014, 1030, 80059, 10000, '2019-07-17', '07:00:00', 5006),
(330505, 52710015, 1030, 80059, 2000, '2019-07-18', '08:00:00', 5004),
(330506, 52710016, 1030, 80059, 0, '2019-07-19', '09:00:00', 5005),
(330507, 52710017, 1030, 80059, 10000, '2019-07-20', '10:00:00', 5006),
(330508, 52710018, 1030, 80059, 20000, '2019-07-21', '11:00:00', 5004),
(330509, 52710019, 1030, 80060, 0, '2019-07-22', '12:00:00', 5005),
(330510, 52710020, 1030, 80060, 10000, '2019-07-23', '13:00:00', 5006),
(330511, 52710021, 1030, 80060, 2000, '2019-07-24', '14:00:00', 5004),
(330512, 52710022, 1030, 80060, 0, '2019-07-25', '15:00:00', 5005),
(330513, 52710023, 1030, 80060, 10000, '2019-07-26', '16:00:00', 5006),
(330514, 52710024, 1030, 80060, 20000, '2019-07-27', '17:00:00', 5004),
(330515, 52710025, 1030, 80060, 0, '2019-07-28', '18:00:00', 5005),
(330516, 52710026, 1030, 80060, 10000, '2019-07-29', '19:00:00', 5006),
(330517, 52710027, 1030, 80061, 2000, '2019-07-30', '20:00:00', 5004),
(330518, 52710028, 1030, 80061, 0, '2019-07-31', '21:00:00', 5005),
(330519, 52710029, 1030, 80061, 10000, '2019-08-01', '22:00:00', 5006),
(330520, 52710030, 1030, 80061, 20000, '2019-08-02', '23:00:00', 5004),
(330521, 52710031, 1030, 80061, 0, '2019-08-03', '00:00:00', 5005),
(330522, 52710032, 1030, 80061, 10000, '2019-08-04', '01:00:00', 5006),
(330523, 52710033, 1030, 80061, 2000, '2019-08-05', '02:00:00', 5004),
(330524, 52710034, 1030, 80061, 0, '2019-08-06', '03:00:00', 5005),
(330525, 52710035, 1030, 80062, 10000, '2019-08-07', '04:00:00', 5006),
(330526, 52710036, 1030, 80062, 20000, '2019-08-08', '05:00:00', 5004),
(330527, 52710037, 1030, 80062, 0, '2019-08-09', '06:00:00', 5005),
(330528, 52710038, 1030, 80062, 10000, '2019-08-10', '07:00:00', 5006),
(330529, 52710039, 1030, 80062, 2000, '2019-08-11', '08:00:00', 5004),
(330530, 52710040, 1030, 80062, 0, '2019-08-12', '09:00:00', 5005),
(330531, 52710041, 1030, 80062, 10000, '2019-08-13', '10:00:00', 5006),
(330532, 52710042, 1030, 80062, 20000, '2019-08-14', '11:00:00', 5004),
(330533, 52710043, 1030, 80063, 0, '2019-08-15', '12:00:00', 5005),
(330534, 52710044, 1030, 80063, 10000, '2019-08-16', '13:00:00', 5006),
(330535, 52710045, 1030, 80063, 2000, '2019-08-17', '14:00:00', 5004),
(330536, 52710046, 1030, 80063, 0, '2019-08-18', '15:00:00', 5005),
(330537, 52710047, 1030, 80063, 10000, '2019-08-19', '16:00:00', 5006),
(330538, 52710048, 1030, 80063, 20000, '2019-08-20', '17:00:00', 5004),
(330539, 52710049, 1030, 80063, 0, '2019-08-21', '18:00:00', 5005),
(330540, 52710050, 1030, 80063, 10000, '2019-08-22', '19:00:00', 5006),
(330541, 52710051, 1031, 80064, 2000, '2019-08-23', '20:00:00', 5004),
(330542, 52710052, 1031, 80064, 0, '2019-08-24', '21:00:00', 5005),
(330543, 52710053, 1031, 80064, 10000, '2019-08-25', '22:00:00', 5006),
(330544, 52710054, 1031, 80064, 20000, '2019-08-26', '23:00:00', 5004),
(330545, 52710055, 1031, 80064, 0, '2019-08-27', '00:00:00', 5005),
(330546, 52710056, 1031, 80064, 10000, '2019-08-28', '01:00:00', 5006),
(330547, 52710057, 1031, 80064, 2000, '2019-08-29', '02:00:00', 5004),
(330548, 52710058, 1031, 80064, 0, '2019-08-30', '03:00:00', 5005),
(330549, 52710059, 1031, 80064, 10000, '2019-08-31', '04:00:00', 5006),
(330550, 52710060, 1031, 80064, 20000, '2019-09-01', '05:00:00', 5004),
(330551, 52710061, 1031, 80065, 0, '2019-09-02', '06:00:00', 5005),
(330552, 52710062, 1031, 80065, 10000, '2019-09-03', '07:00:00', 5006),
(330553, 52710063, 1031, 80065, 2000, '2019-09-04', '08:00:00', 5004),
(330554, 52710064, 1031, 80065, 0, '2019-09-05', '09:00:00', 5005),
(330555, 52710065, 1031, 80065, 10000, '2019-09-06', '10:00:00', 5006),
(330556, 52710066, 1031, 80065, 20000, '2019-09-07', '11:00:00', 5004),
(330557, 52710067, 1031, 80065, 0, '2019-09-08', '12:00:00', 5005),
(330558, 52710068, 1031, 80065, 10000, '2019-09-09', '13:00:00', 5006),
(330559, 52710069, 1031, 80065, 2000, '2019-09-10', '14:00:00', 5004),
(330560, 52710070, 1031, 80065, 0, '2019-09-11', '15:00:00', 5005),
(330561, 52710071, 1031, 80066, 10000, '2019-09-12', '16:00:00', 5006),
(330562, 52710072, 1031, 80066, 20000, '2019-09-13', '17:00:00', 5004),
(330563, 52710073, 1031, 80066, 0, '2019-09-14', '18:00:00', 5005),
(330564, 52710074, 1031, 80066, 10000, '2019-09-15', '19:00:00', 5006),
(330565, 52710075, 1031, 80066, 2000, '2019-09-16', '20:00:00', 5004),
(330566, 52710076, 1031, 80066, 0, '2019-09-17', '21:00:00', 5005),
(330567, 52710077, 1031, 80066, 10000, '2019-09-18', '22:00:00', 5006),
(330568, 52710078, 1031, 80066, 20000, '2019-09-19', '23:00:00', 5004),
(330569, 52710079, 1031, 80067, 0, '2019-09-20', '00:00:00', 5005),
(330570, 52710080, 1031, 80067, 10000, '2019-09-21', '01:00:00', 5006),
(330571, 52710081, 1031, 80067, 2000, '2019-09-22', '02:00:00', 5004),
(330572, 52710082, 1031, 80067, 0, '2019-09-23', '03:00:00', 5005),
(330573, 52710083, 1031, 80067, 10000, '2019-09-24', '04:00:00', 5006),
(330574, 52710084, 1031, 80067, 20000, '2019-09-25', '05:00:00', 5004),
(330575, 52710085, 1031, 80067, 0, '2019-09-26', '06:00:00', 5005),
(330576, 52710086, 1031, 80067, 10000, '2019-09-27', '07:00:00', 5006),
(330577, 52710087, 1031, 80068, 2000, '2019-09-28', '08:00:00', 5004),
(330578, 52710088, 1031, 80068, 0, '2019-09-29', '09:00:00', 5005),
(330579, 52710089, 1031, 80068, 10000, '2019-09-30', '10:00:00', 5006),
(330580, 52710090, 1031, 80068, 20000, '2019-10-01', '11:00:00', 5004),
(330581, 52710091, 1031, 80068, 0, '2019-10-02', '12:00:00', 5005),
(330582, 52710092, 1031, 80068, 10000, '2019-10-03', '13:00:00', 5006),
(330583, 52710093, 1031, 80068, 2000, '2019-10-04', '14:00:00', 5004),
(330584, 52710094, 1031, 80068, 0, '2019-10-05', '15:00:00', 5005),
(330585, 52710095, 1031, 80069, 10000, '2019-10-06', '16:00:00', 5006),
(330586, 52710096, 1031, 80069, 20000, '2019-10-07', '17:00:00', 5004),
(330587, 52710097, 1031, 80069, 0, '2019-10-08', '18:00:00', 5005),
(330588, 52710098, 1031, 80069, 10000, '2019-10-09', '19:00:00', 5006),
(330589, 52710099, 1031, 80069, 2000, '2019-10-10', '20:00:00', 5004),
(330590, 52710100, 1031, 80069, 0, '2019-10-11', '21:00:00', 5005),
(330591, 52710101, 1031, 80069, 10000, '2019-10-12', '22:00:00', 5006),
(330592, 52710102, 1031, 80069, 20000, '2019-10-13', '23:00:00', 5004),
(330593, 52710103, 1031, 80070, 0, '2019-10-14', '00:00:00', 5005),
(330594, 52710104, 1031, 80070, 10000, '2019-10-15', '01:00:00', 5006),
(330595, 52710105, 1031, 80070, 2000, '2019-10-16', '02:00:00', 5004),
(330596, 52710106, 1031, 80070, 0, '2019-10-17', '03:00:00', 5005),
(330597, 52710107, 1031, 80070, 10000, '2019-10-18', '04:00:00', 5006),
(330598, 52710108, 1031, 80070, 20000, '2019-10-19', '05:00:00', 5004),
(330599, 52710109, 1031, 80070, 0, '2019-10-20', '06:00:00', 5005),
(330600, 52710110, 1031, 80070, 10000, '2019-10-21', '07:00:00', 5006),
(330601, 52710111, 1032, 80071, 2000, '2019-10-22', '08:00:00', 5004),
(330602, 52710112, 1032, 80071, 0, '2019-10-23', '09:00:00', 5005),
(330603, 52710113, 1032, 80071, 10000, '2019-10-24', '10:00:00', 5006),
(330604, 52710114, 1032, 80071, 20000, '2019-10-25', '11:00:00', 5004),
(330605, 52710115, 1032, 80071, 0, '2019-10-26', '12:00:00', 5005),
(330606, 52710116, 1032, 80071, 10000, '2019-10-27', '13:00:00', 5006),
(330607, 52710117, 1032, 80071, 2000, '2019-10-28', '14:00:00', 5004),
(330608, 52710118, 1032, 80071, 0, '2019-10-29', '15:00:00', 5005),
(330609, 52710119, 1032, 80071, 10000, '2019-10-30', '16:00:00', 5006),
(330610, 52710120, 1032, 80071, 20000, '2019-10-31', '17:00:00', 5004),
(330611, 52710121, 1032, 80072, 0, '2019-11-01', '18:00:00', 5005),
(330612, 52710122, 1032, 80072, 10000, '2019-11-02', '19:00:00', 5006),
(330613, 52710123, 1032, 80072, 2000, '2019-11-03', '20:00:00', 5004),
(330614, 52710124, 1032, 80072, 0, '2019-11-04', '21:00:00', 5005),
(330615, 52710125, 1032, 80072, 10000, '2019-11-05', '22:00:00', 5006),
(330616, 52710126, 1032, 80072, 20000, '2019-11-06', '23:00:00', 5004),
(330617, 52710127, 1032, 80072, 0, '2019-11-07', '00:00:00', 5005),
(330618, 52710128, 1032, 80072, 10000, '2019-11-08', '01:00:00', 5006),
(330619, 52710129, 1032, 80072, 2000, '2019-11-09', '02:00:00', 5004),
(330620, 52710130, 1032, 80072, 0, '2019-11-10', '03:00:00', 5005),
(330621, 52710131, 1032, 80073, 10000, '2019-11-11', '04:00:00', 5006),
(330622, 52710132, 1032, 80073, 20000, '2019-11-12', '05:00:00', 5004),
(330623, 52710133, 1032, 80073, 0, '2019-11-13', '06:00:00', 5005),
(330624, 52710134, 1032, 80073, 10000, '2019-11-14', '07:00:00', 5006),
(330625, 52710135, 1032, 80073, 2000, '2019-11-15', '08:00:00', 5004),
(330626, 52710136, 1032, 80073, 0, '2019-11-16', '09:00:00', 5005),
(330627, 52710137, 1032, 80073, 10000, '2019-11-17', '10:00:00', 5006),
(330628, 52710138, 1032, 80073, 20000, '2019-11-18', '11:00:00', 5004),
(330629, 52710139, 1032, 80074, 0, '2019-11-19', '12:00:00', 5005),
(330630, 52710140, 1032, 80074, 10000, '2019-11-20', '13:00:00', 5006),
(330631, 52710141, 1032, 80074, 2000, '2019-11-21', '14:00:00', 5004),
(330632, 52710142, 1032, 80074, 0, '2019-11-22', '15:00:00', 5005),
(330633, 52710143, 1032, 80074, 10000, '2019-11-23', '16:00:00', 5006),
(330634, 52710144, 1032, 80074, 20000, '2019-11-24', '17:00:00', 5004),
(330635, 52710145, 1032, 80074, 0, '2019-11-25', '18:00:00', 5005),
(330636, 52710146, 1032, 80074, 10000, '2019-11-26', '19:00:00', 5006),
(330637, 52710147, 1032, 80075, 2000, '2019-11-27', '20:00:00', 5004),
(330638, 52710148, 1032, 80075, 0, '2019-11-28', '21:00:00', 5005),
(330639, 52710149, 1032, 80075, 10000, '2019-11-29', '22:00:00', 5006),
(330640, 52710150, 1032, 80075, 20000, '2019-11-30', '23:00:00', 5004),
(330641, 52710151, 1032, 80075, 0, '2019-12-01', '00:00:00', 5005),
(330642, 52710152, 1032, 80075, 10000, '2019-12-02', '01:00:00', 5006),
(330643, 52710153, 1032, 80075, 2000, '2019-12-03', '02:00:00', 5004),
(330644, 52710154, 1032, 80075, 0, '2019-12-04', '03:00:00', 5005),
(330645, 52710155, 1032, 80076, 10000, '2019-12-05', '04:00:00', 5006),
(330646, 52710156, 1032, 80076, 20000, '2019-12-06', '05:00:00', 5004),
(330647, 52710157, 1032, 80076, 0, '2019-12-07', '06:00:00', 5005),
(330648, 52710158, 1032, 80076, 10000, '2019-12-08', '07:00:00', 5006),
(330649, 52710159, 1032, 80076, 2000, '2019-12-09', '08:00:00', 5004),
(330650, 52710160, 1032, 80076, 0, '2019-12-10', '09:00:00', 5005),
(330651, 52710161, 1032, 80076, 10000, '2019-12-11', '10:00:00', 5006),
(330652, 52710162, 1032, 80076, 20000, '2019-12-12', '11:00:00', 5004),
(330653, 52710163, 1032, 80077, 0, '2019-12-13', '12:00:00', 5005),
(330654, 52710164, 1032, 80077, 10000, '2019-12-14', '13:00:00', 5006),
(330655, 52710165, 1032, 80077, 2000, '2019-12-15', '14:00:00', 5004),
(330656, 52710166, 1032, 80077, 0, '2019-12-16', '15:00:00', 5005),
(330657, 52710167, 1032, 80077, 10000, '2019-12-17', '16:00:00', 5006),
(330658, 52710168, 1032, 80077, 20000, '2019-12-18', '17:00:00', 5004),
(330659, 52710169, 1032, 80077, 0, '2019-12-19', '18:00:00', 5005),
(330660, 52710170, 1032, 80077, 10000, '2019-12-20', '19:00:00', 5006),
(330661, 52710171, 1033, 80078, 2000, '2019-12-21', '20:00:00', 5004),
(330662, 52710172, 1033, 80078, 0, '2019-12-22', '21:00:00', 5005),
(330663, 52710173, 1033, 80078, 10000, '2019-12-23', '22:00:00', 5006),
(330664, 52710174, 1033, 80078, 20000, '2019-12-24', '23:00:00', 5004),
(330665, 52710175, 1033, 80078, 0, '2019-12-25', '00:00:00', 5005),
(330666, 52710176, 1033, 80078, 10000, '2019-12-26', '01:00:00', 5006),
(330667, 52710177, 1033, 80078, 2000, '2019-12-27', '02:00:00', 5004),
(330668, 52710178, 1033, 80078, 0, '2019-12-28', '03:00:00', 5005),
(330669, 52710179, 1033, 80078, 10000, '2019-12-29', '04:00:00', 5006),
(330670, 52710180, 1033, 80078, 20000, '2019-12-30', '05:00:00', 5004),
(330671, 52710181, 1033, 80079, 0, '2019-12-31', '06:00:00', 5005),
(330672, 52710182, 1033, 80079, 10000, '2020-01-01', '07:00:00', 5006),
(330673, 52710183, 1033, 80079, 2000, '2020-01-02', '08:00:00', 5004),
(330674, 52710184, 1033, 80079, 0, '2020-01-03', '09:00:00', 5005),
(330675, 52710185, 1033, 80079, 10000, '2020-01-04', '10:00:00', 5006),
(330676, 52710186, 1033, 80079, 20000, '2020-01-05', '11:00:00', 5004),
(330677, 52710187, 1033, 80079, 0, '2020-01-06', '12:00:00', 5005),
(330678, 52710188, 1033, 80079, 10000, '2020-01-07', '13:00:00', 5006),
(330679, 52710189, 1033, 80079, 2000, '2020-01-08', '14:00:00', 5004),
(330680, 52710190, 1033, 80079, 0, '2020-01-09', '15:00:00', 5005),
(330681, 52710191, 1033, 80080, 10000, '2020-01-10', '16:00:00', 5006),
(330682, 52710192, 1033, 80080, 20000, '2020-01-11', '17:00:00', 5004),
(330683, 52710193, 1033, 80080, 0, '2020-01-12', '18:00:00', 5005),
(330684, 52710194, 1033, 80080, 10000, '2020-01-13', '19:00:00', 5006),
(330685, 52710195, 1033, 80080, 2000, '2020-01-14', '20:00:00', 5004),
(330686, 52710196, 1033, 80080, 0, '2020-01-15', '21:00:00', 5005),
(330687, 52710197, 1033, 80080, 10000, '2020-01-16', '22:00:00', 5006),
(330688, 52710198, 1033, 80080, 20000, '2020-01-17', '23:00:00', 5004),
(330689, 52710199, 1033, 80081, 0, '2020-01-18', '00:00:00', 5005),
(330690, 52710200, 1033, 80081, 10000, '2020-01-19', '01:00:00', 5006),
(330691, 52710201, 1033, 80081, 2000, '2020-01-20', '02:00:00', 5004),
(330692, 52710202, 1033, 80081, 0, '2020-01-21', '03:00:00', 5005),
(330693, 52710203, 1033, 80081, 10000, '2020-01-22', '04:00:00', 5006),
(330694, 52710204, 1033, 80081, 20000, '2020-01-23', '05:00:00', 5004),
(330695, 52710205, 1033, 80081, 0, '2020-01-24', '06:00:00', 5005),
(330696, 52710206, 1033, 80081, 10000, '2020-01-25', '07:00:00', 5006),
(330697, 52710207, 1033, 80082, 2000, '2020-01-26', '08:00:00', 5004),
(330698, 52710208, 1033, 80082, 0, '2020-01-27', '09:00:00', 5005),
(330699, 52710209, 1033, 80082, 10000, '2020-01-28', '10:00:00', 5006),
(330700, 52710210, 1033, 80082, 20000, '2020-01-29', '11:00:00', 5004),
(330701, 52710211, 1033, 80082, 0, '2020-01-30', '12:00:00', 5005),
(330702, 52710212, 1033, 80082, 10000, '2020-01-31', '13:00:00', 5006),
(330703, 52710213, 1033, 80082, 2000, '2020-02-01', '14:00:00', 5004),
(330704, 52710214, 1033, 80082, 0, '2020-02-02', '15:00:00', 5005),
(330705, 52710215, 1033, 80083, 10000, '2020-02-03', '16:00:00', 5006),
(330706, 52710216, 1033, 80083, 20000, '2020-02-04', '17:00:00', 5004),
(330707, 52710217, 1033, 80083, 0, '2020-02-05', '18:00:00', 5005),
(330708, 52710218, 1033, 80083, 10000, '2020-02-06', '19:00:00', 5006),
(330709, 52710219, 1033, 80083, 2000, '2020-02-07', '20:00:00', 5004),
(330710, 52710220, 1033, 80083, 0, '2020-02-08', '21:00:00', 5005),
(330711, 52710221, 1033, 80083, 10000, '2020-02-09', '22:00:00', 5006),
(330712, 52710222, 1033, 80083, 20000, '2020-02-10', '23:00:00', 5004),
(330713, 52710223, 1033, 80084, 0, '2020-02-11', '00:00:00', 5005),
(330714, 52710224, 1033, 80084, 10000, '2020-02-12', '01:00:00', 5006),
(330715, 52710225, 1033, 80084, 2000, '2020-02-13', '02:00:00', 5004),
(330716, 52710226, 1033, 80084, 0, '2020-02-14', '03:00:00', 5005),
(330717, 52710227, 1033, 80084, 10000, '2020-02-15', '04:00:00', 5006),
(330718, 52710228, 1033, 80084, 20000, '2020-02-16', '05:00:00', 5004),
(330719, 52710229, 1033, 80084, 0, '2020-02-17', '06:00:00', 5005),
(330720, 52710230, 1033, 80084, 10000, '2020-02-18', '07:00:00', 5006),
(330721, 52710231, 1034, 80085, 2000, '2020-02-19', '08:00:00', 5004),
(330722, 52710232, 1034, 80085, 0, '2020-02-20', '09:00:00', 5005),
(330723, 52710233, 1034, 80085, 10000, '2020-02-21', '10:00:00', 5006),
(330724, 52710234, 1034, 80085, 20000, '2020-02-22', '11:00:00', 5004),
(330725, 52710235, 1034, 80085, 0, '2020-02-23', '12:00:00', 5005),
(330726, 52710236, 1034, 80085, 10000, '2020-02-24', '13:00:00', 5006),
(330727, 52710237, 1034, 80085, 2000, '2020-02-25', '14:00:00', 5004),
(330728, 52710238, 1034, 80085, 0, '2020-02-26', '15:00:00', 5005);
INSERT INTO `cita_medica` (`id`, `id_paciente`, `id_shc`, `id_medico`, `valor`, `fecha`, `hora`, `id_estado`) VALUES
(330729, 52710239, 1034, 80085, 10000, '2020-02-27', '16:00:00', 5006),
(330730, 52710240, 1034, 80085, 20000, '2020-02-28', '17:00:00', 5004),
(330731, 52710241, 1034, 80086, 0, '2020-02-29', '18:00:00', 5005),
(330732, 52710242, 1034, 80086, 10000, '2020-03-01', '19:00:00', 5006),
(330733, 52710243, 1034, 80086, 2000, '2020-03-02', '20:00:00', 5004),
(330734, 52710244, 1034, 80086, 0, '2020-03-03', '21:00:00', 5005),
(330735, 52710245, 1034, 80086, 10000, '2020-03-04', '22:00:00', 5006),
(330736, 52710246, 1034, 80086, 20000, '2020-03-05', '23:00:00', 5004),
(330737, 52710247, 1034, 80086, 0, '2020-03-06', '00:00:00', 5005),
(330738, 52710248, 1034, 80086, 10000, '2020-03-07', '01:00:00', 5006),
(330739, 52710249, 1034, 80086, 2000, '2020-03-08', '02:00:00', 5004),
(330740, 52710250, 1034, 80086, 0, '2020-03-09', '03:00:00', 5005),
(330741, 52710251, 1034, 80087, 10000, '2020-03-10', '04:00:00', 5006),
(330742, 52710252, 1034, 80087, 20000, '2020-03-11', '05:00:00', 5004),
(330743, 52710253, 1034, 80087, 0, '2020-03-12', '06:00:00', 5005),
(330744, 52710254, 1034, 80087, 10000, '2020-03-13', '07:00:00', 5006),
(330745, 52710255, 1034, 80087, 2000, '2020-03-14', '08:00:00', 5004),
(330746, 52710256, 1034, 80087, 0, '2020-03-15', '09:00:00', 5005),
(330747, 52710257, 1034, 80087, 10000, '2020-03-16', '10:00:00', 5006),
(330748, 52710258, 1034, 80087, 20000, '2020-03-17', '11:00:00', 5004),
(330749, 52710259, 1034, 80088, 0, '2020-03-18', '12:00:00', 5005),
(330750, 52710260, 1034, 80088, 10000, '2020-03-19', '13:00:00', 5006),
(330751, 52710261, 1034, 80088, 2000, '2020-03-20', '14:00:00', 5004),
(330752, 52710262, 1034, 80088, 0, '2020-03-21', '15:00:00', 5005),
(330753, 52710263, 1034, 80088, 10000, '2020-03-22', '16:00:00', 5006),
(330754, 52710264, 1034, 80088, 20000, '2020-03-23', '17:00:00', 5004),
(330755, 52710265, 1034, 80088, 0, '2020-03-24', '18:00:00', 5005),
(330756, 52710266, 1034, 80088, 10000, '2020-03-25', '19:00:00', 5006),
(330757, 52710267, 1034, 80089, 2000, '2020-03-26', '20:00:00', 5004),
(330758, 52710268, 1034, 80089, 0, '2020-03-27', '21:00:00', 5005),
(330759, 52710269, 1034, 80089, 10000, '2020-03-28', '22:00:00', 5006),
(330760, 52710270, 1034, 80089, 20000, '2020-03-29', '23:00:00', 5004),
(330761, 52710271, 1034, 80089, 0, '2020-03-30', '00:00:00', 5005),
(330762, 52710272, 1034, 80089, 10000, '2020-03-31', '01:00:00', 5006),
(330763, 52710273, 1034, 80089, 2000, '2020-04-01', '02:00:00', 5004),
(330764, 52710274, 1034, 80089, 0, '2020-04-02', '03:00:00', 5005),
(330765, 52710275, 1034, 80090, 10000, '2020-04-03', '04:00:00', 5006),
(330766, 52710276, 1034, 80090, 20000, '2020-04-04', '05:00:00', 5004),
(330767, 52710277, 1034, 80090, 0, '2020-04-05', '06:00:00', 5005),
(330768, 52710278, 1034, 80090, 10000, '2020-04-06', '07:00:00', 5006),
(330769, 52710279, 1034, 80090, 2000, '2020-04-07', '08:00:00', 5004),
(330770, 52710280, 1034, 80090, 0, '2020-04-08', '09:00:00', 5005),
(330771, 52710281, 1034, 80090, 10000, '2020-04-09', '10:00:00', 5006),
(330772, 52710282, 1034, 80090, 20000, '2020-04-10', '11:00:00', 5004),
(330773, 52710283, 1034, 80091, 0, '2020-04-11', '12:00:00', 5005),
(330774, 52710284, 1034, 80091, 10000, '2020-04-12', '13:00:00', 5006),
(330775, 52710285, 1034, 80091, 2000, '2020-04-13', '14:00:00', 5004),
(330776, 52710286, 1034, 80091, 0, '2020-04-14', '15:00:00', 5005),
(330777, 52710287, 1034, 80091, 10000, '2020-04-15', '16:00:00', 5006),
(330778, 52710288, 1034, 80091, 20000, '2020-04-16', '17:00:00', 5004),
(330779, 52710289, 1034, 80091, 0, '2020-04-17', '18:00:00', 5005),
(330780, 52710290, 1034, 80091, 10000, '2020-04-18', '19:00:00', 5006),
(330781, 52710291, 1035, 80092, 2000, '2020-04-19', '20:00:00', 5004),
(330782, 52710292, 1035, 80092, 0, '2020-04-20', '21:00:00', 5005),
(330783, 52710293, 1035, 80092, 10000, '2020-04-21', '22:00:00', 5006),
(330784, 52710294, 1035, 80092, 20000, '2020-04-22', '23:00:00', 5004),
(330785, 52710295, 1035, 80092, 0, '2020-04-23', '00:00:00', 5005),
(330786, 52710296, 1035, 80092, 10000, '2020-04-24', '01:00:00', 5006),
(330787, 52710297, 1035, 80092, 2000, '2020-04-25', '02:00:00', 5004),
(330788, 52710298, 1035, 80092, 0, '2020-04-26', '03:00:00', 5005),
(330789, 52710299, 1035, 80092, 10000, '2020-04-27', '04:00:00', 5006),
(330790, 52710300, 1035, 80092, 20000, '2020-04-28', '05:00:00', 5004),
(330791, 52710301, 1035, 80093, 0, '2020-04-29', '06:00:00', 5005),
(330792, 52710302, 1035, 80093, 10000, '2020-04-30', '07:00:00', 5006),
(330793, 52710303, 1035, 80093, 2000, '2020-05-01', '08:00:00', 5004),
(330794, 52710304, 1035, 80093, 0, '2020-05-02', '09:00:00', 5005),
(330795, 52710305, 1035, 80093, 10000, '2020-05-03', '10:00:00', 5006),
(330796, 52710306, 1035, 80093, 20000, '2020-05-04', '11:00:00', 5004),
(330797, 52710307, 1035, 80093, 0, '2020-05-05', '12:00:00', 5005),
(330798, 52710308, 1035, 80093, 10000, '2020-05-06', '13:00:00', 5006),
(330799, 52710309, 1035, 80093, 2000, '2020-05-07', '14:00:00', 5004),
(330800, 52710310, 1035, 80093, 0, '2020-05-08', '15:00:00', 5005),
(330801, 52710311, 1035, 80094, 10000, '2020-05-09', '16:00:00', 5006),
(330802, 52710312, 1035, 80094, 20000, '2020-05-10', '17:00:00', 5004),
(330803, 52710313, 1035, 80094, 0, '2020-05-11', '18:00:00', 5005),
(330804, 52710314, 1035, 80094, 10000, '2020-05-12', '19:00:00', 5006),
(330805, 52710315, 1035, 80094, 2000, '2020-05-13', '20:00:00', 5004),
(330806, 52710316, 1035, 80094, 0, '2020-05-14', '21:00:00', 5005),
(330807, 52710317, 1035, 80094, 10000, '2020-05-15', '22:00:00', 5006),
(330808, 52710318, 1035, 80094, 20000, '2020-05-16', '23:00:00', 5004),
(330809, 52710319, 1035, 80095, 0, '2020-05-17', '00:00:00', 5005),
(330810, 52710320, 1035, 80095, 10000, '2020-05-18', '01:00:00', 5006),
(330811, 52710321, 1035, 80095, 2000, '2020-05-19', '02:00:00', 5004),
(330812, 52710322, 1035, 80095, 0, '2020-05-20', '03:00:00', 5005),
(330813, 52710323, 1035, 80095, 10000, '2020-05-21', '04:00:00', 5006),
(330814, 52710324, 1035, 80095, 20000, '2020-05-22', '05:00:00', 5004),
(330815, 52710325, 1035, 80095, 0, '2020-05-23', '06:00:00', 5005),
(330816, 52710326, 1035, 80095, 10000, '2020-05-24', '07:00:00', 5006),
(330817, 52710327, 1035, 80096, 2000, '2020-05-25', '08:00:00', 5004),
(330818, 52710328, 1035, 80096, 0, '2020-05-26', '09:00:00', 5005),
(330819, 52710329, 1035, 80096, 10000, '2020-05-27', '10:00:00', 5006),
(330820, 52710330, 1035, 80096, 20000, '2020-05-28', '11:00:00', 5004),
(330821, 52710331, 1035, 80096, 0, '2020-05-29', '12:00:00', 5005),
(330822, 52710332, 1035, 80096, 10000, '2020-05-30', '13:00:00', 5006),
(330823, 52710333, 1035, 80096, 2000, '2020-05-31', '14:00:00', 5004),
(330824, 52710334, 1035, 80096, 0, '2020-06-01', '15:00:00', 5005),
(330825, 52710335, 1035, 80097, 10000, '2020-06-02', '16:00:00', 5006),
(330826, 52710336, 1035, 80097, 20000, '2020-06-03', '17:00:00', 5004),
(330827, 52710337, 1035, 80097, 0, '2020-06-04', '18:00:00', 5005),
(330828, 52710338, 1035, 80097, 10000, '2020-06-05', '19:00:00', 5006),
(330829, 52710339, 1035, 80097, 2000, '2020-06-06', '20:00:00', 5004),
(330830, 52710340, 1035, 80097, 0, '2020-06-07', '21:00:00', 5005),
(330831, 52710341, 1035, 80097, 10000, '2020-06-08', '22:00:00', 5006),
(330832, 52710342, 1035, 80097, 20000, '2020-06-09', '23:00:00', 5004),
(330833, 52710343, 1035, 80098, 0, '2020-06-10', '00:00:00', 5005),
(330834, 52710344, 1035, 80098, 10000, '2020-06-11', '01:00:00', 5006),
(330835, 52710345, 1035, 80098, 2000, '2020-06-12', '02:00:00', 5004),
(330836, 52710346, 1035, 80098, 0, '2020-06-13', '03:00:00', 5005),
(330837, 52710347, 1035, 80098, 10000, '2020-06-14', '04:00:00', 5006),
(330838, 52710348, 1035, 80098, 20000, '2020-06-15', '05:00:00', 5004),
(330839, 52710349, 1035, 80098, 0, '2020-06-16', '06:00:00', 5005),
(330840, 52710350, 1035, 80098, 10000, '2020-06-17', '07:00:00', 5006),
(330841, 52710351, 1036, 80099, 2000, '2020-06-18', '08:00:00', 5004),
(330842, 52710352, 1036, 80099, 0, '2020-06-19', '09:00:00', 5005),
(330843, 52710353, 1036, 80099, 10000, '2020-06-20', '10:00:00', 5006),
(330844, 52710354, 1036, 80099, 20000, '2020-06-21', '11:00:00', 5004),
(330845, 52710355, 1036, 80099, 0, '2020-06-22', '12:00:00', 5005),
(330846, 52710356, 1036, 80099, 10000, '2020-06-23', '13:00:00', 5006),
(330847, 52710357, 1036, 80099, 2000, '2020-06-24', '14:00:00', 5004),
(330848, 52710358, 1036, 80099, 0, '2020-06-25', '15:00:00', 5005),
(330849, 52710359, 1036, 80099, 10000, '2020-06-26', '16:00:00', 5006),
(330850, 52710360, 1036, 80099, 20000, '2020-06-27', '17:00:00', 5004),
(330851, 52710361, 1036, 80100, 0, '2020-06-28', '18:00:00', 5005),
(330852, 52710362, 1036, 80100, 10000, '2020-06-29', '19:00:00', 5006),
(330853, 52710363, 1036, 80100, 2000, '2020-06-30', '20:00:00', 5004),
(330854, 52710364, 1036, 80100, 0, '2020-07-01', '21:00:00', 5005),
(330855, 52710365, 1036, 80100, 10000, '2020-07-02', '22:00:00', 5006),
(330856, 52710366, 1036, 80100, 20000, '2020-07-03', '23:00:00', 5004),
(330857, 52710367, 1036, 80100, 0, '2020-07-04', '00:00:00', 5005),
(330858, 52710368, 1036, 80100, 10000, '2020-07-05', '01:00:00', 5006),
(330859, 52710369, 1036, 80100, 2000, '2020-07-06', '02:00:00', 5004),
(330860, 52710370, 1036, 80100, 0, '2020-07-07', '03:00:00', 5005),
(330861, 52710371, 1036, 80101, 10000, '2020-07-08', '04:00:00', 5006),
(330862, 52710372, 1036, 80101, 20000, '2020-07-09', '05:00:00', 5004),
(330863, 52710373, 1036, 80101, 0, '2020-07-10', '06:00:00', 5005),
(330864, 52710374, 1036, 80101, 10000, '2020-07-11', '07:00:00', 5006),
(330865, 52710375, 1036, 80101, 2000, '2020-07-12', '08:00:00', 5004),
(330866, 52710376, 1036, 80101, 0, '2020-07-13', '09:00:00', 5005),
(330867, 52710377, 1036, 80101, 10000, '2020-07-14', '10:00:00', 5006),
(330868, 52710378, 1036, 80101, 20000, '2020-07-15', '11:00:00', 5004),
(330869, 52710379, 1036, 80102, 0, '2020-07-16', '12:00:00', 5005),
(330870, 52710380, 1036, 80102, 10000, '2020-07-17', '13:00:00', 5006),
(330871, 52710381, 1036, 80102, 2000, '2020-07-18', '14:00:00', 5004),
(330872, 52710382, 1036, 80102, 0, '2020-07-19', '15:00:00', 5005),
(330873, 52710383, 1036, 80102, 10000, '2020-07-20', '16:00:00', 5006),
(330874, 52710384, 1036, 80102, 20000, '2020-07-21', '17:00:00', 5004),
(330875, 52710385, 1036, 80102, 0, '2020-07-22', '18:00:00', 5005),
(330876, 52710386, 1036, 80102, 10000, '2020-07-23', '19:00:00', 5006),
(330877, 52710387, 1036, 80103, 2000, '2020-07-24', '20:00:00', 5004),
(330878, 52710388, 1036, 80103, 0, '2020-07-25', '21:00:00', 5005),
(330879, 52710389, 1036, 80103, 10000, '2020-07-26', '22:00:00', 5006),
(330880, 52710390, 1036, 80103, 20000, '2020-07-27', '23:00:00', 5004),
(330881, 52710391, 1036, 80103, 0, '2020-07-28', '00:00:00', 5005),
(330882, 52710392, 1036, 80103, 10000, '2020-07-29', '01:00:00', 5006),
(330883, 52710393, 1036, 80103, 2000, '2020-07-30', '02:00:00', 5004),
(330884, 52710394, 1036, 80103, 0, '2020-07-31', '03:00:00', 5005),
(330885, 52710395, 1036, 80104, 10000, '2020-08-01', '04:00:00', 5006),
(330886, 52710396, 1036, 80104, 20000, '2020-08-02', '05:00:00', 5004),
(330887, 52710397, 1036, 80104, 0, '2020-08-03', '06:00:00', 5005),
(330888, 52710398, 1036, 80104, 10000, '2020-08-04', '07:00:00', 5006),
(330889, 52710399, 1036, 80104, 2000, '2020-08-05', '08:00:00', 5004),
(330890, 52710400, 1036, 80104, 0, '2020-08-06', '09:00:00', 5005),
(330891, 52710401, 1036, 80104, 10000, '2020-08-07', '10:00:00', 5006),
(330892, 52710402, 1036, 80104, 20000, '2020-08-08', '11:00:00', 5004),
(330893, 52710403, 1036, 80105, 0, '2020-08-09', '12:00:00', 5005),
(330894, 52710404, 1036, 80105, 10000, '2020-08-10', '13:00:00', 5006),
(330895, 52710405, 1036, 80105, 2000, '2020-08-11', '14:00:00', 5004),
(330896, 52710406, 1036, 80105, 0, '2020-08-12', '15:00:00', 5005),
(330897, 52710407, 1036, 80105, 10000, '2020-08-13', '16:00:00', 5006),
(330898, 52710408, 1036, 80105, 20000, '2020-08-14', '17:00:00', 5004),
(330899, 52710409, 1036, 80105, 0, '2020-08-15', '18:00:00', 5005),
(330900, 52710410, 1036, 80105, 10000, '2020-08-16', '19:00:00', 5006),
(330901, 52710411, 1037, 80106, 2000, '2020-08-17', '20:00:00', 5004),
(330902, 52710412, 1037, 80106, 0, '2020-08-18', '21:00:00', 5005),
(330903, 52710413, 1037, 80106, 10000, '2020-08-19', '22:00:00', 5006),
(330904, 52710414, 1037, 80106, 20000, '2020-08-20', '23:00:00', 5004),
(330905, 52710415, 1037, 80106, 0, '2020-08-21', '00:00:00', 5005),
(330906, 52710416, 1037, 80106, 10000, '2020-08-22', '01:00:00', 5006),
(330907, 52710417, 1037, 80106, 2000, '2020-08-23', '02:00:00', 5004),
(330908, 52710418, 1037, 80106, 0, '2020-08-24', '03:00:00', 5005),
(330909, 52710419, 1037, 80106, 10000, '2020-08-25', '04:00:00', 5006),
(330910, 52710420, 1037, 80106, 20000, '2020-08-26', '05:00:00', 5004),
(330911, 52710421, 1037, 80107, 0, '2020-08-27', '06:00:00', 5005),
(330912, 52710422, 1037, 80107, 10000, '2020-08-28', '07:00:00', 5006),
(330913, 52710423, 1037, 80107, 2000, '2020-08-29', '08:00:00', 5004),
(330914, 52710424, 1037, 80107, 0, '2020-08-30', '09:00:00', 5005),
(330915, 52710425, 1037, 80107, 10000, '2020-08-31', '10:00:00', 5006),
(330916, 52710426, 1037, 80107, 20000, '2020-09-01', '11:00:00', 5004),
(330917, 52710427, 1037, 80107, 0, '2020-09-02', '12:00:00', 5005),
(330918, 52710428, 1037, 80107, 10000, '2020-09-03', '13:00:00', 5006),
(330919, 52710429, 1037, 80107, 2000, '2020-09-04', '14:00:00', 5004),
(330920, 52710430, 1037, 80107, 0, '2020-09-05', '15:00:00', 5005),
(330921, 52710431, 1037, 80108, 10000, '2020-09-06', '16:00:00', 5006),
(330922, 52710432, 1037, 80108, 20000, '2020-09-07', '17:00:00', 5004),
(330923, 52710433, 1037, 80108, 0, '2020-09-08', '18:00:00', 5005),
(330924, 52710434, 1037, 80108, 10000, '2020-09-09', '19:00:00', 5006),
(330925, 52710435, 1037, 80108, 2000, '2020-09-10', '20:00:00', 5004),
(330926, 52710436, 1037, 80108, 0, '2020-09-11', '21:00:00', 5005),
(330927, 52710437, 1037, 80108, 10000, '2020-09-12', '22:00:00', 5006),
(330928, 52710438, 1037, 80108, 20000, '2020-09-13', '23:00:00', 5004),
(330929, 52710439, 1037, 80109, 0, '2020-09-14', '00:00:00', 5005),
(330930, 52710440, 1037, 80109, 10000, '2020-09-15', '01:00:00', 5006),
(330931, 52710441, 1037, 80109, 2000, '2020-09-16', '02:00:00', 5004),
(330932, 52710442, 1037, 80109, 0, '2020-09-17', '03:00:00', 5005),
(330933, 52710443, 1037, 80109, 10000, '2020-09-18', '04:00:00', 5006),
(330934, 52710444, 1037, 80109, 20000, '2020-09-19', '05:00:00', 5004),
(330935, 52710445, 1037, 80109, 0, '2020-09-20', '06:00:00', 5005),
(330936, 52710446, 1037, 80109, 10000, '2020-09-21', '07:00:00', 5006),
(330937, 52710447, 1037, 80110, 2000, '2020-09-22', '08:00:00', 5004),
(330938, 52710448, 1037, 80110, 0, '2020-09-23', '09:00:00', 5005),
(330939, 52710449, 1037, 80110, 10000, '2020-09-24', '10:00:00', 5006),
(330940, 52710450, 1037, 80110, 20000, '2020-09-25', '11:00:00', 5004),
(330941, 52710451, 1037, 80110, 0, '2020-09-26', '12:00:00', 5005),
(330942, 52710452, 1037, 80110, 10000, '2020-09-27', '13:00:00', 5006),
(330943, 52710453, 1037, 80110, 2000, '2020-09-28', '14:00:00', 5004),
(330944, 52710454, 1037, 80110, 0, '2020-09-29', '15:00:00', 5005),
(330945, 52710455, 1037, 80111, 10000, '2020-09-30', '16:00:00', 5006),
(330946, 52710456, 1037, 80111, 20000, '2020-10-01', '17:00:00', 5004),
(330947, 52710457, 1037, 80111, 0, '2020-10-02', '18:00:00', 5005),
(330948, 52710458, 1037, 80111, 10000, '2020-10-03', '19:00:00', 5006),
(330949, 52710459, 1037, 80111, 2000, '2020-10-04', '20:00:00', 5004),
(330950, 52710460, 1037, 80111, 0, '2020-10-05', '21:00:00', 5005),
(330951, 52710461, 1037, 80111, 10000, '2020-10-06', '22:00:00', 5006),
(330952, 52710462, 1037, 80111, 20000, '2020-10-07', '23:00:00', 5004),
(330953, 52710463, 1037, 80112, 0, '2020-10-08', '00:00:00', 5005),
(330954, 52710464, 1037, 80112, 10000, '2020-10-09', '01:00:00', 5006),
(330955, 52710465, 1037, 80112, 2000, '2020-10-10', '02:00:00', 5004),
(330956, 52710466, 1037, 80112, 0, '2020-10-11', '03:00:00', 5005),
(330957, 52710467, 1037, 80112, 10000, '2020-10-12', '04:00:00', 5006),
(330958, 52710468, 1037, 80112, 20000, '2020-10-13', '05:00:00', 5004),
(330959, 52710469, 1037, 80112, 0, '2020-10-14', '06:00:00', 5005),
(330960, 52710470, 1037, 80112, 10000, '2020-10-15', '07:00:00', 5006),
(330961, 52710471, 1038, 80113, 2000, '2020-10-16', '08:00:00', 5004),
(330962, 52710472, 1038, 80113, 0, '2020-10-17', '09:00:00', 5005),
(330963, 52710473, 1038, 80113, 10000, '2020-10-18', '10:00:00', 5006),
(330964, 52710474, 1038, 80113, 20000, '2020-10-19', '11:00:00', 5004),
(330965, 52710475, 1038, 80113, 0, '2020-10-20', '12:00:00', 5005),
(330966, 52710476, 1038, 80113, 10000, '2020-10-21', '13:00:00', 5006),
(330967, 52710477, 1038, 80113, 2000, '2020-10-22', '14:00:00', 5004),
(330968, 52710478, 1038, 80113, 0, '2020-10-23', '15:00:00', 5005),
(330969, 52710479, 1038, 80113, 10000, '2020-10-24', '16:00:00', 5006),
(330970, 52710480, 1038, 80113, 20000, '2020-10-25', '17:00:00', 5004),
(330971, 52710481, 1038, 80114, 0, '2020-10-26', '18:00:00', 5005),
(330972, 52710482, 1038, 80114, 10000, '2020-10-27', '19:00:00', 5006),
(330973, 52710483, 1038, 80114, 2000, '2020-10-28', '20:00:00', 5004),
(330974, 52710484, 1038, 80114, 0, '2020-10-29', '21:00:00', 5005),
(330975, 52710485, 1038, 80114, 10000, '2020-10-30', '22:00:00', 5006),
(330976, 52710486, 1038, 80114, 20000, '2020-10-31', '23:00:00', 5004),
(330977, 52710487, 1038, 80114, 0, '2020-11-01', '00:00:00', 5005),
(330978, 52710488, 1038, 80114, 10000, '2020-11-02', '01:00:00', 5006),
(330979, 52710489, 1038, 80114, 2000, '2020-11-03', '02:00:00', 5004),
(330980, 52710490, 1038, 80114, 0, '2020-11-04', '03:00:00', 5005),
(330981, 52710491, 1038, 80115, 10000, '2020-11-05', '04:00:00', 5006),
(330982, 52710492, 1038, 80115, 20000, '2020-11-06', '05:00:00', 5004),
(330983, 52710493, 1038, 80115, 0, '2020-11-07', '06:00:00', 5005),
(330984, 52710494, 1038, 80115, 10000, '2020-11-08', '07:00:00', 5006),
(330985, 52710495, 1038, 80115, 2000, '2020-11-09', '08:00:00', 5004),
(330986, 52710496, 1038, 80115, 0, '2020-11-10', '09:00:00', 5005),
(330987, 52710497, 1038, 80115, 10000, '2020-11-11', '10:00:00', 5006),
(330988, 52710498, 1038, 80115, 20000, '2020-11-12', '11:00:00', 5004),
(330989, 52710499, 1038, 80116, 0, '2020-11-13', '12:00:00', 5005),
(330990, 52710500, 1038, 80116, 10000, '2020-11-14', '13:00:00', 5006),
(330991, 52710501, 1038, 80116, 2000, '2020-11-15', '14:00:00', 5004),
(330992, 52710502, 1038, 80116, 0, '2020-11-16', '15:00:00', 5005),
(330993, 52710503, 1038, 80116, 10000, '2020-11-17', '16:00:00', 5006),
(330994, 52710504, 1038, 80116, 20000, '2020-11-18', '17:00:00', 5004),
(330995, 52710505, 1038, 80116, 0, '2020-11-19', '18:00:00', 5005),
(330996, 52710506, 1038, 80116, 10000, '2020-11-20', '19:00:00', 5006),
(330997, 52710507, 1038, 80117, 2000, '2020-11-21', '20:00:00', 5004),
(330998, 52710508, 1038, 80117, 0, '2020-11-22', '21:00:00', 5005),
(330999, 52710509, 1038, 80117, 10000, '2020-11-23', '22:00:00', 5006),
(331000, 52710510, 1038, 80117, 20000, '2020-11-24', '23:00:00', 5004),
(331001, 52710511, 1038, 80117, 0, '2020-11-25', '00:00:00', 5005),
(331002, 52710512, 1038, 80117, 10000, '2020-11-26', '01:00:00', 5006),
(331003, 52710513, 1038, 80117, 2000, '2020-11-27', '02:00:00', 5004),
(331004, 52710514, 1038, 80117, 0, '2020-11-28', '03:00:00', 5005),
(331005, 52710515, 1038, 80118, 10000, '2020-11-29', '04:00:00', 5006),
(331006, 52710516, 1038, 80118, 20000, '2020-11-30', '05:00:00', 5004),
(331007, 52710517, 1038, 80118, 0, '2020-12-01', '06:00:00', 5005),
(331008, 52710518, 1038, 80118, 10000, '2020-12-02', '07:00:00', 5006),
(331009, 52710519, 1038, 80118, 2000, '2020-12-03', '08:00:00', 5004),
(331010, 52710520, 1038, 80118, 0, '2020-12-04', '09:00:00', 5005),
(331011, 52710521, 1038, 80118, 10000, '2020-12-05', '10:00:00', 5006),
(331012, 52710522, 1038, 80118, 20000, '2020-12-06', '11:00:00', 5004),
(331013, 52710523, 1038, 80119, 0, '2020-12-07', '12:00:00', 5005),
(331014, 52710524, 1038, 80119, 10000, '2020-12-08', '13:00:00', 5006),
(331015, 52710525, 1038, 80119, 2000, '2020-12-09', '14:00:00', 5004),
(331016, 52710526, 1038, 80119, 0, '2020-12-10', '15:00:00', 5005),
(331017, 52710527, 1038, 80119, 10000, '2020-12-11', '16:00:00', 5006),
(331018, 52710528, 1038, 80119, 20000, '2020-12-12', '17:00:00', 5004),
(331019, 52710529, 1038, 80119, 0, '2020-12-13', '18:00:00', 5005),
(331020, 52710530, 1038, 80119, 10000, '2020-12-14', '19:00:00', 5006),
(331021, 52710531, 1039, 80120, 2000, '2020-12-15', '20:00:00', 5004),
(331022, 52710532, 1039, 80120, 0, '2020-12-16', '21:00:00', 5005),
(331023, 52710533, 1039, 80120, 10000, '2020-12-17', '22:00:00', 5006),
(331024, 52710534, 1039, 80120, 20000, '2020-12-18', '23:00:00', 5004),
(331025, 52710535, 1039, 80120, 0, '2020-12-19', '00:00:00', 5005),
(331026, 52710536, 1039, 80120, 10000, '2020-12-20', '01:00:00', 5006),
(331027, 52710537, 1039, 80120, 2000, '2020-12-21', '02:00:00', 5004),
(331028, 52710538, 1039, 80120, 0, '2020-12-22', '03:00:00', 5005),
(331029, 52710539, 1039, 80120, 10000, '2020-12-23', '04:00:00', 5006),
(331030, 52710540, 1039, 80120, 20000, '2020-12-24', '05:00:00', 5004),
(331031, 52710541, 1039, 80121, 0, '2020-12-25', '06:00:00', 5005),
(331032, 52710542, 1039, 80121, 10000, '2020-12-26', '07:00:00', 5006),
(331033, 52710543, 1039, 80121, 2000, '2020-12-27', '08:00:00', 5004),
(331034, 52710544, 1039, 80121, 0, '2020-12-28', '09:00:00', 5005),
(331035, 52710545, 1039, 80121, 10000, '2020-12-29', '10:00:00', 5006),
(331036, 52710546, 1039, 80121, 20000, '2020-12-30', '11:00:00', 5004),
(331037, 52710547, 1039, 80121, 0, '2020-12-31', '12:00:00', 5005),
(331038, 52710548, 1039, 80121, 10000, '2021-01-01', '13:00:00', 5006),
(331039, 52710549, 1039, 80121, 2000, '2021-01-02', '14:00:00', 5004),
(331040, 52710550, 1039, 80121, 0, '2021-01-03', '15:00:00', 5005),
(331041, 52710551, 1039, 80122, 10000, '2021-01-04', '16:00:00', 5006),
(331042, 52710552, 1039, 80122, 20000, '2021-01-05', '17:00:00', 5004),
(331043, 52710553, 1039, 80122, 0, '2021-01-06', '18:00:00', 5005),
(331044, 52710554, 1039, 80122, 10000, '2021-01-07', '19:00:00', 5006),
(331045, 52710555, 1039, 80122, 2000, '2021-01-08', '20:00:00', 5004),
(331046, 52710556, 1039, 80122, 0, '2021-01-09', '21:00:00', 5005),
(331047, 52710557, 1039, 80122, 10000, '2021-01-10', '22:00:00', 5006),
(331048, 52710558, 1039, 80122, 20000, '2021-01-11', '23:00:00', 5004),
(331049, 52710559, 1039, 80123, 0, '2021-01-12', '00:00:00', 5005),
(331050, 52710560, 1039, 80123, 10000, '2021-01-13', '01:00:00', 5006),
(331051, 52710561, 1039, 80123, 2000, '2021-01-14', '02:00:00', 5004),
(331052, 52710562, 1039, 80123, 0, '2021-01-15', '03:00:00', 5005),
(331053, 52710563, 1039, 80123, 10000, '2021-01-16', '04:00:00', 5006),
(331054, 52710564, 1039, 80123, 20000, '2021-01-17', '05:00:00', 5004),
(331055, 52710565, 1039, 80123, 0, '2021-01-18', '06:00:00', 5005),
(331056, 52710566, 1039, 80123, 10000, '2021-01-19', '07:00:00', 5006),
(331057, 52710567, 1039, 80124, 2000, '2021-01-20', '08:00:00', 5004),
(331058, 52710568, 1039, 80124, 0, '2021-01-21', '09:00:00', 5005),
(331059, 52710569, 1039, 80124, 10000, '2021-01-22', '10:00:00', 5006),
(331060, 52710570, 1039, 80124, 20000, '2021-01-23', '11:00:00', 5004),
(331061, 52710571, 1039, 80124, 0, '2021-01-24', '12:00:00', 5005),
(331062, 52710572, 1039, 80124, 10000, '2021-01-25', '13:00:00', 5006),
(331063, 52710573, 1039, 80124, 2000, '2021-01-26', '14:00:00', 5004),
(331064, 52710574, 1039, 80124, 0, '2021-01-27', '15:00:00', 5005),
(331065, 52710575, 1039, 80125, 10000, '2021-01-28', '16:00:00', 5006),
(331066, 52710576, 1039, 80125, 20000, '2021-01-29', '17:00:00', 5004),
(331067, 52710577, 1039, 80125, 0, '2021-01-30', '18:00:00', 5005),
(331068, 52710578, 1039, 80125, 10000, '2021-01-31', '19:00:00', 5006),
(331069, 52710579, 1039, 80125, 2000, '2021-02-01', '20:00:00', 5004),
(331070, 52710580, 1039, 80125, 0, '2021-02-02', '21:00:00', 5005),
(331071, 52710581, 1039, 80125, 10000, '2021-02-03', '22:00:00', 5006),
(331072, 52710582, 1039, 80125, 20000, '2021-02-04', '23:00:00', 5004),
(331073, 52710583, 1039, 80126, 0, '2021-02-05', '00:00:00', 5005),
(331074, 52710584, 1039, 80126, 10000, '2021-02-06', '01:00:00', 5006),
(331075, 52710585, 1039, 80126, 2000, '2021-02-07', '02:00:00', 5004),
(331076, 52710586, 1039, 80126, 0, '2021-02-08', '03:00:00', 5005),
(331077, 52710587, 1039, 80126, 10000, '2021-02-09', '04:00:00', 5006),
(331078, 52710588, 1039, 80126, 20000, '2021-02-10', '05:00:00', 5004),
(331079, 52710589, 1039, 80126, 0, '2021-02-11', '06:00:00', 5005),
(331080, 52710590, 1039, 80126, 10000, '2021-02-12', '07:00:00', 5006),
(331081, 52710591, 1040, 80127, 2000, '2021-02-13', '08:00:00', 5004),
(331082, 52710592, 1040, 80127, 0, '2021-02-14', '09:00:00', 5005),
(331083, 52710593, 1040, 80127, 10000, '2021-02-15', '10:00:00', 5006),
(331084, 52710594, 1040, 80127, 20000, '2021-02-16', '11:00:00', 5004),
(331085, 52710595, 1040, 80127, 0, '2021-02-17', '12:00:00', 5005),
(331086, 52710596, 1040, 80127, 10000, '2021-02-18', '13:00:00', 5006),
(331087, 52710597, 1040, 80127, 2000, '2021-02-19', '14:00:00', 5004),
(331088, 52710598, 1040, 80127, 0, '2021-02-20', '15:00:00', 5005),
(331089, 52710599, 1040, 80127, 10000, '2021-02-21', '16:00:00', 5006),
(331090, 52710600, 1040, 80127, 20000, '2021-02-22', '17:00:00', 5004),
(331091, 52710601, 1040, 80128, 0, '2021-02-23', '18:00:00', 5005),
(331092, 52710602, 1040, 80128, 10000, '2021-02-24', '19:00:00', 5006),
(331093, 52710603, 1040, 80128, 2000, '2021-02-25', '20:00:00', 5004),
(331094, 52710604, 1040, 80128, 0, '2021-02-26', '21:00:00', 5005),
(331095, 52710605, 1040, 80128, 10000, '2021-02-27', '22:00:00', 5006),
(331096, 52710606, 1040, 80128, 20000, '2021-02-28', '23:00:00', 5004),
(331097, 52710607, 1040, 80128, 0, '2021-03-01', '00:00:00', 5005),
(331098, 52710608, 1040, 80128, 10000, '2021-03-02', '01:00:00', 5006),
(331099, 52710609, 1040, 80128, 2000, '2021-03-03', '02:00:00', 5004),
(331100, 52710610, 1040, 80128, 0, '2021-03-04', '03:00:00', 5005),
(331101, 52710611, 1040, 80129, 10000, '2021-03-05', '04:00:00', 5006),
(331102, 52710612, 1040, 80129, 20000, '2021-03-06', '05:00:00', 5004),
(331103, 52710613, 1040, 80129, 0, '2021-03-07', '06:00:00', 5005),
(331104, 52710614, 1040, 80129, 10000, '2021-03-08', '07:00:00', 5006),
(331105, 52710615, 1040, 80129, 2000, '2021-03-09', '08:00:00', 5004),
(331106, 52710616, 1040, 80129, 0, '2021-03-10', '09:00:00', 5005),
(331107, 52710617, 1040, 80129, 10000, '2021-03-11', '10:00:00', 5006),
(331108, 52710618, 1040, 80129, 20000, '2021-03-12', '11:00:00', 5004),
(331109, 52710619, 1040, 80130, 0, '2021-03-13', '12:00:00', 5005),
(331110, 52710620, 1040, 80130, 10000, '2021-03-14', '13:00:00', 5006),
(331111, 52710621, 1040, 80130, 2000, '2021-03-15', '14:00:00', 5004),
(331112, 52710622, 1040, 80130, 0, '2021-03-16', '15:00:00', 5005),
(331113, 52710623, 1040, 80130, 10000, '2021-03-17', '16:00:00', 5006),
(331114, 52710624, 1040, 80130, 20000, '2021-03-18', '17:00:00', 5004),
(331115, 52710625, 1040, 80130, 0, '2021-03-19', '18:00:00', 5005),
(331116, 52710626, 1040, 80130, 10000, '2021-03-20', '19:00:00', 5006),
(331117, 52710627, 1040, 80131, 2000, '2021-03-21', '20:00:00', 5004),
(331118, 52710628, 1040, 80131, 0, '2021-03-22', '21:00:00', 5005),
(331119, 52710629, 1040, 80131, 10000, '2021-03-23', '22:00:00', 5006),
(331120, 52710630, 1040, 80131, 20000, '2021-03-24', '23:00:00', 5004),
(331121, 52710631, 1040, 80131, 0, '2021-03-25', '00:00:00', 5005),
(331122, 52710632, 1040, 80131, 10000, '2021-03-26', '01:00:00', 5006),
(331123, 52710633, 1040, 80131, 2000, '2021-03-27', '02:00:00', 5004),
(331124, 52710634, 1040, 80131, 0, '2021-03-28', '03:00:00', 5005),
(331125, 52710635, 1040, 80132, 10000, '2021-03-29', '04:00:00', 5006),
(331126, 52710636, 1040, 80132, 20000, '2021-03-30', '05:00:00', 5004),
(331127, 52710637, 1040, 80132, 0, '2021-03-31', '06:00:00', 5005),
(331128, 52710638, 1040, 80132, 10000, '2021-04-01', '07:00:00', 5006),
(331129, 52710639, 1040, 80132, 2000, '2021-04-02', '08:00:00', 5004),
(331130, 52710640, 1040, 80132, 0, '2021-04-03', '09:00:00', 5005),
(331131, 52710641, 1040, 80132, 10000, '2021-04-04', '10:00:00', 5006),
(331132, 52710642, 1040, 80132, 20000, '2021-04-05', '11:00:00', 5004),
(331133, 52710643, 1040, 80133, 0, '2021-04-06', '12:00:00', 5005),
(331134, 52710644, 1040, 80133, 10000, '2021-04-07', '13:00:00', 5006),
(331135, 52710645, 1040, 80133, 2000, '2021-04-08', '14:00:00', 5004),
(331136, 52710646, 1040, 80133, 0, '2021-04-09', '15:00:00', 5005),
(331137, 52710647, 1040, 80133, 10000, '2021-04-10', '16:00:00', 5006),
(331138, 52710648, 1040, 80133, 20000, '2021-04-11', '17:00:00', 5004),
(331139, 52710649, 1040, 80133, 0, '2021-04-12', '18:00:00', 5005),
(331140, 52710650, 1040, 80133, 10000, '2021-04-13', '19:00:00', 5006),
(331141, 52710651, 1041, 80134, 2000, '2021-04-14', '20:00:00', 5004),
(331142, 52710652, 1041, 80134, 0, '2021-04-15', '21:00:00', 5005),
(331143, 52710653, 1041, 80134, 10000, '2021-04-16', '22:00:00', 5006),
(331144, 52710654, 1041, 80134, 20000, '2021-04-17', '23:00:00', 5004),
(331145, 52710655, 1041, 80134, 0, '2021-04-18', '00:00:00', 5005),
(331146, 52710656, 1041, 80134, 10000, '2021-04-19', '01:00:00', 5006),
(331147, 52710657, 1041, 80134, 2000, '2021-04-20', '02:00:00', 5004),
(331148, 52710658, 1041, 80134, 0, '2021-04-21', '03:00:00', 5005),
(331149, 52710659, 1041, 80134, 10000, '2021-04-22', '04:00:00', 5006),
(331150, 52710660, 1041, 80134, 20000, '2021-04-23', '05:00:00', 5004),
(331151, 52710661, 1041, 80135, 0, '2021-04-24', '06:00:00', 5005),
(331152, 52710662, 1041, 80135, 10000, '2021-04-25', '07:00:00', 5006),
(331153, 52710663, 1041, 80135, 2000, '2021-04-26', '08:00:00', 5004),
(331154, 52710664, 1041, 80135, 0, '2021-04-27', '09:00:00', 5005),
(331155, 52710665, 1041, 80135, 10000, '2021-04-28', '10:00:00', 5006),
(331156, 52710666, 1041, 80135, 20000, '2021-04-29', '11:00:00', 5004),
(331157, 52710667, 1041, 80135, 0, '2021-04-30', '12:00:00', 5005),
(331158, 52710668, 1041, 80135, 10000, '2021-05-01', '13:00:00', 5006),
(331159, 52710669, 1041, 80135, 2000, '2021-05-02', '14:00:00', 5004),
(331160, 52710670, 1041, 80135, 0, '2021-05-03', '15:00:00', 5005),
(331161, 52710671, 1041, 80136, 10000, '2021-05-04', '16:00:00', 5006),
(331162, 52710672, 1041, 80136, 20000, '2021-05-05', '17:00:00', 5004),
(331163, 52710673, 1041, 80136, 0, '2021-05-06', '18:00:00', 5005),
(331164, 52710674, 1041, 80136, 10000, '2021-05-07', '19:00:00', 5006),
(331165, 52710675, 1041, 80136, 2000, '2021-05-08', '20:00:00', 5004),
(331166, 52710676, 1041, 80136, 0, '2021-05-09', '21:00:00', 5005),
(331167, 52710677, 1041, 80136, 10000, '2021-05-10', '22:00:00', 5006),
(331168, 52710678, 1041, 80136, 20000, '2021-05-11', '23:00:00', 5004),
(331169, 52710679, 1041, 80137, 0, '2021-05-12', '00:00:00', 5005),
(331170, 52710680, 1041, 80137, 10000, '2021-05-13', '01:00:00', 5006),
(331171, 52710681, 1041, 80137, 2000, '2021-05-14', '02:00:00', 5004),
(331172, 52710682, 1041, 80137, 0, '2021-05-15', '03:00:00', 5005),
(331173, 52710683, 1041, 80137, 10000, '2021-05-16', '04:00:00', 5006),
(331174, 52710684, 1041, 80137, 20000, '2021-05-17', '05:00:00', 5004),
(331175, 52710685, 1041, 80137, 0, '2021-05-18', '06:00:00', 5005),
(331176, 52710686, 1041, 80137, 10000, '2021-05-19', '07:00:00', 5006),
(331177, 52710687, 1041, 80138, 2000, '2021-05-20', '08:00:00', 5004),
(331178, 52710688, 1041, 80138, 0, '2021-05-21', '09:00:00', 5005),
(331179, 52710689, 1041, 80138, 10000, '2021-05-22', '10:00:00', 5006),
(331180, 52710690, 1041, 80138, 20000, '2021-05-23', '11:00:00', 5004),
(331181, 52710691, 1041, 80138, 0, '2021-05-24', '12:00:00', 5005),
(331182, 52710692, 1041, 80138, 10000, '2021-05-25', '13:00:00', 5006),
(331183, 52710693, 1041, 80138, 2000, '2021-05-26', '14:00:00', 5004),
(331184, 52710694, 1041, 80138, 0, '2021-05-27', '15:00:00', 5005),
(331185, 52710695, 1041, 80139, 10000, '2021-05-28', '16:00:00', 5006),
(331186, 52710696, 1041, 80139, 20000, '2021-05-29', '17:00:00', 5004),
(331187, 52710697, 1041, 80139, 0, '2021-05-30', '18:00:00', 5005),
(331188, 52710698, 1041, 80139, 10000, '2021-05-31', '19:00:00', 5006),
(331189, 52710699, 1041, 80139, 2000, '2021-06-01', '20:00:00', 5004),
(331190, 52710700, 1041, 80139, 0, '2021-06-02', '21:00:00', 5005),
(331191, 52710701, 1041, 80139, 10000, '2021-06-03', '22:00:00', 5006),
(331192, 52710702, 1041, 80139, 20000, '2021-06-04', '23:00:00', 5004),
(331193, 52710703, 1041, 80140, 0, '2021-06-05', '00:00:00', 5005),
(331194, 52710704, 1041, 80140, 10000, '2021-06-06', '01:00:00', 5006),
(331195, 52710705, 1041, 80140, 2000, '2021-06-07', '02:00:00', 5004),
(331196, 52710706, 1041, 80140, 0, '2021-06-08', '03:00:00', 5005),
(331197, 52710707, 1041, 80140, 10000, '2021-06-09', '04:00:00', 5006),
(331198, 52710708, 1041, 80140, 20000, '2021-06-10', '05:00:00', 5004),
(331199, 52710709, 1041, 80140, 0, '2021-06-11', '06:00:00', 5005),
(331200, 52710710, 1041, 80140, 10000, '2021-06-12', '07:00:00', 5006),
(331201, 52710711, 1042, 80141, 2000, '2021-06-13', '08:00:00', 5004),
(331202, 52710712, 1042, 80141, 0, '2021-06-14', '09:00:00', 5005),
(331203, 52710713, 1042, 80141, 10000, '2021-06-15', '10:00:00', 5006),
(331204, 52710714, 1042, 80141, 20000, '2021-06-16', '11:00:00', 5004),
(331205, 52710715, 1042, 80141, 0, '2021-06-17', '12:00:00', 5005),
(331206, 52710716, 1042, 80141, 10000, '2021-06-18', '13:00:00', 5006),
(331207, 52710717, 1042, 80141, 2000, '2021-06-19', '14:00:00', 5004),
(331208, 52710718, 1042, 80141, 0, '2021-06-20', '15:00:00', 5005),
(331209, 52710719, 1042, 80141, 10000, '2021-06-21', '16:00:00', 5006),
(331210, 52710720, 1042, 80141, 20000, '2021-06-22', '17:00:00', 5004),
(331211, 52710721, 1042, 80142, 0, '2021-06-23', '18:00:00', 5005),
(331212, 52710722, 1042, 80142, 10000, '2021-06-24', '19:00:00', 5006),
(331213, 52710723, 1042, 80142, 2000, '2021-06-25', '20:00:00', 5004),
(331214, 52710724, 1042, 80142, 0, '2021-06-26', '21:00:00', 5005),
(331215, 52710725, 1042, 80142, 10000, '2021-06-27', '22:00:00', 5006),
(331216, 52710726, 1042, 80142, 20000, '2021-06-28', '23:00:00', 5004),
(331217, 52710727, 1042, 80142, 0, '2021-06-29', '00:00:00', 5005),
(331218, 52710728, 1042, 80142, 10000, '2021-06-30', '01:00:00', 5006),
(331219, 52710729, 1042, 80142, 2000, '2021-07-01', '02:00:00', 5004),
(331220, 52710730, 1042, 80142, 0, '2021-07-02', '03:00:00', 5005),
(331221, 52710731, 1042, 80143, 10000, '2021-07-03', '04:00:00', 5006),
(331222, 52710732, 1042, 80143, 20000, '2021-07-04', '05:00:00', 5004),
(331223, 52710733, 1042, 80143, 0, '2021-07-05', '06:00:00', 5005),
(331224, 52710734, 1042, 80143, 10000, '2021-07-06', '07:00:00', 5006),
(331225, 52710735, 1042, 80143, 2000, '2021-07-07', '08:00:00', 5004),
(331226, 52710736, 1042, 80143, 0, '2021-07-08', '09:00:00', 5005),
(331227, 52710737, 1042, 80143, 10000, '2021-07-09', '10:00:00', 5006),
(331228, 52710738, 1042, 80143, 20000, '2021-07-10', '11:00:00', 5004),
(331229, 52710739, 1042, 80144, 0, '2021-07-11', '12:00:00', 5005),
(331230, 52710740, 1042, 80144, 10000, '2021-07-12', '13:00:00', 5006),
(331231, 52710741, 1042, 80144, 2000, '2021-07-13', '14:00:00', 5004),
(331232, 52710742, 1042, 80144, 0, '2021-07-14', '15:00:00', 5005),
(331233, 52710743, 1042, 80144, 10000, '2021-07-15', '16:00:00', 5006),
(331234, 52710744, 1042, 80144, 20000, '2021-07-16', '17:00:00', 5004),
(331235, 52710745, 1042, 80144, 0, '2021-07-17', '18:00:00', 5005),
(331236, 52710746, 1042, 80144, 10000, '2021-07-18', '19:00:00', 5006),
(331237, 52710747, 1042, 80145, 2000, '2021-07-19', '20:00:00', 5004),
(331238, 52710748, 1042, 80145, 0, '2021-07-20', '21:00:00', 5005),
(331239, 52710749, 1042, 80145, 10000, '2021-07-21', '22:00:00', 5006),
(331240, 52710750, 1042, 80145, 20000, '2021-07-22', '23:00:00', 5004),
(331241, 52710751, 1042, 80145, 0, '2021-07-23', '00:00:00', 5005),
(331242, 52710752, 1042, 80145, 10000, '2021-07-24', '01:00:00', 5006),
(331243, 52710753, 1042, 80145, 2000, '2021-07-25', '02:00:00', 5004),
(331244, 52710754, 1042, 80145, 0, '2021-07-26', '03:00:00', 5005),
(331245, 52710755, 1042, 80146, 10000, '2021-07-27', '04:00:00', 5006),
(331246, 52710756, 1042, 80146, 20000, '2021-07-28', '05:00:00', 5004),
(331247, 52710757, 1042, 80146, 0, '2021-07-29', '06:00:00', 5005),
(331248, 52710758, 1042, 80146, 10000, '2021-07-30', '07:00:00', 5006),
(331249, 52710759, 1042, 80146, 2000, '2021-07-31', '08:00:00', 5004),
(331250, 52710760, 1042, 80146, 0, '2021-08-01', '09:00:00', 5005),
(331251, 52710761, 1042, 80146, 10000, '2021-08-02', '10:00:00', 5006),
(331252, 52710762, 1042, 80146, 20000, '2021-08-03', '11:00:00', 5004),
(331253, 52710763, 1042, 80147, 0, '2021-08-04', '12:00:00', 5005),
(331254, 52710764, 1042, 80147, 10000, '2021-08-05', '13:00:00', 5006),
(331255, 52710765, 1042, 80147, 2000, '2021-08-06', '14:00:00', 5004),
(331256, 52710766, 1042, 80147, 0, '2021-08-07', '15:00:00', 5005),
(331257, 52710767, 1042, 80147, 10000, '2021-08-08', '16:00:00', 5006),
(331258, 52710768, 1042, 80147, 20000, '2021-08-09', '17:00:00', 5004),
(331259, 52710769, 1042, 80147, 0, '2021-08-10', '18:00:00', 5005),
(331260, 52710770, 1042, 80147, 10000, '2021-08-11', '19:00:00', 5006);

-- --------------------------------------------------------

--
-- Estructura de tabla para la tabla `enfermera`
--

CREATE TABLE `enfermera` (
  `id` int(11) NOT NULL,
  `nombre` varchar(30) DEFAULT NULL,
  `apellido` varchar(30) DEFAULT NULL
) ENGINE=InnoDB DEFAULT CHARSET=latin1;

--
-- Volcado de datos para la tabla `enfermera`
--

INSERT INTO `enfermera` (`id`, `nombre`, `apellido`) VALUES
(9001, 'ADRIANA CAROLINA', 'HERNANDEZ MONTERROZA'),
(9002, 'ADRIANA MARCELA', 'REY SANCHEZ'),
(9003, 'ADRIANA MARCELA', 'REY SANCHEZ'),
(9004, 'ALEJANDRO', 'ABONDANO ACEVEDO'),
(9005, 'ALEXANDER', 'CARVAJAL VARGAS'),
(9006, 'ANDREA CATALINA', 'ACERO CARO'),
(9007, 'ANDREA LILIANA', 'CRUZ GARCIA'),
(9008, 'ANDRES FELIPE', 'VILLA MONROY'),
(9009, 'ANGELA PATRICIA', 'MAHECHA PIÑEROS'),
(9010, 'ANGELICA LISSETH', 'BLANCO CONCHA'),
(9011, 'ANGELICA MARIA', 'ROCHA GARCIA'),
(9012, 'ANGIE TATIANA', 'FERNÁNDEZ MARTÍNEZ'),
(9013, 'BRIGITE', 'POLANCO RUIZ'),
(9014, 'CAMILO', 'VILLAMIZAR ARISTIZABAL'),
(9015, 'CAMILO', 'RODRÍGUEZ BOTERO'),
(9016, 'CAMILO ALBERTO', 'CORTÉS MONTEJO'),
(9017, 'CAMILO ENRIQUE', 'GOMEZ RODRIGUEZ'),
(9018, 'CARLOS ANDRÉS', 'POLO CASTELLANOS'),
(9019, 'CARLOS DIDIER', 'CASTAÑO CONTRERAS'),
(9020, 'CARLOS FELIPE', 'MOGOLLÓN PACHÓN'),
(9021, 'CAROL RUCHINA', 'GOMEZ GIANINE'),
(9022, 'CAROL RUCHINA', 'GOMEZ GIANINE'),
(9023, 'CAROLINA', 'PINTOR PINZON'),
(9024, 'CATHERINE', 'OSPINA ALFONSO'),
(9025, 'CINTHYA FERNANDA', 'DUSSÁN GUZMÁN'),
(9026, 'CLAUDIA LILIANA', 'TORRES FRIAS'),
(9027, 'CRISTINA ELIZABETH', 'BARTHEL GUARDIOLA'),
(9028, 'DANIEL', 'GÓMEZ DELGADO'),
(9029, 'DANIEL ANDRÉS', 'CASTIBLANCO SALGADO'),
(9030, 'DANIELA', 'HERNÁNDEZ BRAVO'),
(9031, 'DANIELA', 'HERNÁNDEZ BRAVO'),
(9032, 'DANIELA', 'GUZMÁN'),
(9033, 'DANIELA KATHERINNE', 'SUARIQUE ÁVILA'),
(9034, 'DANIELLA', 'PUERTO NAVIA'),
(9035, 'DENY MARCELA', 'MUÑOZ LIZARAZO'),
(9036, 'DIANA CAROLINA', 'LOPEZ RODRIGUEZ'),
(9037, 'DIANA CATALINA', 'DIAZ BELTRAN'),
(9038, 'DIEGO ALEJANDRO', 'FORERO PEÑA'),
(9039, 'ESTEWIL CARLOS', 'QUESADA CALDERÍN'),
(9040, 'ESTEWIL CARLOS', 'QUESADA CALDERÍN'),
(9041, 'FABIAN ANDRES', 'FINO ANDRADE'),
(9042, 'GABRIEL FELIPE', 'HERRERA MORENO'),
(9043, 'GABRIEL MAURICIO', 'NIETO BUSTOS'),
(9044, 'GABRIEL MAURICIO', 'NIETO BUSTOS'),
(9045, 'GLORIA PATRICIA', 'MENDOZA ALVEAR'),
(9046, 'HUGO ANDRÉS', 'CAMARGO VARGAS'),
(9047, 'INGRID ROCIO', 'GUERRERO PENAGOS'),
(9048, 'IVÁN DAVID', 'CORAL BURBANO'),
(9049, 'IVONNE JOULIETTE', 'BARRERA LOPEZ'),
(9050, 'JENNY FERNANDA', 'SÁNCHEZ ARENAS'),
(9051, 'JENNY VIVIANA', 'MONCALEANO PRECIADO'),
(9052, 'JORGE ESTEBAN', 'REY BOTERO'),
(9053, 'JORGE MARIO', 'OROZCO DUSSÁN'),
(9054, 'JORGE MARIO', 'OROZCO DUSSÁN'),
(9055, 'JOSE GUILLERMO', 'MARIN ZUBIETA'),
(9056, 'JUAN CAMILO', 'ORTEGA PEÑA'),
(9057, 'JUAN CAMILO', 'JIMENEZ CORTES'),
(9058, 'JUAN CAMILO', 'JIMENEZ CORTES'),
(9059, 'JUAN ESTEBAN', 'LANAO SÁNCHEZ'),
(9060, 'JUAN FERNANDO', 'BARJUCH MORENO'),
(9061, 'JUAN SEBASTIAN', 'ROMERO ESCOBAR'),
(9062, 'JUAN SEBASTIAN', 'TARQUINO ACOSTA'),
(9063, 'JUAN SEBASTIAN', 'SANCHEZ SANCHEZ'),
(9064, 'JULIÁN', 'ROMERO MONTOYA'),
(9065, 'JULIAN LEONARDO', 'SANCHEZ PRADA'),
(9066, 'JULIANA', 'GAVIRIA GARCIA'),
(9067, 'JULY CATHERINE', 'GONZALEZ SUAREZ'),
(9068, 'KAREN ELIANA', 'HERNÁNDEZ PULIDO'),
(9069, 'LAURA', 'DIAZ MEJIA'),
(9070, 'LAURA CAMILA', 'PUERTO CASTRO'),
(9071, 'LAURA CATALINA', 'VARON BUITRAGO'),
(9072, 'LAURA FERNANDA', 'RODRÍGUEZ TORRES'),
(9073, 'LAURA FERNANDA', 'RODRÍGUEZ TORRES'),
(9074, 'LAURA NATALIA', 'NOVOA GOMEZ'),
(9075, 'LAURA VIVIANA', 'DEL RÍO AYERBE'),
(9076, 'LEONARDO ANDRÉS', 'DUEÑAS ROJAS'),
(9077, 'LINA MARÍA', 'ZÚÑIGA RAMÍREZ'),
(9078, 'LISETH TATIANA', 'SIERRA VILLAMIL'),
(9079, 'LISETH TATIANA', 'SIERRA VILLAMIL'),
(9080, 'LUISA FERNANDA', 'GARCÍA FONNEGRA'),
(9081, 'LUISA FERNANDA', 'GARCÍA FONNEGRA'),
(9082, 'MARCELA', 'GARCIA RUEDA'),
(9083, 'MARIA ALEJANDRA', 'BOLÍVAR GALEANO'),
(9084, 'MARIA ALEJANDRA', 'HORTA OCHOA'),
(9085, 'MARÍA ANGÉLICA', 'BELTRÁN CASTILLO'),
(9086, 'MARÍA CAMILA', 'GUACAS JIMÉNEZ'),
(9087, 'MARIA CAMILA', 'NIETO BUSTOS'),
(9088, 'MARIA JOSÉ', 'GARCÍA MORA'),
(9089, 'MARIA JOSÉ', 'GARCÍA MORA'),
(9090, 'MARIA MARGARITA', 'PEREZ MORENO'),
(9091, 'MARIA MARGARITA', 'PEREZ MORENO'),
(9092, 'MARIA NATALIA', 'CERVANTES LUNA'),
(9093, 'MARIANA DEL PILAR', 'SANTOS MILACHAY'),
(9094, 'MARIO FERNANDO', 'GARZÓN MUÑOZ'),
(9095, 'MÓNICA ALEXANDRA', 'CAMACHO AMAYA'),
(9096, 'MÓNICA NATALIA', 'CAMARGO MENDOZA'),
(9097, 'NATALIA', 'BUITRAGO CONTRERAS'),
(9098, 'NATALIA', 'PUENTES PERDOMO'),
(9099, 'NATALIA ANDREA', 'GUTIÉRREZ VELASCO'),
(9100, 'NATALIA MELISSA', 'BARRERO FORERO'),
(9101, 'NATALIA VIVY', 'CASAS PÁEZ'),
(9102, 'OLGA STEPHANNIA', 'SAMAN JIMENEZ'),
(9103, 'OLGA VIVIANA', 'OVALLE SOLANO'),
(9104, 'OSCAR  FABIAN', 'CASTELLANOS ROJAS'),
(9105, 'OSCAR DAVID', 'COLMENARES BARBUDO');

-- --------------------------------------------------------

--
-- Estructura de tabla para la tabla `especialidad_habitacion`
--

CREATE TABLE `especialidad_habitacion` (
  `id` int(11) NOT NULL,
  `nombre` varchar(30) DEFAULT NULL
) ENGINE=InnoDB DEFAULT CHARSET=latin1;

--
-- Volcado de datos para la tabla `especialidad_habitacion`
--

INSERT INTO `especialidad_habitacion` (`id`, `nombre`) VALUES
(301, 'Urgencia'),
(302, 'Psiquiatria'),
(303, 'Neurocirugua'),
(304, 'Traumatologia'),
(305, 'Pediatria');

-- --------------------------------------------------------

--
-- Estructura de tabla para la tabla `especialidad_medico`
--

CREATE TABLE `especialidad_medico` (
  `id` int(11) NOT NULL,
  `nombre` varchar(30) DEFAULT NULL
) ENGINE=InnoDB DEFAULT CHARSET=latin1;

--
-- Volcado de datos para la tabla `especialidad_medico`
--

INSERT INTO `especialidad_medico` (`id`, `nombre`) VALUES
(801, 'Urgencia'),
(802, 'Psiquiatria'),
(803, 'Neurocirugua'),
(804, 'Traumatologia'),
(805, 'Pediatria'),
(806, 'Medicina General'),
(807, 'Dermatologia ');

-- --------------------------------------------------------

--
-- Estructura de tabla para la tabla `estado_cita`
--

CREATE TABLE `estado_cita` (
  `id` int(11) NOT NULL,
  `nombre` varchar(20) DEFAULT NULL
) ENGINE=InnoDB DEFAULT CHARSET=latin1;

--
-- Volcado de datos para la tabla `estado_cita`
--

INSERT INTO `estado_cita` (`id`, `nombre`) VALUES
(5004, 'Realizada'),
(5005, 'Cancelada'),
(5006, 'No asistio');

-- --------------------------------------------------------

--
-- Estructura de tabla para la tabla `estado_hospitalizacion`
--

CREATE TABLE `estado_hospitalizacion` (
  `id` int(11) NOT NULL,
  `nombre` varchar(20) DEFAULT NULL
) ENGINE=InnoDB DEFAULT CHARSET=latin1;

--
-- Volcado de datos para la tabla `estado_hospitalizacion`
--

INSERT INTO `estado_hospitalizacion` (`id`, `nombre`) VALUES
(5001, 'Realizado'),
(5002, 'En curso'),
(5003, 'Cancelado');

-- --------------------------------------------------------

--
-- Estructura de tabla para la tabla `estado_paciente`
--

CREATE TABLE `estado_paciente` (
  `id` int(11) NOT NULL,
  `nombre` varchar(20) DEFAULT NULL
) ENGINE=InnoDB DEFAULT CHARSET=latin1;

--
-- Volcado de datos para la tabla `estado_paciente`
--

INSERT INTO `estado_paciente` (`id`, `nombre`) VALUES
(5007, 'Afiliado'),
(5008, 'No Afiliado');

-- --------------------------------------------------------

--
-- Estructura de tabla para la tabla `habitacion`
--

CREATE TABLE `habitacion` (
  `id` int(11) NOT NULL,
  `id_shh` int(11) DEFAULT NULL,
  `id_especialidad` int(11) DEFAULT NULL
) ENGINE=InnoDB DEFAULT CHARSET=latin1;

--
-- Volcado de datos para la tabla `habitacion`
--

INSERT INTO `habitacion` (`id`, `id_shh`, `id_especialidad`) VALUES
(2001, 1001, 301),
(2002, 1001, 301),
(2003, 1001, 301),
(2004, 1001, 302),
(2005, 1001, 302),
(2006, 1001, 302),
(2007, 1001, 303),
(2008, 1001, 303),
(2009, 1001, 303),
(2010, 1001, 304),
(2011, 1001, 304),
(2012, 1001, 304),
(2013, 1001, 305),
(2014, 1001, 305),
(2015, 1001, 305),
(2016, 1002, 301),
(2017, 1002, 301),
(2018, 1002, 301),
(2019, 1002, 302),
(2020, 1002, 302),
(2021, 1002, 302),
(2022, 1002, 303),
(2023, 1002, 303),
(2024, 1002, 303),
(2025, 1002, 304),
(2026, 1002, 304),
(2027, 1002, 304),
(2028, 1002, 305),
(2029, 1002, 305),
(2030, 1002, 305),
(2031, 1003, 301),
(2032, 1003, 301),
(2033, 1003, 301),
(2034, 1003, 302),
(2035, 1003, 302),
(2036, 1003, 302),
(2037, 1003, 303),
(2038, 1003, 303),
(2039, 1003, 303),
(2040, 1003, 304),
(2041, 1003, 304),
(2042, 1003, 304),
(2043, 1003, 305),
(2044, 1003, 305),
(2045, 1003, 305),
(2046, 1004, 301),
(2047, 1004, 301),
(2048, 1004, 301),
(2049, 1004, 302),
(2050, 1004, 302),
(2051, 1004, 302),
(2052, 1004, 303),
(2053, 1004, 303),
(2054, 1004, 303),
(2055, 1004, 304),
(2056, 1004, 304),
(2057, 1004, 304),
(2058, 1004, 305),
(2059, 1004, 305),
(2060, 1004, 305),
(2061, 1005, 301),
(2062, 1005, 301),
(2063, 1005, 301),
(2064, 1005, 302),
(2065, 1005, 302),
(2066, 1005, 302),
(2067, 1005, 303),
(2068, 1005, 303),
(2069, 1005, 303),
(2070, 1005, 304),
(2071, 1005, 304),
(2072, 1005, 304),
(2073, 1005, 305),
(2074, 1005, 305),
(2075, 1005, 305),
(2076, 1006, 301),
(2077, 1006, 301),
(2078, 1006, 301),
(2079, 1006, 302),
(2080, 1006, 302),
(2081, 1006, 302),
(2082, 1006, 303),
(2083, 1006, 303),
(2084, 1006, 303),
(2085, 1006, 304),
(2086, 1006, 304),
(2087, 1006, 304),
(2088, 1006, 305),
(2089, 1006, 305),
(2090, 1006, 305),
(2091, 1007, 301),
(2092, 1007, 301),
(2093, 1007, 301),
(2094, 1007, 302),
(2095, 1007, 302),
(2096, 1007, 302),
(2097, 1007, 303),
(2098, 1007, 303),
(2099, 1007, 303),
(2100, 1007, 304),
(2101, 1007, 304),
(2102, 1007, 304),
(2103, 1007, 305),
(2104, 1007, 305),
(2105, 1007, 305),
(2106, 1008, 301),
(2107, 1008, 301),
(2108, 1008, 301),
(2109, 1008, 302),
(2110, 1008, 302),
(2111, 1008, 302),
(2112, 1008, 303),
(2113, 1008, 303),
(2114, 1008, 303),
(2115, 1008, 304),
(2116, 1008, 304),
(2117, 1008, 304),
(2118, 1008, 305),
(2119, 1008, 305),
(2120, 1008, 305),
(2121, 1009, 301),
(2122, 1009, 301),
(2123, 1009, 301),
(2124, 1009, 302),
(2125, 1009, 302),
(2126, 1009, 302),
(2127, 1009, 303),
(2128, 1009, 303),
(2129, 1009, 303),
(2130, 1009, 304),
(2131, 1009, 304),
(2132, 1009, 304),
(2133, 1009, 305),
(2134, 1009, 305),
(2135, 1009, 305),
(2136, 1010, 301),
(2137, 1010, 301),
(2138, 1010, 301),
(2139, 1010, 302),
(2140, 1010, 302),
(2141, 1010, 302),
(2142, 1010, 303),
(2143, 1010, 303),
(2144, 1010, 303),
(2145, 1010, 304),
(2146, 1010, 304),
(2147, 1010, 304),
(2148, 1010, 305),
(2149, 1010, 305),
(2150, 1010, 305),
(2151, 1011, 301),
(2152, 1011, 301),
(2153, 1011, 301),
(2154, 1011, 302),
(2155, 1011, 302),
(2156, 1011, 302),
(2157, 1011, 303),
(2158, 1011, 303),
(2159, 1011, 303),
(2160, 1011, 304),
(2161, 1011, 304),
(2162, 1011, 304),
(2163, 1011, 305),
(2164, 1011, 305),
(2165, 1011, 305),
(2166, 1012, 301),
(2167, 1012, 301),
(2168, 1012, 301),
(2169, 1012, 302),
(2170, 1012, 302),
(2171, 1012, 302),
(2172, 1012, 303),
(2173, 1012, 303),
(2174, 1012, 303),
(2175, 1012, 304),
(2176, 1012, 304),
(2177, 1012, 304),
(2178, 1012, 305),
(2179, 1012, 305),
(2180, 1012, 305),
(2181, 1013, 301),
(2182, 1013, 301),
(2183, 1013, 301),
(2184, 1013, 302),
(2185, 1013, 302),
(2186, 1013, 302),
(2187, 1013, 303),
(2188, 1013, 303),
(2189, 1013, 303),
(2190, 1013, 304),
(2191, 1013, 304),
(2192, 1013, 304),
(2193, 1013, 305),
(2194, 1013, 305),
(2195, 1013, 305),
(2196, 1014, 301),
(2197, 1014, 301),
(2198, 1014, 301),
(2199, 1014, 302),
(2200, 1014, 302),
(2201, 1014, 302),
(2202, 1014, 303),
(2203, 1014, 303),
(2204, 1014, 303),
(2205, 1014, 304),
(2206, 1014, 304),
(2207, 1014, 304),
(2208, 1014, 305),
(2209, 1014, 305),
(2210, 1014, 305),
(2211, 1015, 301),
(2212, 1015, 301),
(2213, 1015, 301),
(2214, 1015, 302),
(2215, 1015, 302),
(2216, 1015, 302),
(2217, 1015, 303),
(2218, 1015, 303),
(2219, 1015, 303),
(2220, 1015, 304),
(2221, 1015, 304),
(2222, 1015, 304),
(2223, 1015, 305),
(2224, 1015, 305),
(2225, 1015, 305),
(2226, 1016, 301),
(2227, 1016, 301),
(2228, 1016, 301),
(2229, 1016, 302),
(2230, 1016, 302),
(2231, 1016, 302),
(2232, 1016, 303),
(2233, 1016, 303),
(2234, 1016, 303),
(2235, 1016, 304),
(2236, 1016, 304),
(2237, 1016, 304),
(2238, 1016, 305),
(2239, 1016, 305),
(2240, 1016, 305),
(2241, 1017, 301),
(2242, 1017, 301),
(2243, 1017, 301),
(2244, 1017, 302),
(2245, 1017, 302),
(2246, 1017, 302),
(2247, 1017, 303),
(2248, 1017, 303),
(2249, 1017, 303),
(2250, 1017, 304),
(2251, 1017, 304),
(2252, 1017, 304),
(2253, 1017, 305),
(2254, 1017, 305),
(2255, 1017, 305),
(2256, 1018, 301),
(2257, 1018, 301),
(2258, 1018, 301),
(2259, 1018, 302),
(2260, 1018, 302),
(2261, 1018, 302),
(2262, 1018, 303),
(2263, 1018, 303),
(2264, 1018, 303),
(2265, 1018, 304),
(2266, 1018, 304),
(2267, 1018, 304),
(2268, 1018, 305),
(2269, 1018, 305),
(2270, 1018, 305),
(2271, 1019, 301),
(2272, 1019, 301),
(2273, 1019, 301),
(2274, 1019, 302),
(2275, 1019, 302),
(2276, 1019, 302),
(2277, 1019, 303),
(2278, 1019, 303),
(2279, 1019, 303),
(2280, 1019, 304),
(2281, 1019, 304),
(2282, 1019, 304),
(2283, 1019, 305),
(2284, 1019, 305),
(2285, 1019, 305),
(2286, 1020, 301),
(2287, 1020, 301),
(2288, 1020, 301),
(2289, 1020, 302),
(2290, 1020, 302),
(2291, 1020, 302),
(2292, 1020, 303),
(2293, 1020, 303),
(2294, 1020, 303),
(2295, 1020, 304),
(2296, 1020, 304),
(2297, 1020, 304),
(2298, 1020, 305),
(2299, 1020, 305),
(2300, 1020, 305),
(2301, 1021, 301),
(2302, 1021, 301),
(2303, 1021, 301),
(2304, 1021, 302),
(2305, 1021, 302),
(2306, 1021, 302),
(2307, 1021, 303),
(2308, 1021, 303),
(2309, 1021, 303),
(2310, 1021, 304),
(2311, 1021, 304),
(2312, 1021, 304),
(2313, 1021, 305),
(2314, 1021, 305),
(2315, 1021, 305);

-- --------------------------------------------------------

--
-- Estructura de tabla para la tabla `hospitalizacion`
--

CREATE TABLE `hospitalizacion` (
  `id` int(11) NOT NULL,
  `id_enfermera` int(11) DEFAULT NULL,
  `id_habitacion` int(11) DEFAULT NULL,
  `id_estado` int(11) DEFAULT NULL,
  `valor` int(11) DEFAULT NULL,
  `fecha_entrada` date DEFAULT NULL,
  `fecha_salida` date DEFAULT NULL,
  `hora_entrada` time DEFAULT NULL,
  `hora_salida` time DEFAULT NULL
) ENGINE=InnoDB DEFAULT CHARSET=latin1;

--
-- Volcado de datos para la tabla `hospitalizacion`
--

INSERT INTO `hospitalizacion` (`id`, `id_enfermera`, `id_habitacion`, `id_estado`, `valor`, `fecha_entrada`, `fecha_salida`, `hora_entrada`, `hora_salida`) VALUES
(70001, 9001, 2001, 5001, 300000, '2018-03-01', '2018-03-03', '13:00:00', '15:00:00'),
(70002, 9001, 2002, 5002, 425000, '2018-03-02', '2018-03-04', '14:00:00', '16:36:00'),
(70003, 9001, 2003, 5003, 0, '2018-03-03', '2018-03-05', '17:43:00', '17:48:00'),
(70004, 9001, 2004, 5001, 300000, '2018-03-04', '2018-03-06', '19:33:00', '18:45:00'),
(70005, 9001, 2005, 5002, 425000, '2018-03-05', '2018-03-07', '19:59:00', '22:15:00'),
(70006, 9001, 2006, 5003, 0, '2018-03-06', '2018-03-08', '22:15:00', '23:45:00'),
(70007, 9002, 2007, 5001, 300000, '2018-03-07', '2018-03-09', '13:00:00', '15:00:00'),
(70008, 9002, 2008, 5002, 500000, '2018-03-08', '2018-03-10', '14:00:00', '16:36:00'),
(70009, 9002, 2009, 5003, 0, '2018-03-09', '2018-03-11', '17:43:00', '17:48:00'),
(70010, 9002, 2010, 5001, 500000, '2018-03-10', '2018-03-12', '19:33:00', '18:45:00'),
(70011, 9002, 2011, 5002, 425000, '2018-03-11', '2018-03-13', '19:59:00', '22:15:00'),
(70012, 9002, 2012, 5003, 0, '2018-03-12', '2018-03-14', '22:15:00', '23:45:00'),
(70013, 9003, 2013, 5001, 300000, '2018-03-13', '2018-03-15', '13:00:00', '15:00:00'),
(70014, 9003, 2014, 5002, 425000, '2018-03-14', '2018-03-16', '14:00:00', '16:36:00'),
(70015, 9003, 2015, 5003, 0, '2018-03-15', '2018-03-17', '17:43:00', '17:48:00'),
(70016, 9003, 2016, 5001, 300000, '2018-03-16', '2018-03-18', '19:33:00', '18:45:00'),
(70017, 9003, 2017, 5002, 425000, '2018-03-17', '2018-03-19', '19:59:00', '22:15:00'),
(70018, 9003, 2018, 5003, 0, '2018-03-18', '2018-03-20', '22:15:00', '23:45:00'),
(70019, 9004, 2019, 5001, 500000, '2018-03-19', '2018-03-21', '13:00:00', '15:00:00'),
(70020, 9004, 2020, 5002, 500000, '2018-03-20', '2018-03-22', '14:00:00', '16:36:00'),
(70021, 9004, 2021, 5003, 300000, '2018-03-21', '2018-03-23', '17:43:00', '17:48:00'),
(70022, 9004, 2022, 5001, 425000, '2018-03-22', '2018-03-24', '19:33:00', '18:45:00'),
(70023, 9004, 2023, 5002, 0, '2018-03-23', '2018-03-25', '19:59:00', '22:15:00'),
(70024, 9004, 2024, 5003, 300000, '2018-03-24', '2018-03-26', '22:15:00', '23:45:00'),
(70025, 9005, 2025, 5001, 425000, '2018-03-25', '2018-03-27', '13:00:00', '15:00:00'),
(70026, 9005, 2026, 5002, 0, '2018-03-26', '2018-03-28', '14:00:00', '16:36:00'),
(70027, 9005, 2027, 5003, 300000, '2018-03-27', '2018-03-29', '17:43:00', '17:48:00'),
(70028, 9005, 2028, 5001, 500000, '2018-03-28', '2018-03-30', '19:33:00', '18:45:00'),
(70029, 9005, 2029, 5002, 0, '2018-03-29', '2018-03-31', '19:59:00', '22:15:00'),
(70030, 9005, 2030, 5003, 500000, '2018-03-30', '2018-04-01', '22:15:00', '23:45:00'),
(70031, 9006, 2031, 5001, 425000, '2018-03-31', '2018-04-02', '13:00:00', '15:00:00'),
(70032, 9006, 2032, 5002, 0, '2018-04-01', '2018-04-03', '14:00:00', '16:36:00'),
(70033, 9006, 2033, 5003, 300000, '2018-04-02', '2018-04-04', '17:43:00', '17:48:00'),
(70034, 9006, 2034, 5001, 425000, '2018-04-03', '2018-04-05', '19:33:00', '18:45:00'),
(70035, 9006, 2035, 5002, 0, '2018-04-04', '2018-04-06', '19:59:00', '22:15:00'),
(70036, 9006, 2036, 5003, 300000, '2018-04-05', '2018-04-07', '22:15:00', '23:45:00'),
(70037, 9007, 2037, 5001, 425000, '2018-04-06', '2018-04-08', '13:00:00', '15:00:00'),
(70038, 9007, 2038, 5002, 0, '2018-04-07', '2018-04-09', '14:00:00', '16:36:00'),
(70039, 9007, 2039, 5003, 500000, '2018-04-08', '2018-04-10', '17:43:00', '17:48:00'),
(70040, 9007, 2040, 5001, 500000, '2018-04-09', '2018-04-11', '19:33:00', '18:45:00'),
(70041, 9007, 2041, 5002, 300000, '2018-04-10', '2018-04-12', '19:59:00', '22:15:00'),
(70042, 9007, 2042, 5003, 425000, '2018-04-11', '2018-04-13', '22:15:00', '23:45:00'),
(70043, 9008, 2043, 5001, 0, '2018-04-12', '2018-04-14', '13:00:00', '15:00:00'),
(70044, 9008, 2044, 5002, 300000, '2018-04-13', '2018-04-15', '14:00:00', '16:36:00'),
(70045, 9008, 2045, 5003, 425000, '2018-04-14', '2018-04-16', '17:43:00', '17:48:00'),
(70046, 9008, 2046, 5001, 0, '2018-04-15', '2018-04-17', '19:33:00', '18:45:00'),
(70047, 9008, 2047, 5002, 300000, '2018-04-16', '2018-04-18', '19:59:00', '22:15:00'),
(70048, 9008, 2048, 5003, 500000, '2018-04-17', '2018-04-19', '22:15:00', '23:45:00'),
(70049, 9009, 2049, 5001, 0, '2018-04-18', '2018-04-20', '13:00:00', '15:00:00'),
(70050, 9009, 2050, 5002, 500000, '2018-04-19', '2018-04-21', '14:00:00', '16:36:00'),
(70051, 9009, 2051, 5003, 425000, '2018-04-20', '2018-04-22', '17:43:00', '17:48:00'),
(70052, 9009, 2052, 5001, 0, '2018-04-21', '2018-04-23', '19:33:00', '18:45:00'),
(70053, 9009, 2053, 5002, 300000, '2018-04-22', '2018-04-24', '19:59:00', '22:15:00'),
(70054, 9009, 2054, 5003, 425000, '2018-04-23', '2018-04-25', '22:15:00', '23:45:00'),
(70055, 9010, 2055, 5001, 0, '2018-04-24', '2018-04-26', '13:00:00', '15:00:00'),
(70056, 9010, 2056, 5002, 300000, '2018-04-25', '2018-04-27', '14:00:00', '16:36:00'),
(70057, 9010, 2057, 5003, 425000, '2018-04-26', '2018-04-28', '17:43:00', '17:48:00'),
(70058, 9010, 2058, 5001, 0, '2018-04-27', '2018-04-29', '19:33:00', '18:45:00'),
(70059, 9010, 2059, 5002, 500000, '2018-04-28', '2018-04-30', '19:59:00', '22:15:00'),
(70060, 9010, 2060, 5003, 500000, '2018-04-29', '2018-05-01', '22:15:00', '23:45:00'),
(70061, 9011, 2061, 5001, 300000, '2018-04-30', '2018-05-02', '13:00:00', '15:00:00'),
(70062, 9011, 2062, 5002, 425000, '2018-05-01', '2018-05-03', '14:00:00', '16:36:00'),
(70063, 9011, 2063, 5003, 0, '2018-05-02', '2018-05-04', '17:43:00', '17:48:00'),
(70064, 9011, 2064, 5001, 300000, '2018-05-03', '2018-05-05', '19:33:00', '18:45:00'),
(70065, 9011, 2065, 5002, 425000, '2018-05-04', '2018-05-06', '19:59:00', '22:15:00'),
(70066, 9011, 2066, 5003, 0, '2018-05-05', '2018-05-07', '22:15:00', '23:45:00'),
(70067, 9012, 2067, 5001, 300000, '2018-05-06', '2018-05-08', '13:00:00', '15:00:00'),
(70068, 9012, 2068, 5002, 500000, '2018-05-07', '2018-05-09', '14:00:00', '16:36:00'),
(70069, 9012, 2069, 5003, 0, '2018-05-08', '2018-05-10', '17:43:00', '17:48:00'),
(70070, 9012, 2070, 5001, 500000, '2018-05-09', '2018-05-11', '19:33:00', '18:45:00'),
(70071, 9012, 2071, 5002, 425000, '2018-05-10', '2018-05-12', '19:59:00', '22:15:00'),
(70072, 9012, 2072, 5003, 0, '2018-05-11', '2018-05-13', '22:15:00', '23:45:00'),
(70073, 9013, 2073, 5001, 300000, '2018-05-12', '2018-05-14', '13:00:00', '15:00:00'),
(70074, 9013, 2074, 5002, 425000, '2018-05-13', '2018-05-15', '14:00:00', '16:36:00'),
(70075, 9013, 2075, 5003, 0, '2018-05-14', '2018-05-16', '17:43:00', '17:48:00'),
(70076, 9013, 2076, 5001, 300000, '2018-05-15', '2018-05-17', '19:33:00', '18:45:00'),
(70077, 9013, 2077, 5002, 425000, '2018-05-16', '2018-05-18', '19:59:00', '22:15:00'),
(70078, 9013, 2078, 5003, 0, '2018-05-17', '2018-05-19', '22:15:00', '23:45:00'),
(70079, 9014, 2079, 5001, 500000, '2018-05-18', '2018-05-20', '13:00:00', '15:00:00'),
(70080, 9014, 2080, 5002, 500000, '2018-05-19', '2018-05-21', '14:00:00', '16:36:00'),
(70081, 9014, 2081, 5003, 300000, '2018-05-20', '2018-05-22', '17:43:00', '17:48:00'),
(70082, 9014, 2082, 5001, 425000, '2018-05-21', '2018-05-23', '19:33:00', '18:45:00'),
(70083, 9014, 2083, 5002, 0, '2018-05-22', '2018-05-24', '19:59:00', '22:15:00'),
(70084, 9014, 2084, 5003, 300000, '2018-05-23', '2018-05-25', '22:15:00', '23:45:00'),
(70085, 9015, 2085, 5001, 425000, '2018-05-24', '2018-05-26', '13:00:00', '15:00:00'),
(70086, 9015, 2086, 5002, 0, '2018-05-25', '2018-05-27', '14:00:00', '16:36:00'),
(70087, 9015, 2087, 5003, 300000, '2018-05-26', '2018-05-28', '17:43:00', '17:48:00'),
(70088, 9015, 2088, 5001, 500000, '2018-05-27', '2018-05-29', '19:33:00', '18:45:00'),
(70089, 9015, 2089, 5002, 0, '2018-05-28', '2018-05-30', '19:59:00', '22:15:00'),
(70090, 9015, 2090, 5003, 500000, '2018-05-29', '2018-05-31', '22:15:00', '23:45:00'),
(70091, 9016, 2091, 5001, 425000, '2018-05-30', '2018-06-01', '13:00:00', '15:00:00'),
(70092, 9016, 2092, 5002, 0, '2018-05-31', '2018-06-02', '14:00:00', '16:36:00'),
(70093, 9016, 2093, 5003, 300000, '2018-06-01', '2018-06-03', '17:43:00', '17:48:00'),
(70094, 9016, 2094, 5001, 425000, '2018-06-02', '2018-06-04', '19:33:00', '18:45:00'),
(70095, 9016, 2095, 5002, 0, '2018-06-03', '2018-06-05', '19:59:00', '22:15:00'),
(70096, 9016, 2096, 5003, 300000, '2018-06-04', '2018-06-06', '22:15:00', '23:45:00'),
(70097, 9017, 2097, 5001, 425000, '2018-06-05', '2018-06-07', '13:00:00', '15:00:00'),
(70098, 9017, 2098, 5002, 0, '2018-06-06', '2018-06-08', '14:00:00', '16:36:00'),
(70099, 9017, 2099, 5003, 500000, '2018-06-07', '2018-06-09', '17:43:00', '17:48:00'),
(70100, 9017, 2100, 5001, 500000, '2018-06-08', '2018-06-10', '19:33:00', '18:45:00'),
(70101, 9017, 2101, 5002, 300000, '2018-06-09', '2018-06-11', '19:59:00', '22:15:00'),
(70102, 9017, 2102, 5003, 425000, '2018-06-10', '2018-06-12', '22:15:00', '23:45:00'),
(70103, 9018, 2103, 5001, 0, '2018-06-11', '2018-06-13', '13:00:00', '15:00:00'),
(70104, 9018, 2104, 5002, 300000, '2018-06-12', '2018-06-14', '14:00:00', '16:36:00'),
(70105, 9018, 2105, 5003, 425000, '2018-06-13', '2018-06-15', '17:43:00', '17:48:00'),
(70106, 9018, 2106, 5001, 0, '2018-06-14', '2018-06-16', '19:33:00', '18:45:00'),
(70107, 9018, 2107, 5002, 300000, '2018-06-15', '2018-06-17', '19:59:00', '22:15:00'),
(70108, 9018, 2108, 5003, 500000, '2018-06-16', '2018-06-18', '22:15:00', '23:45:00'),
(70109, 9019, 2109, 5001, 0, '2018-06-17', '2018-06-19', '13:00:00', '15:00:00'),
(70110, 9019, 2110, 5002, 500000, '2018-06-18', '2018-06-20', '14:00:00', '16:36:00'),
(70111, 9019, 2111, 5003, 425000, '2018-06-19', '2018-06-21', '17:43:00', '17:48:00'),
(70112, 9019, 2112, 5001, 0, '2018-06-20', '2018-06-22', '19:33:00', '18:45:00'),
(70113, 9019, 2113, 5002, 300000, '2018-06-21', '2018-06-23', '19:59:00', '22:15:00'),
(70114, 9019, 2114, 5003, 425000, '2018-06-22', '2018-06-24', '22:15:00', '23:45:00'),
(70115, 9020, 2115, 5001, 0, '2018-06-23', '2018-06-25', '13:00:00', '15:00:00'),
(70116, 9020, 2116, 5002, 300000, '2018-06-24', '2018-06-26', '14:00:00', '16:36:00'),
(70117, 9020, 2117, 5003, 425000, '2018-06-25', '2018-06-27', '17:43:00', '17:48:00'),
(70118, 9020, 2118, 5001, 0, '2018-06-26', '2018-06-28', '19:33:00', '18:45:00'),
(70119, 9020, 2119, 5002, 500000, '2018-06-27', '2018-06-29', '19:59:00', '22:15:00'),
(70120, 9020, 2120, 5003, 500000, '2018-06-28', '2018-06-30', '22:15:00', '23:45:00'),
(70121, 9021, 2121, 5001, 300000, '2018-06-29', '2018-07-01', '13:00:00', '15:00:00'),
(70122, 9021, 2122, 5002, 425000, '2018-06-30', '2018-07-02', '14:00:00', '16:36:00'),
(70123, 9021, 2123, 5003, 0, '2018-07-01', '2018-07-03', '17:43:00', '17:48:00'),
(70124, 9021, 2124, 5001, 300000, '2018-07-02', '2018-07-04', '19:33:00', '18:45:00'),
(70125, 9021, 2125, 5002, 425000, '2018-07-03', '2018-07-05', '19:59:00', '22:15:00'),
(70126, 9021, 2126, 5003, 0, '2018-07-04', '2018-07-06', '22:15:00', '23:45:00'),
(70127, 9022, 2127, 5001, 300000, '2018-07-05', '2018-07-07', '13:00:00', '15:00:00'),
(70128, 9022, 2128, 5002, 500000, '2018-07-06', '2018-07-08', '14:00:00', '16:36:00'),
(70129, 9022, 2129, 5003, 0, '2018-07-07', '2018-07-09', '17:43:00', '17:48:00'),
(70130, 9022, 2130, 5001, 500000, '2018-07-08', '2018-07-10', '19:33:00', '18:45:00'),
(70131, 9022, 2131, 5002, 425000, '2018-07-09', '2018-07-11', '19:59:00', '22:15:00'),
(70132, 9022, 2132, 5003, 0, '2018-07-10', '2018-07-12', '22:15:00', '23:45:00'),
(70133, 9023, 2133, 5001, 300000, '2018-07-11', '2018-07-13', '13:00:00', '15:00:00'),
(70134, 9023, 2134, 5002, 425000, '2018-07-12', '2018-07-14', '14:00:00', '16:36:00'),
(70135, 9023, 2135, 5003, 0, '2018-07-13', '2018-07-15', '17:43:00', '17:48:00'),
(70136, 9023, 2136, 5001, 300000, '2018-07-14', '2018-07-16', '19:33:00', '18:45:00'),
(70137, 9023, 2137, 5002, 425000, '2018-07-15', '2018-07-17', '19:59:00', '22:15:00'),
(70138, 9023, 2138, 5003, 0, '2018-07-16', '2018-07-18', '22:15:00', '23:45:00'),
(70139, 9024, 2139, 5001, 500000, '2018-07-17', '2018-07-19', '13:00:00', '15:00:00'),
(70140, 9024, 2140, 5002, 500000, '2018-07-18', '2018-07-20', '14:00:00', '16:36:00'),
(70141, 9024, 2141, 5003, 300000, '2018-07-19', '2018-07-21', '17:43:00', '17:48:00'),
(70142, 9024, 2142, 5001, 425000, '2018-07-20', '2018-07-22', '19:33:00', '18:45:00'),
(70143, 9024, 2143, 5002, 0, '2018-07-21', '2018-07-23', '19:59:00', '22:15:00'),
(70144, 9024, 2144, 5003, 300000, '2018-07-22', '2018-07-24', '22:15:00', '23:45:00'),
(70145, 9025, 2145, 5001, 425000, '2018-07-23', '2018-07-25', '13:00:00', '15:00:00'),
(70146, 9025, 2146, 5002, 0, '2018-07-24', '2018-07-26', '14:00:00', '16:36:00'),
(70147, 9025, 2147, 5003, 300000, '2018-07-25', '2018-07-27', '17:43:00', '17:48:00'),
(70148, 9025, 2148, 5001, 500000, '2018-07-26', '2018-07-28', '19:33:00', '18:45:00'),
(70149, 9025, 2149, 5002, 0, '2018-07-27', '2018-07-29', '19:59:00', '22:15:00'),
(70150, 9025, 2150, 5003, 500000, '2018-07-28', '2018-07-30', '22:15:00', '23:45:00'),
(70151, 9026, 2151, 5001, 425000, '2018-07-29', '2018-07-31', '13:00:00', '15:00:00'),
(70152, 9026, 2152, 5002, 0, '2018-07-30', '2018-08-01', '14:00:00', '16:36:00'),
(70153, 9026, 2153, 5003, 300000, '2018-07-31', '2018-08-02', '17:43:00', '17:48:00'),
(70154, 9026, 2154, 5001, 425000, '2018-08-01', '2018-08-03', '19:33:00', '18:45:00'),
(70155, 9026, 2155, 5002, 0, '2018-08-02', '2018-08-04', '19:59:00', '22:15:00'),
(70156, 9026, 2156, 5003, 300000, '2018-08-03', '2018-08-05', '22:15:00', '23:45:00'),
(70157, 9027, 2157, 5001, 425000, '2018-08-04', '2018-08-06', '13:00:00', '15:00:00'),
(70158, 9027, 2158, 5002, 0, '2018-08-05', '2018-08-07', '14:00:00', '16:36:00'),
(70159, 9027, 2159, 5003, 500000, '2018-08-06', '2018-08-08', '17:43:00', '17:48:00'),
(70160, 9027, 2160, 5001, 500000, '2018-08-07', '2018-08-09', '19:33:00', '18:45:00'),
(70161, 9027, 2161, 5002, 300000, '2018-08-08', '2018-08-10', '19:59:00', '22:15:00'),
(70162, 9027, 2162, 5003, 425000, '2018-08-09', '2018-08-11', '22:15:00', '23:45:00'),
(70163, 9028, 2163, 5001, 0, '2018-08-10', '2018-08-12', '13:00:00', '15:00:00'),
(70164, 9028, 2164, 5002, 300000, '2018-08-11', '2018-08-13', '14:00:00', '16:36:00'),
(70165, 9028, 2165, 5003, 425000, '2018-08-12', '2018-08-14', '17:43:00', '17:48:00'),
(70166, 9028, 2166, 5001, 0, '2018-08-13', '2018-08-15', '19:33:00', '18:45:00'),
(70167, 9028, 2167, 5002, 300000, '2018-08-14', '2018-08-16', '19:59:00', '22:15:00'),
(70168, 9028, 2168, 5003, 500000, '2018-08-15', '2018-08-17', '22:15:00', '23:45:00'),
(70169, 9029, 2169, 5001, 0, '2018-08-16', '2018-08-18', '13:00:00', '15:00:00'),
(70170, 9029, 2170, 5002, 500000, '2018-08-17', '2018-08-19', '14:00:00', '16:36:00'),
(70171, 9029, 2171, 5003, 425000, '2018-08-18', '2018-08-20', '17:43:00', '17:48:00'),
(70172, 9029, 2172, 5001, 0, '2018-08-19', '2018-08-21', '19:33:00', '18:45:00'),
(70173, 9029, 2173, 5002, 300000, '2018-08-20', '2018-08-22', '19:59:00', '22:15:00'),
(70174, 9029, 2174, 5003, 425000, '2018-08-21', '2018-08-23', '22:15:00', '23:45:00'),
(70175, 9030, 2175, 5001, 0, '2018-08-22', '2018-08-24', '13:00:00', '15:00:00'),
(70176, 9030, 2176, 5002, 300000, '2018-08-23', '2018-08-25', '14:00:00', '16:36:00'),
(70177, 9030, 2177, 5003, 425000, '2018-08-24', '2018-08-26', '17:43:00', '17:48:00'),
(70178, 9030, 2178, 5001, 0, '2018-08-25', '2018-08-27', '19:33:00', '18:45:00'),
(70179, 9030, 2179, 5002, 500000, '2018-08-26', '2018-08-28', '19:59:00', '22:15:00'),
(70180, 9030, 2180, 5003, 500000, '2018-08-27', '2018-08-29', '22:15:00', '23:45:00'),
(70181, 9031, 2181, 5001, 300000, '2018-08-28', '2018-08-30', '13:00:00', '15:00:00'),
(70182, 9031, 2182, 5002, 425000, '2018-08-29', '2018-08-31', '14:00:00', '16:36:00'),
(70183, 9031, 2183, 5003, 0, '2018-08-30', '2018-09-01', '17:43:00', '17:48:00'),
(70184, 9031, 2184, 5001, 300000, '2018-08-31', '2018-09-02', '19:33:00', '18:45:00'),
(70185, 9031, 2185, 5002, 425000, '2018-09-01', '2018-09-03', '19:59:00', '22:15:00'),
(70186, 9031, 2186, 5003, 0, '2018-09-02', '2018-09-04', '22:15:00', '23:45:00'),
(70187, 9032, 2187, 5001, 300000, '2018-09-03', '2018-09-05', '13:00:00', '15:00:00'),
(70188, 9032, 2188, 5002, 500000, '2018-09-04', '2018-09-06', '14:00:00', '16:36:00'),
(70189, 9032, 2189, 5003, 0, '2018-09-05', '2018-09-07', '17:43:00', '17:48:00'),
(70190, 9032, 2190, 5001, 500000, '2018-09-06', '2018-09-08', '19:33:00', '18:45:00'),
(70191, 9032, 2191, 5002, 425000, '2018-09-07', '2018-09-09', '19:59:00', '22:15:00'),
(70192, 9032, 2192, 5003, 0, '2018-09-08', '2018-09-10', '22:15:00', '23:45:00'),
(70193, 9033, 2193, 5001, 300000, '2018-09-09', '2018-09-11', '13:00:00', '15:00:00'),
(70194, 9033, 2194, 5002, 425000, '2018-09-10', '2018-09-12', '14:00:00', '16:36:00'),
(70195, 9033, 2195, 5003, 0, '2018-09-11', '2018-09-13', '17:43:00', '17:48:00'),
(70196, 9033, 2196, 5001, 300000, '2018-09-12', '2018-09-14', '19:33:00', '18:45:00'),
(70197, 9033, 2197, 5002, 425000, '2018-09-13', '2018-09-15', '19:59:00', '22:15:00'),
(70198, 9033, 2198, 5003, 0, '2018-09-14', '2018-09-16', '22:15:00', '23:45:00'),
(70199, 9034, 2199, 5001, 500000, '2018-09-15', '2018-09-17', '13:00:00', '15:00:00'),
(70200, 9034, 2200, 5002, 500000, '2018-09-16', '2018-09-18', '14:00:00', '16:36:00'),
(70201, 9034, 2201, 5003, 300000, '2018-09-17', '2018-09-19', '17:43:00', '17:48:00'),
(70202, 9034, 2202, 5001, 425000, '2018-09-18', '2018-09-20', '19:33:00', '18:45:00'),
(70203, 9034, 2203, 5002, 0, '2018-09-19', '2018-09-21', '19:59:00', '22:15:00'),
(70204, 9034, 2204, 5003, 300000, '2018-09-20', '2018-09-22', '22:15:00', '23:45:00'),
(70205, 9035, 2205, 5001, 425000, '2018-09-21', '2018-09-23', '13:00:00', '15:00:00'),
(70206, 9035, 2206, 5002, 0, '2018-09-22', '2018-09-24', '14:00:00', '16:36:00'),
(70207, 9035, 2207, 5003, 300000, '2018-09-23', '2018-09-25', '17:43:00', '17:48:00'),
(70208, 9035, 2208, 5001, 500000, '2018-09-24', '2018-09-26', '19:33:00', '18:45:00'),
(70209, 9035, 2209, 5002, 0, '2018-09-25', '2018-09-27', '19:59:00', '22:15:00'),
(70210, 9035, 2210, 5003, 500000, '2018-09-26', '2018-09-28', '22:15:00', '23:45:00'),
(70211, 9036, 2211, 5001, 425000, '2018-09-27', '2018-09-29', '13:00:00', '15:00:00'),
(70212, 9036, 2212, 5002, 0, '2018-09-28', '2018-09-30', '14:00:00', '16:36:00'),
(70213, 9036, 2213, 5003, 300000, '2018-09-29', '2018-10-01', '17:43:00', '17:48:00'),
(70214, 9036, 2214, 5001, 425000, '2018-09-30', '2018-10-02', '19:33:00', '18:45:00'),
(70215, 9036, 2215, 5002, 0, '2018-10-01', '2018-10-03', '19:59:00', '22:15:00'),
(70216, 9036, 2216, 5003, 300000, '2018-10-02', '2018-10-04', '22:15:00', '23:45:00'),
(70217, 9037, 2217, 5001, 425000, '2018-10-03', '2018-10-05', '13:00:00', '15:00:00'),
(70218, 9037, 2218, 5002, 0, '2018-10-04', '2018-10-06', '14:00:00', '16:36:00'),
(70219, 9037, 2219, 5003, 500000, '2018-10-05', '2018-10-07', '17:43:00', '17:48:00'),
(70220, 9037, 2220, 5001, 500000, '2018-10-06', '2018-10-08', '19:33:00', '18:45:00'),
(70221, 9037, 2221, 5002, 300000, '2018-10-07', '2018-10-09', '19:59:00', '22:15:00'),
(70222, 9037, 2222, 5003, 425000, '2018-10-08', '2018-10-10', '22:15:00', '23:45:00'),
(70223, 9038, 2223, 5001, 0, '2018-10-09', '2018-10-11', '13:00:00', '15:00:00'),
(70224, 9038, 2224, 5002, 300000, '2018-10-10', '2018-10-12', '14:00:00', '16:36:00'),
(70225, 9038, 2225, 5003, 425000, '2018-10-11', '2018-10-13', '17:43:00', '17:48:00'),
(70226, 9038, 2226, 5001, 0, '2018-10-12', '2018-10-14', '19:33:00', '18:45:00'),
(70227, 9038, 2227, 5002, 300000, '2018-10-13', '2018-10-15', '19:59:00', '22:15:00'),
(70228, 9038, 2228, 5003, 500000, '2018-10-14', '2018-10-16', '22:15:00', '23:45:00'),
(70229, 9039, 2229, 5001, 0, '2018-10-15', '2018-10-17', '13:00:00', '15:00:00'),
(70230, 9039, 2230, 5002, 500000, '2018-10-16', '2018-10-18', '14:00:00', '16:36:00'),
(70231, 9039, 2231, 5003, 425000, '2018-10-17', '2018-10-19', '17:43:00', '17:48:00'),
(70232, 9039, 2232, 5001, 0, '2018-10-18', '2018-10-20', '19:33:00', '18:45:00'),
(70233, 9039, 2233, 5002, 300000, '2018-10-19', '2018-10-21', '19:59:00', '22:15:00'),
(70234, 9039, 2234, 5003, 425000, '2018-10-20', '2018-10-22', '22:15:00', '23:45:00'),
(70235, 9040, 2235, 5001, 0, '2018-10-21', '2018-10-23', '13:00:00', '15:00:00'),
(70236, 9040, 2236, 5002, 300000, '2018-10-22', '2018-10-24', '14:00:00', '16:36:00'),
(70237, 9040, 2237, 5003, 425000, '2018-10-23', '2018-10-25', '17:43:00', '17:48:00'),
(70238, 9040, 2238, 5001, 0, '2018-10-24', '2018-10-26', '19:33:00', '18:45:00'),
(70239, 9040, 2239, 5002, 500000, '2018-10-25', '2018-10-27', '19:59:00', '22:15:00'),
(70240, 9040, 2240, 5003, 500000, '2018-10-26', '2018-10-28', '22:15:00', '23:45:00'),
(70241, 9041, 2241, 5001, 300000, '2018-10-27', '2018-10-29', '13:00:00', '15:00:00'),
(70242, 9041, 2242, 5002, 425000, '2018-10-28', '2018-10-30', '14:00:00', '16:36:00'),
(70243, 9041, 2243, 5003, 0, '2018-10-29', '2018-10-31', '17:43:00', '17:48:00'),
(70244, 9041, 2244, 5001, 300000, '2018-10-30', '2018-11-01', '19:33:00', '18:45:00'),
(70245, 9041, 2245, 5002, 425000, '2018-10-31', '2018-11-02', '19:59:00', '22:15:00'),
(70246, 9041, 2246, 5003, 0, '2018-11-01', '2018-11-03', '22:15:00', '23:45:00'),
(70247, 9042, 2247, 5001, 300000, '2018-11-02', '2018-11-04', '13:00:00', '15:00:00'),
(70248, 9042, 2248, 5002, 500000, '2018-11-03', '2018-11-05', '14:00:00', '16:36:00'),
(70249, 9042, 2249, 5003, 0, '2018-11-04', '2018-11-06', '17:43:00', '17:48:00'),
(70250, 9042, 2250, 5001, 500000, '2018-11-05', '2018-11-07', '19:33:00', '18:45:00'),
(70251, 9042, 2251, 5002, 425000, '2018-11-06', '2018-11-08', '19:59:00', '22:15:00'),
(70252, 9042, 2252, 5003, 0, '2018-11-07', '2018-11-09', '22:15:00', '23:45:00'),
(70253, 9043, 2253, 5001, 300000, '2018-11-08', '2018-11-10', '13:00:00', '15:00:00'),
(70254, 9043, 2254, 5002, 425000, '2018-11-09', '2018-11-11', '14:00:00', '16:36:00'),
(70255, 9043, 2255, 5003, 0, '2018-11-10', '2018-11-12', '17:43:00', '17:48:00'),
(70256, 9043, 2256, 5001, 300000, '2018-11-11', '2018-11-13', '19:33:00', '18:45:00'),
(70257, 9043, 2257, 5002, 425000, '2018-11-12', '2018-11-14', '19:59:00', '22:15:00'),
(70258, 9043, 2258, 5003, 0, '2018-11-13', '2018-11-15', '22:15:00', '23:45:00'),
(70259, 9044, 2259, 5001, 500000, '2018-11-14', '2018-11-16', '13:00:00', '15:00:00'),
(70260, 9044, 2260, 5002, 500000, '2018-11-15', '2018-11-17', '14:00:00', '16:36:00'),
(70261, 9044, 2261, 5003, 300000, '2018-11-16', '2018-11-18', '17:43:00', '17:48:00'),
(70262, 9044, 2262, 5001, 425000, '2018-11-17', '2018-11-19', '19:33:00', '18:45:00'),
(70263, 9044, 2263, 5002, 0, '2018-11-18', '2018-11-20', '19:59:00', '22:15:00'),
(70264, 9044, 2264, 5003, 300000, '2018-11-19', '2018-11-21', '22:15:00', '23:45:00'),
(70265, 9045, 2265, 5001, 425000, '2018-11-20', '2018-11-22', '13:00:00', '15:00:00'),
(70266, 9045, 2266, 5002, 0, '2018-11-21', '2018-11-23', '14:00:00', '16:36:00'),
(70267, 9045, 2267, 5003, 300000, '2018-11-22', '2018-11-24', '17:43:00', '17:48:00'),
(70268, 9045, 2268, 5001, 500000, '2018-11-23', '2018-11-25', '19:33:00', '18:45:00'),
(70269, 9045, 2269, 5002, 0, '2018-11-24', '2018-11-26', '19:59:00', '22:15:00'),
(70270, 9045, 2270, 5003, 500000, '2018-11-25', '2018-11-27', '22:15:00', '23:45:00'),
(70271, 9046, 2271, 5001, 425000, '2018-11-26', '2018-11-28', '13:00:00', '15:00:00'),
(70272, 9046, 2272, 5002, 0, '2018-11-27', '2018-11-29', '14:00:00', '16:36:00'),
(70273, 9046, 2273, 5003, 300000, '2018-11-28', '2018-11-30', '17:43:00', '17:48:00'),
(70274, 9046, 2274, 5001, 425000, '2018-11-29', '2018-12-01', '19:33:00', '18:45:00'),
(70275, 9046, 2275, 5002, 0, '2018-11-30', '2018-12-02', '19:59:00', '22:15:00'),
(70276, 9046, 2276, 5003, 300000, '2018-12-01', '2018-12-03', '22:15:00', '23:45:00'),
(70277, 9047, 2277, 5001, 425000, '2018-12-02', '2018-12-04', '13:00:00', '15:00:00'),
(70278, 9047, 2278, 5002, 0, '2018-12-03', '2018-12-05', '14:00:00', '16:36:00'),
(70279, 9047, 2279, 5003, 500000, '2018-12-04', '2018-12-06', '17:43:00', '17:48:00'),
(70280, 9047, 2280, 5001, 500000, '2018-12-05', '2018-12-07', '19:33:00', '18:45:00'),
(70281, 9047, 2281, 5002, 300000, '2018-12-06', '2018-12-08', '19:59:00', '22:15:00'),
(70282, 9047, 2282, 5003, 425000, '2018-12-07', '2018-12-09', '22:15:00', '23:45:00'),
(70283, 9048, 2283, 5001, 0, '2018-12-08', '2018-12-10', '13:00:00', '15:00:00'),
(70284, 9048, 2284, 5002, 300000, '2018-12-09', '2018-12-11', '14:00:00', '16:36:00'),
(70285, 9048, 2285, 5003, 425000, '2018-12-10', '2018-12-12', '17:43:00', '17:48:00'),
(70286, 9048, 2286, 5001, 0, '2018-12-11', '2018-12-13', '19:33:00', '18:45:00'),
(70287, 9048, 2287, 5002, 300000, '2018-12-12', '2018-12-14', '19:59:00', '22:15:00'),
(70288, 9048, 2288, 5003, 500000, '2018-12-13', '2018-12-15', '22:15:00', '23:45:00'),
(70289, 9049, 2289, 5001, 0, '2018-12-14', '2018-12-16', '13:00:00', '15:00:00'),
(70290, 9049, 2290, 5002, 500000, '2018-12-15', '2018-12-17', '14:00:00', '16:36:00'),
(70291, 9049, 2291, 5003, 425000, '2018-12-16', '2018-12-18', '17:43:00', '17:48:00'),
(70292, 9049, 2292, 5001, 0, '2018-12-17', '2018-12-19', '19:33:00', '18:45:00'),
(70293, 9049, 2293, 5002, 300000, '2018-12-18', '2018-12-20', '19:59:00', '22:15:00'),
(70294, 9049, 2294, 5003, 425000, '2018-12-19', '2018-12-21', '22:15:00', '23:45:00'),
(70295, 9050, 2295, 5001, 0, '2018-12-20', '2018-12-22', '13:00:00', '15:00:00'),
(70296, 9050, 2296, 5002, 300000, '2018-12-21', '2018-12-23', '14:00:00', '16:36:00'),
(70297, 9050, 2297, 5003, 425000, '2018-12-22', '2018-12-24', '17:43:00', '17:48:00'),
(70298, 9050, 2298, 5001, 0, '2018-12-23', '2018-12-25', '19:33:00', '18:45:00'),
(70299, 9050, 2299, 5002, 500000, '2018-12-24', '2018-12-26', '19:59:00', '22:15:00'),
(70300, 9050, 2300, 5003, 500000, '2018-12-25', '2018-12-27', '22:15:00', '23:45:00'),
(70301, 9051, 2301, 5001, 300000, '2018-12-26', '2018-12-28', '13:00:00', '15:00:00'),
(70302, 9051, 2302, 5002, 425000, '2018-12-27', '2018-12-29', '14:00:00', '16:36:00'),
(70303, 9051, 2303, 5003, 0, '2018-12-28', '2018-12-30', '17:43:00', '17:48:00'),
(70304, 9051, 2304, 5001, 300000, '2018-12-29', '2018-12-31', '19:33:00', '18:45:00'),
(70305, 9051, 2305, 5002, 425000, '2018-12-30', '2019-01-01', '19:59:00', '22:15:00'),
(70306, 9051, 2306, 5003, 0, '2018-12-31', '2019-01-02', '22:15:00', '23:45:00'),
(70307, 9052, 2307, 5001, 300000, '2019-01-01', '2019-01-03', '13:00:00', '15:00:00'),
(70308, 9052, 2308, 5002, 500000, '2019-01-02', '2019-01-04', '14:00:00', '16:36:00'),
(70309, 9052, 2309, 5003, 0, '2019-01-03', '2019-01-05', '17:43:00', '17:48:00'),
(70310, 9052, 2310, 5001, 500000, '2019-01-04', '2019-01-06', '19:33:00', '18:45:00'),
(70311, 9052, 2311, 5002, 425000, '2019-01-05', '2019-01-07', '19:59:00', '22:15:00'),
(70312, 9052, 2312, 5003, 0, '2019-01-06', '2019-01-08', '22:15:00', '23:45:00'),
(70313, 9053, 2313, 5001, 300000, '2019-01-07', '2019-01-09', '13:00:00', '15:00:00'),
(70314, 9053, 2314, 5002, 425000, '2019-01-08', '2019-01-10', '14:00:00', '16:36:00'),
(70315, 9053, 2315, 5003, 0, '2019-01-09', '2019-01-11', '17:43:00', '17:48:00'),
(70316, 9053, 2001, 5001, 300000, '2019-01-10', '2019-01-12', '19:33:00', '18:45:00'),
(70317, 9053, 2002, 5002, 425000, '2019-01-11', '2019-01-13', '19:59:00', '22:15:00'),
(70318, 9053, 2003, 5003, 0, '2019-01-12', '2019-01-14', '22:15:00', '23:45:00'),
(70319, 9054, 2004, 5001, 500000, '2019-01-13', '2019-01-15', '13:00:00', '15:00:00'),
(70320, 9054, 2005, 5002, 500000, '2019-01-14', '2019-01-16', '14:00:00', '16:36:00'),
(70321, 9054, 2006, 5003, 300000, '2019-01-15', '2019-01-17', '17:43:00', '17:48:00'),
(70322, 9054, 2007, 5001, 425000, '2019-01-16', '2019-01-18', '19:33:00', '18:45:00'),
(70323, 9054, 2008, 5002, 0, '2019-01-17', '2019-01-19', '19:59:00', '22:15:00'),
(70324, 9054, 2009, 5003, 300000, '2019-01-18', '2019-01-20', '22:15:00', '23:45:00'),
(70325, 9055, 2010, 5001, 425000, '2019-01-19', '2019-01-21', '13:00:00', '15:00:00'),
(70326, 9055, 2011, 5002, 0, '2019-01-20', '2019-01-22', '14:00:00', '16:36:00'),
(70327, 9055, 2012, 5003, 300000, '2019-01-21', '2019-01-23', '17:43:00', '17:48:00'),
(70328, 9055, 2013, 5001, 500000, '2019-01-22', '2019-01-24', '19:33:00', '18:45:00'),
(70329, 9055, 2014, 5002, 0, '2019-01-23', '2019-01-25', '19:59:00', '22:15:00'),
(70330, 9055, 2015, 5003, 500000, '2019-01-24', '2019-01-26', '22:15:00', '23:45:00'),
(70331, 9056, 2016, 5001, 425000, '2019-01-25', '2019-01-27', '13:00:00', '15:00:00'),
(70332, 9056, 2017, 5002, 0, '2019-01-26', '2019-01-28', '14:00:00', '16:36:00'),
(70333, 9056, 2018, 5003, 300000, '2019-01-27', '2019-01-29', '17:43:00', '17:48:00'),
(70334, 9056, 2019, 5001, 425000, '2019-01-28', '2019-01-30', '19:33:00', '18:45:00'),
(70335, 9056, 2020, 5002, 0, '2019-01-29', '2019-01-31', '19:59:00', '22:15:00'),
(70336, 9056, 2021, 5003, 300000, '2019-01-30', '2019-02-01', '22:15:00', '23:45:00'),
(70337, 9057, 2022, 5001, 425000, '2019-01-31', '2019-02-02', '13:00:00', '15:00:00'),
(70338, 9057, 2023, 5002, 0, '2019-02-01', '2019-02-03', '14:00:00', '16:36:00'),
(70339, 9057, 2024, 5003, 500000, '2019-02-02', '2019-02-04', '17:43:00', '17:48:00'),
(70340, 9057, 2025, 5001, 500000, '2019-02-03', '2019-02-05', '19:33:00', '18:45:00'),
(70341, 9057, 2026, 5002, 300000, '2019-02-04', '2019-02-06', '19:59:00', '22:15:00'),
(70342, 9057, 2027, 5003, 425000, '2019-02-05', '2019-02-07', '22:15:00', '23:45:00'),
(70343, 9058, 2028, 5001, 0, '2019-02-06', '2019-02-08', '13:00:00', '15:00:00'),
(70344, 9058, 2029, 5002, 300000, '2019-02-07', '2019-02-09', '14:00:00', '16:36:00'),
(70345, 9058, 2030, 5003, 425000, '2019-02-08', '2019-02-10', '17:43:00', '17:48:00'),
(70346, 9058, 2031, 5001, 0, '2019-02-09', '2019-02-11', '19:33:00', '18:45:00'),
(70347, 9058, 2032, 5002, 300000, '2019-02-10', '2019-02-12', '19:59:00', '22:15:00'),
(70348, 9058, 2033, 5003, 500000, '2019-02-11', '2019-02-13', '22:15:00', '23:45:00'),
(70349, 9059, 2034, 5001, 0, '2019-02-12', '2019-02-14', '13:00:00', '15:00:00'),
(70350, 9059, 2035, 5002, 500000, '2019-02-13', '2019-02-15', '14:00:00', '16:36:00'),
(70351, 9059, 2036, 5003, 425000, '2019-02-14', '2019-02-16', '17:43:00', '17:48:00'),
(70352, 9059, 2037, 5001, 0, '2019-02-15', '2019-02-17', '19:33:00', '18:45:00'),
(70353, 9059, 2038, 5002, 300000, '2019-02-16', '2019-02-18', '19:59:00', '22:15:00'),
(70354, 9059, 2039, 5003, 425000, '2019-02-17', '2019-02-19', '22:15:00', '23:45:00'),
(70355, 9060, 2040, 5001, 0, '2019-02-18', '2019-02-20', '13:00:00', '15:00:00'),
(70356, 9060, 2041, 5002, 300000, '2019-02-19', '2019-02-21', '14:00:00', '16:36:00'),
(70357, 9060, 2042, 5003, 425000, '2019-02-20', '2019-02-22', '17:43:00', '17:48:00'),
(70358, 9060, 2043, 5001, 0, '2019-02-21', '2019-02-23', '19:33:00', '18:45:00'),
(70359, 9060, 2044, 5002, 500000, '2019-02-22', '2019-02-24', '19:59:00', '22:15:00'),
(70360, 9060, 2045, 5003, 500000, '2019-02-23', '2019-02-25', '22:15:00', '23:45:00'),
(70361, 9061, 2046, 5001, 300000, '2019-02-24', '2019-02-26', '13:00:00', '15:00:00'),
(70362, 9061, 2047, 5002, 425000, '2019-02-25', '2019-02-27', '14:00:00', '16:36:00'),
(70363, 9061, 2048, 5003, 0, '2019-02-26', '2019-02-28', '17:43:00', '17:48:00'),
(70364, 9061, 2049, 5001, 300000, '2019-02-27', '2019-03-01', '19:33:00', '18:45:00'),
(70365, 9061, 2050, 5002, 425000, '2019-02-28', '2019-03-02', '19:59:00', '22:15:00'),
(70366, 9061, 2051, 5003, 0, '2019-03-01', '2019-03-03', '22:15:00', '23:45:00'),
(70367, 9062, 2052, 5001, 300000, '2019-03-02', '2019-03-04', '13:00:00', '15:00:00'),
(70368, 9062, 2053, 5002, 500000, '2019-03-03', '2019-03-05', '14:00:00', '16:36:00'),
(70369, 9062, 2054, 5003, 0, '2019-03-04', '2019-03-06', '17:43:00', '17:48:00'),
(70370, 9062, 2055, 5001, 500000, '2019-03-05', '2019-03-07', '19:33:00', '18:45:00'),
(70371, 9062, 2056, 5002, 425000, '2019-03-06', '2019-03-08', '19:59:00', '22:15:00'),
(70372, 9062, 2057, 5003, 0, '2019-03-07', '2019-03-09', '22:15:00', '23:45:00'),
(70373, 9063, 2058, 5001, 300000, '2019-03-08', '2019-03-10', '13:00:00', '15:00:00'),
(70374, 9063, 2059, 5002, 425000, '2019-03-09', '2019-03-11', '14:00:00', '16:36:00'),
(70375, 9063, 2060, 5003, 0, '2019-03-10', '2019-03-12', '17:43:00', '17:48:00'),
(70376, 9063, 2061, 5001, 300000, '2019-03-11', '2019-03-13', '19:33:00', '18:45:00'),
(70377, 9063, 2062, 5002, 425000, '2019-03-12', '2019-03-14', '19:59:00', '22:15:00'),
(70378, 9063, 2063, 5003, 0, '2019-03-13', '2019-03-15', '22:15:00', '23:45:00'),
(70379, 9064, 2064, 5001, 500000, '2019-03-14', '2019-03-16', '13:00:00', '15:00:00'),
(70380, 9064, 2065, 5002, 500000, '2019-03-15', '2019-03-17', '14:00:00', '16:36:00'),
(70381, 9064, 2066, 5003, 300000, '2019-03-16', '2019-03-18', '17:43:00', '17:48:00'),
(70382, 9064, 2067, 5001, 425000, '2019-03-17', '2019-03-19', '19:33:00', '18:45:00'),
(70383, 9064, 2068, 5002, 0, '2019-03-18', '2019-03-20', '19:59:00', '22:15:00'),
(70384, 9064, 2069, 5003, 300000, '2019-03-19', '2019-03-21', '22:15:00', '23:45:00'),
(70385, 9065, 2070, 5001, 425000, '2019-03-20', '2019-03-22', '13:00:00', '15:00:00'),
(70386, 9065, 2071, 5002, 0, '2019-03-21', '2019-03-23', '14:00:00', '16:36:00'),
(70387, 9065, 2072, 5003, 300000, '2019-03-22', '2019-03-24', '17:43:00', '17:48:00'),
(70388, 9065, 2073, 5001, 500000, '2019-03-23', '2019-03-25', '19:33:00', '18:45:00'),
(70389, 9065, 2074, 5002, 0, '2019-03-24', '2019-03-26', '19:59:00', '22:15:00'),
(70390, 9065, 2075, 5003, 500000, '2019-03-25', '2019-03-27', '22:15:00', '23:45:00'),
(70391, 9066, 2076, 5001, 425000, '2019-03-26', '2019-03-28', '13:00:00', '15:00:00'),
(70392, 9066, 2077, 5002, 0, '2019-03-27', '2019-03-29', '14:00:00', '16:36:00'),
(70393, 9066, 2078, 5003, 300000, '2019-03-28', '2019-03-30', '17:43:00', '17:48:00'),
(70394, 9066, 2079, 5001, 425000, '2019-03-29', '2019-03-31', '19:33:00', '18:45:00'),
(70395, 9066, 2080, 5002, 0, '2019-03-30', '2019-04-01', '19:59:00', '22:15:00'),
(70396, 9066, 2081, 5003, 300000, '2019-03-31', '2019-04-02', '22:15:00', '23:45:00'),
(70397, 9067, 2082, 5001, 425000, '2019-04-01', '2019-04-03', '13:00:00', '15:00:00'),
(70398, 9067, 2083, 5002, 0, '2019-04-02', '2019-04-04', '14:00:00', '16:36:00'),
(70399, 9067, 2084, 5003, 500000, '2019-04-03', '2019-04-05', '17:43:00', '17:48:00'),
(70400, 9067, 2085, 5001, 500000, '2019-04-04', '2019-04-06', '19:33:00', '18:45:00'),
(70401, 9067, 2086, 5002, 300000, '2019-04-05', '2019-04-07', '19:59:00', '22:15:00'),
(70402, 9067, 2087, 5003, 425000, '2019-04-06', '2019-04-08', '22:15:00', '23:45:00'),
(70403, 9068, 2088, 5001, 0, '2019-04-07', '2019-04-09', '13:00:00', '15:00:00'),
(70404, 9068, 2089, 5002, 300000, '2019-04-08', '2019-04-10', '14:00:00', '16:36:00'),
(70405, 9068, 2090, 5003, 425000, '2019-04-09', '2019-04-11', '17:43:00', '17:48:00'),
(70406, 9068, 2091, 5001, 0, '2019-04-10', '2019-04-12', '19:33:00', '18:45:00'),
(70407, 9068, 2092, 5002, 300000, '2019-04-11', '2019-04-13', '19:59:00', '22:15:00'),
(70408, 9068, 2093, 5003, 500000, '2019-04-12', '2019-04-14', '22:15:00', '23:45:00'),
(70409, 9069, 2094, 5001, 0, '2019-04-13', '2019-04-15', '13:00:00', '15:00:00'),
(70410, 9069, 2095, 5002, 500000, '2019-04-14', '2019-04-16', '14:00:00', '16:36:00'),
(70411, 9069, 2096, 5003, 425000, '2019-04-15', '2019-04-17', '17:43:00', '17:48:00'),
(70412, 9069, 2097, 5001, 0, '2019-04-16', '2019-04-18', '19:33:00', '18:45:00'),
(70413, 9069, 2098, 5002, 300000, '2019-04-17', '2019-04-19', '19:59:00', '22:15:00'),
(70414, 9069, 2099, 5003, 425000, '2019-04-18', '2019-04-20', '22:15:00', '23:45:00'),
(70415, 9070, 2100, 5001, 0, '2019-04-19', '2019-04-21', '13:00:00', '15:00:00'),
(70416, 9070, 2101, 5002, 300000, '2019-04-20', '2019-04-22', '14:00:00', '16:36:00'),
(70417, 9070, 2102, 5003, 425000, '2019-04-21', '2019-04-23', '17:43:00', '17:48:00'),
(70418, 9070, 2103, 5001, 0, '2019-04-22', '2019-04-24', '19:33:00', '18:45:00'),
(70419, 9070, 2104, 5002, 500000, '2019-04-23', '2019-04-25', '19:59:00', '22:15:00'),
(70420, 9070, 2105, 5003, 500000, '2019-04-24', '2019-04-26', '22:15:00', '23:45:00'),
(70421, 9071, 2106, 5001, 300000, '2019-04-25', '2019-04-27', '13:00:00', '15:00:00'),
(70422, 9071, 2107, 5002, 425000, '2019-04-26', '2019-04-28', '14:00:00', '16:36:00'),
(70423, 9071, 2108, 5003, 0, '2019-04-27', '2019-04-29', '17:43:00', '17:48:00'),
(70424, 9071, 2109, 5001, 300000, '2019-04-28', '2019-04-30', '19:33:00', '18:45:00'),
(70425, 9071, 2110, 5002, 425000, '2019-04-29', '2019-05-01', '19:59:00', '22:15:00'),
(70426, 9071, 2111, 5003, 0, '2019-04-30', '2019-05-02', '22:15:00', '23:45:00'),
(70427, 9072, 2112, 5001, 300000, '2019-05-01', '2019-05-03', '13:00:00', '15:00:00'),
(70428, 9072, 2113, 5002, 500000, '2019-05-02', '2019-05-04', '14:00:00', '16:36:00'),
(70429, 9072, 2114, 5003, 0, '2019-05-03', '2019-05-05', '17:43:00', '17:48:00'),
(70430, 9072, 2115, 5001, 500000, '2019-05-04', '2019-05-06', '19:33:00', '18:45:00'),
(70431, 9072, 2116, 5002, 425000, '2019-05-05', '2019-05-07', '19:59:00', '22:15:00'),
(70432, 9072, 2117, 5003, 0, '2019-05-06', '2019-05-08', '22:15:00', '23:45:00'),
(70433, 9073, 2118, 5001, 300000, '2019-05-07', '2019-05-09', '13:00:00', '15:00:00'),
(70434, 9073, 2119, 5002, 425000, '2019-05-08', '2019-05-10', '14:00:00', '16:36:00'),
(70435, 9073, 2120, 5003, 0, '2019-05-09', '2019-05-11', '17:43:00', '17:48:00'),
(70436, 9073, 2121, 5001, 300000, '2019-05-10', '2019-05-12', '19:33:00', '18:45:00'),
(70437, 9073, 2122, 5002, 425000, '2019-05-11', '2019-05-13', '19:59:00', '22:15:00'),
(70438, 9073, 2123, 5003, 0, '2019-05-12', '2019-05-14', '22:15:00', '23:45:00'),
(70439, 9074, 2124, 5001, 500000, '2019-05-13', '2019-05-15', '13:00:00', '15:00:00'),
(70440, 9074, 2125, 5002, 500000, '2019-05-14', '2019-05-16', '14:00:00', '16:36:00'),
(70441, 9074, 2126, 5003, 300000, '2019-05-15', '2019-05-17', '17:43:00', '17:48:00'),
(70442, 9074, 2127, 5001, 425000, '2019-05-16', '2019-05-18', '19:33:00', '18:45:00'),
(70443, 9074, 2128, 5002, 0, '2019-05-17', '2019-05-19', '19:59:00', '22:15:00'),
(70444, 9074, 2129, 5003, 300000, '2019-05-18', '2019-05-20', '22:15:00', '23:45:00'),
(70445, 9075, 2130, 5001, 425000, '2019-05-19', '2019-05-21', '13:00:00', '15:00:00'),
(70446, 9075, 2131, 5002, 0, '2019-05-20', '2019-05-22', '14:00:00', '16:36:00'),
(70447, 9075, 2132, 5003, 300000, '2019-05-21', '2019-05-23', '17:43:00', '17:48:00'),
(70448, 9075, 2133, 5001, 500000, '2019-05-22', '2019-05-24', '19:33:00', '18:45:00'),
(70449, 9075, 2134, 5002, 0, '2019-05-23', '2019-05-25', '19:59:00', '22:15:00'),
(70450, 9075, 2135, 5003, 500000, '2019-05-24', '2019-05-26', '22:15:00', '23:45:00'),
(70451, 9076, 2136, 5001, 425000, '2019-05-25', '2019-05-27', '13:00:00', '15:00:00'),
(70452, 9076, 2137, 5002, 0, '2019-05-26', '2019-05-28', '14:00:00', '16:36:00'),
(70453, 9076, 2138, 5003, 300000, '2019-05-27', '2019-05-29', '17:43:00', '17:48:00'),
(70454, 9076, 2139, 5001, 425000, '2019-05-28', '2019-05-30', '19:33:00', '18:45:00'),
(70455, 9076, 2140, 5002, 0, '2019-05-29', '2019-05-31', '19:59:00', '22:15:00'),
(70456, 9076, 2141, 5003, 300000, '2019-05-30', '2019-06-01', '22:15:00', '23:45:00'),
(70457, 9077, 2142, 5001, 425000, '2019-05-31', '2019-06-02', '13:00:00', '15:00:00'),
(70458, 9077, 2143, 5002, 0, '2019-06-01', '2019-06-03', '14:00:00', '16:36:00'),
(70459, 9077, 2144, 5003, 500000, '2019-06-02', '2019-06-04', '17:43:00', '17:48:00'),
(70460, 9077, 2145, 5001, 500000, '2019-06-03', '2019-06-05', '19:33:00', '18:45:00'),
(70461, 9077, 2146, 5002, 300000, '2019-06-04', '2019-06-06', '19:59:00', '22:15:00'),
(70462, 9077, 2147, 5003, 425000, '2019-06-05', '2019-06-07', '22:15:00', '23:45:00'),
(70463, 9078, 2148, 5001, 0, '2019-06-06', '2019-06-08', '13:00:00', '15:00:00'),
(70464, 9078, 2149, 5002, 300000, '2019-06-07', '2019-06-09', '14:00:00', '16:36:00'),
(70465, 9078, 2150, 5003, 425000, '2019-06-08', '2019-06-10', '17:43:00', '17:48:00'),
(70466, 9078, 2151, 5001, 0, '2019-06-09', '2019-06-11', '19:33:00', '18:45:00'),
(70467, 9078, 2152, 5002, 300000, '2019-06-10', '2019-06-12', '19:59:00', '22:15:00'),
(70468, 9078, 2153, 5003, 500000, '2019-06-11', '2019-06-13', '22:15:00', '23:45:00'),
(70469, 9079, 2154, 5001, 0, '2019-06-12', '2019-06-14', '13:00:00', '15:00:00'),
(70470, 9079, 2155, 5002, 500000, '2019-06-13', '2019-06-15', '14:00:00', '16:36:00'),
(70471, 9079, 2156, 5003, 425000, '2019-06-14', '2019-06-16', '17:43:00', '17:48:00'),
(70472, 9079, 2157, 5001, 0, '2019-06-15', '2019-06-17', '19:33:00', '18:45:00'),
(70473, 9079, 2158, 5002, 300000, '2019-06-16', '2019-06-18', '19:59:00', '22:15:00'),
(70474, 9079, 2159, 5003, 425000, '2019-06-17', '2019-06-19', '22:15:00', '23:45:00'),
(70475, 9080, 2160, 5001, 0, '2019-06-18', '2019-06-20', '13:00:00', '15:00:00'),
(70476, 9080, 2161, 5002, 300000, '2019-06-19', '2019-06-21', '14:00:00', '16:36:00'),
(70477, 9080, 2162, 5003, 425000, '2019-06-20', '2019-06-22', '17:43:00', '17:48:00'),
(70478, 9080, 2163, 5001, 0, '2019-06-21', '2019-06-23', '19:33:00', '18:45:00'),
(70479, 9080, 2164, 5002, 500000, '2019-06-22', '2019-06-24', '19:59:00', '22:15:00'),
(70480, 9080, 2165, 5003, 500000, '2019-06-23', '2019-06-25', '22:15:00', '23:45:00'),
(70481, 9081, 2166, 5001, 300000, '2019-06-24', '2019-06-26', '13:00:00', '15:00:00'),
(70482, 9081, 2167, 5002, 425000, '2019-06-25', '2019-06-27', '14:00:00', '16:36:00'),
(70483, 9081, 2168, 5003, 0, '2019-06-26', '2019-06-28', '17:43:00', '17:48:00'),
(70484, 9081, 2169, 5001, 300000, '2019-06-27', '2019-06-29', '19:33:00', '18:45:00'),
(70485, 9081, 2170, 5002, 425000, '2019-06-28', '2019-06-30', '19:59:00', '22:15:00'),
(70486, 9081, 2171, 5003, 0, '2019-06-29', '2019-07-01', '22:15:00', '23:45:00'),
(70487, 9082, 2172, 5001, 300000, '2019-06-30', '2019-07-02', '13:00:00', '15:00:00'),
(70488, 9082, 2173, 5002, 500000, '2019-07-01', '2019-07-03', '14:00:00', '16:36:00'),
(70489, 9082, 2174, 5003, 0, '2019-07-02', '2019-07-04', '17:43:00', '17:48:00'),
(70490, 9082, 2175, 5001, 500000, '2019-07-03', '2019-07-05', '19:33:00', '18:45:00'),
(70491, 9082, 2176, 5002, 425000, '2019-07-04', '2019-07-06', '19:59:00', '22:15:00'),
(70492, 9082, 2177, 5003, 0, '2019-07-05', '2019-07-07', '22:15:00', '23:45:00'),
(70493, 9083, 2178, 5001, 300000, '2019-07-06', '2019-07-08', '13:00:00', '15:00:00'),
(70494, 9083, 2179, 5002, 425000, '2019-07-07', '2019-07-09', '14:00:00', '16:36:00'),
(70495, 9083, 2180, 5003, 0, '2019-07-08', '2019-07-10', '17:43:00', '17:48:00'),
(70496, 9083, 2181, 5001, 300000, '2019-07-09', '2019-07-11', '19:33:00', '18:45:00'),
(70497, 9083, 2182, 5002, 425000, '2019-07-10', '2019-07-12', '19:59:00', '22:15:00'),
(70498, 9083, 2183, 5003, 0, '2019-07-11', '2019-07-13', '22:15:00', '23:45:00'),
(70499, 9084, 2184, 5001, 500000, '2019-07-12', '2019-07-14', '13:00:00', '15:00:00'),
(70500, 9084, 2185, 5002, 500000, '2019-07-13', '2019-07-15', '14:00:00', '16:36:00'),
(70501, 9084, 2186, 5003, 300000, '2019-07-14', '2019-07-16', '17:43:00', '17:48:00'),
(70502, 9084, 2187, 5001, 425000, '2019-07-15', '2019-07-17', '19:33:00', '18:45:00'),
(70503, 9084, 2188, 5002, 0, '2019-07-16', '2019-07-18', '19:59:00', '22:15:00'),
(70504, 9084, 2189, 5003, 300000, '2019-07-17', '2019-07-19', '22:15:00', '23:45:00'),
(70505, 9085, 2190, 5001, 425000, '2019-07-18', '2019-07-20', '13:00:00', '15:00:00'),
(70506, 9085, 2191, 5002, 0, '2019-07-19', '2019-07-21', '14:00:00', '16:36:00'),
(70507, 9085, 2192, 5003, 300000, '2019-07-20', '2019-07-22', '17:43:00', '17:48:00'),
(70508, 9085, 2193, 5001, 500000, '2019-07-21', '2019-07-23', '19:33:00', '18:45:00'),
(70509, 9085, 2194, 5002, 0, '2019-07-22', '2019-07-24', '19:59:00', '22:15:00'),
(70510, 9085, 2195, 5003, 500000, '2019-07-23', '2019-07-25', '22:15:00', '23:45:00'),
(70511, 9086, 2196, 5001, 425000, '2019-07-24', '2019-07-26', '13:00:00', '15:00:00'),
(70512, 9086, 2197, 5002, 0, '2019-07-25', '2019-07-27', '14:00:00', '16:36:00'),
(70513, 9086, 2198, 5003, 300000, '2019-07-26', '2019-07-28', '17:43:00', '17:48:00'),
(70514, 9086, 2199, 5001, 425000, '2019-07-27', '2019-07-29', '19:33:00', '18:45:00'),
(70515, 9086, 2200, 5002, 0, '2019-07-28', '2019-07-30', '19:59:00', '22:15:00'),
(70516, 9086, 2201, 5003, 300000, '2019-07-29', '2019-07-31', '22:15:00', '23:45:00'),
(70517, 9087, 2202, 5001, 425000, '2019-07-30', '2019-08-01', '13:00:00', '15:00:00'),
(70518, 9087, 2203, 5002, 0, '2019-07-31', '2019-08-02', '14:00:00', '16:36:00'),
(70519, 9087, 2204, 5003, 500000, '2019-08-01', '2019-08-03', '17:43:00', '17:48:00'),
(70520, 9087, 2205, 5001, 500000, '2019-08-02', '2019-08-04', '19:33:00', '18:45:00'),
(70521, 9087, 2206, 5002, 300000, '2019-08-03', '2019-08-05', '19:59:00', '22:15:00'),
(70522, 9087, 2207, 5003, 425000, '2019-08-04', '2019-08-06', '22:15:00', '23:45:00'),
(70523, 9088, 2208, 5001, 0, '2019-08-05', '2019-08-07', '13:00:00', '15:00:00'),
(70524, 9088, 2209, 5002, 300000, '2019-08-06', '2019-08-08', '14:00:00', '16:36:00'),
(70525, 9088, 2210, 5003, 425000, '2019-08-07', '2019-08-09', '17:43:00', '17:48:00'),
(70526, 9088, 2211, 5001, 0, '2019-08-08', '2019-08-10', '19:33:00', '18:45:00'),
(70527, 9088, 2212, 5002, 300000, '2019-08-09', '2019-08-11', '19:59:00', '22:15:00'),
(70528, 9088, 2213, 5003, 500000, '2019-08-10', '2019-08-12', '22:15:00', '23:45:00'),
(70529, 9089, 2214, 5001, 0, '2019-08-11', '2019-08-13', '13:00:00', '15:00:00'),
(70530, 9089, 2215, 5002, 500000, '2019-08-12', '2019-08-14', '14:00:00', '16:36:00'),
(70531, 9089, 2216, 5003, 425000, '2019-08-13', '2019-08-15', '17:43:00', '17:48:00'),
(70532, 9089, 2217, 5001, 0, '2019-08-14', '2019-08-16', '19:33:00', '18:45:00'),
(70533, 9089, 2218, 5002, 300000, '2019-08-15', '2019-08-17', '19:59:00', '22:15:00'),
(70534, 9089, 2219, 5003, 425000, '2019-08-16', '2019-08-18', '22:15:00', '23:45:00'),
(70535, 9090, 2220, 5001, 0, '2019-08-17', '2019-08-19', '13:00:00', '15:00:00'),
(70536, 9090, 2221, 5002, 300000, '2019-08-18', '2019-08-20', '14:00:00', '16:36:00'),
(70537, 9090, 2222, 5003, 425000, '2019-08-19', '2019-08-21', '17:43:00', '17:48:00'),
(70538, 9090, 2223, 5001, 0, '2019-08-20', '2019-08-22', '19:33:00', '18:45:00'),
(70539, 9090, 2224, 5002, 500000, '2019-08-21', '2019-08-23', '19:59:00', '22:15:00'),
(70540, 9090, 2225, 5003, 500000, '2019-08-22', '2019-08-24', '22:15:00', '23:45:00'),
(70541, 9091, 2226, 5001, 300000, '2019-08-23', '2019-08-25', '13:00:00', '15:00:00'),
(70542, 9091, 2227, 5002, 425000, '2019-08-24', '2019-08-26', '14:00:00', '16:36:00'),
(70543, 9091, 2228, 5003, 0, '2019-08-25', '2019-08-27', '17:43:00', '17:48:00'),
(70544, 9091, 2229, 5001, 300000, '2019-08-26', '2019-08-28', '19:33:00', '18:45:00'),
(70545, 9091, 2230, 5002, 425000, '2019-08-27', '2019-08-29', '19:59:00', '22:15:00'),
(70546, 9091, 2231, 5003, 0, '2019-08-28', '2019-08-30', '22:15:00', '23:45:00'),
(70547, 9092, 2232, 5001, 300000, '2019-08-29', '2019-08-31', '13:00:00', '15:00:00'),
(70548, 9092, 2233, 5002, 500000, '2019-08-30', '2019-09-01', '14:00:00', '16:36:00'),
(70549, 9092, 2234, 5003, 0, '2019-08-31', '2019-09-02', '17:43:00', '17:48:00'),
(70550, 9092, 2235, 5001, 500000, '2019-09-01', '2019-09-03', '19:33:00', '18:45:00'),
(70551, 9092, 2236, 5002, 425000, '2019-09-02', '2019-09-04', '19:59:00', '22:15:00'),
(70552, 9092, 2237, 5003, 0, '2019-09-03', '2019-09-05', '22:15:00', '23:45:00'),
(70553, 9093, 2238, 5001, 300000, '2019-09-04', '2019-09-06', '13:00:00', '15:00:00'),
(70554, 9093, 2239, 5002, 425000, '2019-09-05', '2019-09-07', '14:00:00', '16:36:00'),
(70555, 9093, 2240, 5003, 0, '2019-09-06', '2019-09-08', '17:43:00', '17:48:00'),
(70556, 9093, 2241, 5001, 300000, '2019-09-07', '2019-09-09', '19:33:00', '18:45:00'),
(70557, 9093, 2242, 5002, 425000, '2019-09-08', '2019-09-10', '19:59:00', '22:15:00'),
(70558, 9093, 2243, 5003, 0, '2019-09-09', '2019-09-11', '22:15:00', '23:45:00'),
(70559, 9094, 2244, 5001, 500000, '2019-09-10', '2019-09-12', '13:00:00', '15:00:00'),
(70560, 9094, 2245, 5002, 500000, '2019-09-11', '2019-09-13', '14:00:00', '16:36:00'),
(70561, 9094, 2246, 5003, 300000, '2019-09-12', '2019-09-14', '17:43:00', '17:48:00'),
(70562, 9094, 2247, 5001, 425000, '2019-09-13', '2019-09-15', '19:33:00', '18:45:00'),
(70563, 9094, 2248, 5002, 0, '2019-09-14', '2019-09-16', '19:59:00', '22:15:00'),
(70564, 9094, 2249, 5003, 300000, '2019-09-15', '2019-09-17', '22:15:00', '23:45:00'),
(70565, 9095, 2250, 5001, 425000, '2019-09-16', '2019-09-18', '13:00:00', '15:00:00'),
(70566, 9095, 2251, 5002, 0, '2019-09-17', '2019-09-19', '14:00:00', '16:36:00'),
(70567, 9095, 2252, 5003, 300000, '2019-09-18', '2019-09-20', '17:43:00', '17:48:00'),
(70568, 9095, 2253, 5001, 500000, '2019-09-19', '2019-09-21', '19:33:00', '18:45:00'),
(70569, 9095, 2254, 5002, 0, '2019-09-20', '2019-09-22', '19:59:00', '22:15:00'),
(70570, 9095, 2255, 5003, 500000, '2019-09-21', '2019-09-23', '22:15:00', '23:45:00'),
(70571, 9096, 2256, 5001, 425000, '2019-09-22', '2019-09-24', '13:00:00', '15:00:00'),
(70572, 9096, 2257, 5002, 0, '2019-09-23', '2019-09-25', '14:00:00', '16:36:00'),
(70573, 9096, 2258, 5003, 300000, '2019-09-24', '2019-09-26', '17:43:00', '17:48:00'),
(70574, 9096, 2259, 5001, 425000, '2019-09-25', '2019-09-27', '19:33:00', '18:45:00'),
(70575, 9096, 2260, 5002, 0, '2019-09-26', '2019-09-28', '19:59:00', '22:15:00'),
(70576, 9096, 2261, 5003, 300000, '2019-09-27', '2019-09-29', '22:15:00', '23:45:00'),
(70577, 9097, 2262, 5001, 425000, '2019-09-28', '2019-09-30', '13:00:00', '15:00:00'),
(70578, 9097, 2263, 5002, 0, '2019-09-29', '2019-10-01', '14:00:00', '16:36:00'),
(70579, 9097, 2264, 5003, 500000, '2019-09-30', '2019-10-02', '17:43:00', '17:48:00'),
(70580, 9097, 2265, 5001, 500000, '2019-10-01', '2019-10-03', '19:33:00', '18:45:00'),
(70581, 9097, 2266, 5002, 300000, '2019-10-02', '2019-10-04', '19:59:00', '22:15:00'),
(70582, 9097, 2267, 5003, 425000, '2019-10-03', '2019-10-05', '22:15:00', '23:45:00'),
(70583, 9098, 2268, 5001, 0, '2019-10-04', '2019-10-06', '13:00:00', '15:00:00'),
(70584, 9098, 2269, 5002, 300000, '2019-10-05', '2019-10-07', '14:00:00', '16:36:00'),
(70585, 9098, 2270, 5003, 425000, '2019-10-06', '2019-10-08', '17:43:00', '17:48:00'),
(70586, 9098, 2271, 5001, 0, '2019-10-07', '2019-10-09', '19:33:00', '18:45:00'),
(70587, 9098, 2272, 5002, 300000, '2019-10-08', '2019-10-10', '19:59:00', '22:15:00'),
(70588, 9098, 2273, 5003, 500000, '2019-10-09', '2019-10-11', '22:15:00', '23:45:00'),
(70589, 9099, 2274, 5001, 0, '2019-10-10', '2019-10-12', '13:00:00', '15:00:00'),
(70590, 9099, 2275, 5002, 500000, '2019-10-11', '2019-10-13', '14:00:00', '16:36:00'),
(70591, 9099, 2276, 5003, 425000, '2019-10-12', '2019-10-14', '17:43:00', '17:48:00'),
(70592, 9099, 2277, 5001, 0, '2019-10-13', '2019-10-15', '19:33:00', '18:45:00'),
(70593, 9099, 2278, 5002, 300000, '2019-10-14', '2019-10-16', '19:59:00', '22:15:00'),
(70594, 9099, 2279, 5003, 425000, '2019-10-15', '2019-10-17', '22:15:00', '23:45:00'),
(70595, 9100, 2280, 5001, 0, '2019-10-16', '2019-10-18', '13:00:00', '15:00:00'),
(70596, 9100, 2281, 5002, 300000, '2019-10-17', '2019-10-19', '14:00:00', '16:36:00');
INSERT INTO `hospitalizacion` (`id`, `id_enfermera`, `id_habitacion`, `id_estado`, `valor`, `fecha_entrada`, `fecha_salida`, `hora_entrada`, `hora_salida`) VALUES
(70597, 9100, 2282, 5003, 425000, '2019-10-18', '2019-10-20', '17:43:00', '17:48:00'),
(70598, 9100, 2283, 5001, 0, '2019-10-19', '2019-10-21', '19:33:00', '18:45:00'),
(70599, 9100, 2284, 5002, 500000, '2019-10-20', '2019-10-22', '19:59:00', '22:15:00'),
(70600, 9100, 2285, 5003, 500000, '2019-10-21', '2019-10-23', '22:15:00', '23:45:00'),
(70601, 9101, 2286, 5001, 300000, '2019-10-22', '2019-10-24', '13:00:00', '15:00:00'),
(70602, 9101, 2287, 5002, 425000, '2019-10-23', '2019-10-25', '14:00:00', '16:36:00'),
(70603, 9101, 2288, 5003, 0, '2019-10-24', '2019-10-26', '17:43:00', '17:48:00'),
(70604, 9101, 2289, 5001, 300000, '2019-10-25', '2019-10-27', '19:33:00', '18:45:00'),
(70605, 9101, 2290, 5002, 425000, '2019-10-26', '2019-10-28', '19:59:00', '22:15:00'),
(70606, 9101, 2291, 5003, 0, '2019-10-27', '2019-10-29', '22:15:00', '23:45:00'),
(70607, 9102, 2292, 5001, 300000, '2019-10-28', '2019-10-30', '13:00:00', '15:00:00'),
(70608, 9102, 2293, 5002, 500000, '2019-10-29', '2019-10-31', '14:00:00', '16:36:00'),
(70609, 9102, 2294, 5003, 0, '2019-10-30', '2019-11-01', '17:43:00', '17:48:00'),
(70610, 9102, 2295, 5001, 500000, '2019-10-31', '2019-11-02', '19:33:00', '18:45:00'),
(70611, 9102, 2296, 5002, 425000, '2019-11-01', '2019-11-03', '19:59:00', '22:15:00'),
(70612, 9102, 2297, 5003, 0, '2019-11-02', '2019-11-04', '22:15:00', '23:45:00'),
(70613, 9103, 2298, 5001, 300000, '2019-11-03', '2019-11-05', '13:00:00', '15:00:00'),
(70614, 9103, 2299, 5002, 425000, '2019-11-04', '2019-11-06', '14:00:00', '16:36:00'),
(70615, 9103, 2300, 5003, 0, '2019-11-05', '2019-11-07', '17:43:00', '17:48:00'),
(70616, 9103, 2301, 5001, 300000, '2019-11-06', '2019-11-08', '19:33:00', '18:45:00'),
(70617, 9103, 2302, 5002, 425000, '2019-11-07', '2019-11-09', '19:59:00', '22:15:00'),
(70618, 9103, 2303, 5003, 0, '2019-11-08', '2019-11-10', '22:15:00', '23:45:00'),
(70619, 9104, 2304, 5001, 500000, '2019-11-09', '2019-11-11', '13:00:00', '15:00:00'),
(70620, 9104, 2305, 5002, 500000, '2019-11-10', '2019-11-12', '14:00:00', '16:36:00'),
(70621, 9104, 2306, 5003, 300000, '2019-11-11', '2019-11-13', '17:43:00', '17:48:00'),
(70622, 9104, 2307, 5001, 425000, '2019-11-12', '2019-11-14', '19:33:00', '18:45:00'),
(70623, 9104, 2308, 5002, 0, '2019-11-13', '2019-11-15', '19:59:00', '22:15:00'),
(70624, 9104, 2309, 5003, 300000, '2019-11-14', '2019-11-16', '22:15:00', '23:45:00'),
(70625, 9105, 2310, 5001, 425000, '2019-11-15', '2019-11-17', '13:00:00', '15:00:00'),
(70626, 9105, 2311, 5002, 0, '2019-11-16', '2019-11-18', '14:00:00', '16:36:00'),
(70627, 9105, 2312, 5003, 300000, '2019-11-17', '2019-11-19', '17:43:00', '17:48:00'),
(70628, 9105, 2313, 5001, 500000, '2019-11-18', '2019-11-20', '19:33:00', '18:45:00'),
(70629, 9105, 2314, 5002, 0, '2019-11-19', '2019-11-21', '19:59:00', '22:15:00'),
(70630, 9105, 2315, 5003, 500000, '2019-11-20', '2019-11-21', '22:15:00', '23:45:00');

-- --------------------------------------------------------

--
-- Estructura de tabla para la tabla `medico`
--

CREATE TABLE `medico` (
  `id` int(11) NOT NULL,
  `nombre` varchar(30) DEFAULT NULL,
  `apellido` varchar(30) DEFAULT NULL,
  `id_especialidad` int(11) DEFAULT NULL,
  `direccion` varchar(50) DEFAULT NULL,
  `id_municipio` int(11) DEFAULT NULL,
  `id_tipo_id` int(11) DEFAULT NULL
) ENGINE=InnoDB DEFAULT CHARSET=latin1;

--
-- Volcado de datos para la tabla `medico`
--

INSERT INTO `medico` (`id`, `nombre`, `apellido`, `id_especialidad`, `direccion`, `id_municipio`, `id_tipo_id`) VALUES
(80001, 'EDWIN ALFONSO', 'CASTELLANOS LOMBANA', 801, 'Carrera 27A No.40 A 28', 11108, 1100001),
(80002, 'JUAN SEBASTIAN', 'GUTIERREZ GARZON', 802, 'Carrera 27A No.40 A 29', 11108, 1100002),
(80003, 'JUAN SEBASTIAN', 'LEON CRUZ', 803, 'Carrera 27A No.40 A 30', 11108, 1100003),
(80004, 'LUIS ENRIQUE', 'VIDAL GACHA', 804, 'Carrera 27A No.40 A 31', 11108, 1100001),
(80005, 'DYLAN YUSSEPH', 'GONZALEZ TRUJILLO', 805, 'Carrera 27A No.40 A 32', 11108, 1100002),
(80006, 'CARLOS ALBERTO', 'CONDE ANGEL', 806, 'Carrera 27A No.40 A 33', 11108, 1100003),
(80007, 'CRISTIAN CAMILO', 'CUBILLOS ESCOBAR', 807, 'Carrera 27A No.40 A 34', 11108, 1100001),
(80008, 'BRAYAN DAVID', 'ROMERO ALARCON', 801, 'Carrera 27A No.40 A 35', 11108, 1100002),
(80009, 'MANUEL DAVID', 'FONTECHA HERNANDEZ', 802, 'Carrera 27A No.40 A 36', 11108, 1100003),
(80010, 'ANDERSON DAVID', 'VILLAMIL TORRES', 803, 'Carrera 27A No.40 A 37', 11108, 1100001),
(80011, 'ANDRES JUAN', 'LOZANO MARTINEZ', 804, 'Carrera 27A No.40 A 38', 11108, 1100002),
(80012, 'ANGIE LORENA', 'PINEDA MORALES', 805, 'Carrera 27A No.40 A 39', 11108, 1100003),
(80013, 'RUBEN DARIO', 'CUBILLOS NASSAR', 806, 'Carrera 27A No.40 A 40', 11108, 1100001),
(80014, 'JONATHAN DAVID', 'AGUIRRE BARRIOS', 807, 'Carrera 27A No.40 A 41', 11108, 1100002),
(80015, 'OKAN SANTIAGO', 'ROMERO VILLANUEVA', 801, 'Carrera 27A No.40 A 42', 11108, 1100003),
(80016, 'BRAYAN STEVEN', 'SERNA GONZALEZ', 802, 'Carrera 27A No.40 A 43', 11108, 1100001),
(80017, 'TATIANA VALENTINA', 'POLANCO VELEZ', 803, 'Carrera 27A No.40 A 44', 11108, 1100002),
(80018, 'DILAN ESTIBEN', 'QUIROGA SANCHEZ', 804, 'Carrera 27A No.40 A 45', 11108, 1100003),
(80019, 'JOEL LEANDRO', 'BETANCOURT SUAREZ', 805, 'Carrera 27A No.40 A 46', 11108, 1100001),
(80020, 'HAROLD DAVID', 'PEDRAZA FORERO', 806, 'Carrera 27A No.40 A 47', 11108, 1100002),
(80021, 'JUAN DIEGO', 'GALEANO CHICA', 807, 'Carrera 27A No.40 A 48', 11108, 1100003),
(80022, 'JESUS DANIEL', 'UZCATEGUI OCANDO', 801, 'Carrera 27A No.40 A 49', 11109, 1100001),
(80023, 'JULIAN DAVID', 'GAMBOA BAQUERO', 802, 'Carrera 27A No.40 A 50', 11109, 1100002),
(80024, 'FREDY STIVEN', 'GONZALEZ VARGAS', 803, 'Carrera 27A No.40 A 51', 11109, 1100003),
(80025, 'ANDRES FELIPE', 'RODRIGUEZ PEREZ', 804, 'Carrera 27A No.40 A 52', 11109, 1100001),
(80026, 'JUAN JOSE', 'RAMIREZ BEDOYA', 805, 'Carrera 27A No.40 A 53', 11109, 1100002),
(80027, 'BRAYAN CAMILO', 'TORRES RODRIGUEZ', 806, 'Carrera 27A No.40 A 54', 11109, 1100003),
(80028, 'DANIEL STIVEN', 'ESCUCHA FUQUENE', 807, 'Carrera 27A No.40 A 55', 11109, 1100001),
(80029, 'IVON NATHALIA', 'TORRES LEON', 801, 'Carrera 27A No.40 A 56', 11109, 1100002),
(80030, 'MARIO ALEJANDRO', 'MENDOZA OCHOA', 802, 'Carrera 27A No.40 A 57', 11109, 1100003),
(80031, 'SEBASTIAN FELIPE', 'PORRAS MONTIEL', 803, 'Carrera 27A No.40 A 58', 11109, 1100001),
(80032, 'JONATHAN ANDRES', 'AGUDELO BELTRAN', 804, 'Carrera 27A No.40 A 59', 11109, 1100002),
(80033, 'DIEGO FERNANDO', 'POSADA APONTE', 805, 'Carrera 27A No.40 A 60', 11109, 1100003),
(80034, 'JUAN ANDRES', 'BELTRAN QUEVEDO', 806, 'Carrera 27A No.40 A 61', 11109, 1100001),
(80035, 'CARLOS ALIRIO', 'VALLEJO MORERA', 807, 'Carrera 27A No.40 A 62', 11109, 1100002),
(80036, 'SANTIAGO', 'MURILLO SOTO', 801, 'Carrera 27A No.40 A 63', 11109, 1100003),
(80037, 'MICHAEL YESID', 'PARRA GOMEZ', 802, 'Carrera 27A No.40 A 64', 11109, 1100001),
(80038, 'LUISA FERNANDA', 'TORRES BERNAL', 803, 'Carrera 27A No.40 A 65', 11109, 1100002),
(80039, 'JENNY DANIELA', 'RATIVA GUERRERO', 804, 'Carrera 27A No.40 A 66', 11109, 1100003),
(80040, 'RUBEN SANTIAGO', 'PRADA MONCADA', 805, 'Carrera 27A No.40 A 67', 11109, 1100001),
(80041, 'RAUL ALBERTO', 'CORTES ACEVEDO', 806, 'Carrera 27A No.40 A 68', 11109, 1100002),
(80042, 'JAEN BREILY', 'RAMIREZ NARANJO', 807, 'Carrera 27A No.40 A 69', 11109, 1100003),
(80043, 'DIDIER ORLANDO', 'REALPE GALLARDO', 801, 'Carrera 27A No.40 A 70', 11110, 1100001),
(80044, 'ANDRES GABRIEL', 'SALGUERO MORALES', 802, 'Carrera 27A No.40 A 71', 11110, 1100002),
(80045, 'BRAYAN ALEJANDRO', 'MALAVER COBOS', 803, 'Carrera 27A No.40 A 72', 11110, 1100003),
(80046, 'DILAN ARLEY', 'OBANDO GONZALEZ', 804, 'Carrera 27A No.40 A 73', 11110, 1100001),
(80047, 'SANTIAGO', 'BAYONA CARRRILLO', 805, 'Carrera 27A No.40 A 74', 11110, 1100002),
(80048, 'JUAN DIEGO', 'GUZMÁN JAIMES', 806, 'Carrera 27A No.40 A 75', 11110, 1100003),
(80049, 'DAVID STIVEN', 'GONZALEZ RUEDA', 807, 'Carrera 27A No.40 A 76', 11110, 1100001),
(80050, 'MATEO', 'ROA SANABRIA', 801, 'Carrera 27A No.40 A 77', 11110, 1100002),
(80051, 'NICOLTH ESTEFANIA', 'AMAYA MEDINA', 802, 'Carrera 27A No.40 A 78', 11110, 1100003),
(80052, 'BRAYAN YESID', 'GOMEZ ROMERO', 803, 'Carrera 27A No.40 A 79', 11110, 1100001),
(80053, 'IVAN SAMIR', 'USECHE MENDEZ', 804, 'Carrera 27A No.40 A 80', 11110, 1100002),
(80054, 'ANDRES SEBASTIAN', 'RIOS ARIAS', 805, 'Carrera 27A No.40 A 81', 11110, 1100003),
(80055, 'KAREN STEPHANNY', 'SANCHEZ VANEGAS', 806, 'Carrera 27A No.40 A 82', 11110, 1100001),
(80056, 'DANIEL FELIPE', 'CUTA VEGA', 807, 'Carrera 27A No.40 A 83', 11110, 1100002),
(80057, 'LAURA MILENA', 'MORA SANCHEZ', 801, 'Carrera 27A No.40 A 84', 11110, 1100003),
(80058, 'JAIDER SEBASTIAN', 'MORENO QUINTERO', 802, 'Carrera 27A No.40 A 85', 11110, 1100001),
(80059, 'WILSON JAVIER', 'OSORIO CHAPARRO', 803, 'Carrera 27A No.40 A 86', 11110, 1100002),
(80060, 'ESTEBAN', 'MORA SABOGAL', 804, 'Carrera 27A No.40 A 87', 11110, 1100003),
(80061, 'CHRISTIAN ANDRES', 'GONZALEZ AGUIRRE', 805, 'Carrera 27A No.40 A 88', 11110, 1100001),
(80062, 'CARLOS ENRIQUE', 'CORTES FLORES', 806, 'Carrera 27A No.40 A 89', 11110, 1100002),
(80063, 'JHON JAIRO', 'ARCINIEGAS RIVERA', 807, 'Carrera 27A No.40 A 90', 11110, 1100003),
(80064, 'JESSICA ALEJANDRA', 'PAEZ GARCIA', 801, 'Carrera 27A No.40 A 91', 11111, 1100001),
(80065, 'DAVID ALEJANDRO', 'GOMEZ BETANCUR', 802, 'Carrera 27A No.40 A 92', 11111, 1100002),
(80066, 'SERGIO LUIS', 'REINOSO SANCHEZ', 803, 'Carrera 27A No.40 A 93', 11111, 1100003),
(80067, 'JASON STEVEN', 'MENDEZ RODRIGUEZ', 804, 'Carrera 27A No.40 A 94', 11111, 1100001),
(80068, 'NICOLAS DAVID', 'MONTEJO NAVARRO', 805, 'Carrera 27A No.40 A 95', 11111, 1100002),
(80069, 'JOHANN CAMILO', 'CESPEDES ROJAS', 806, 'Carrera 27A No.40 A 96', 11111, 1100003),
(80070, 'JONATHAN AUGUSTO', 'GARCÍA RUÍZ', 807, 'Carrera 27A No.40 A 97', 11111, 1100001),
(80071, 'WALTER', 'ORDUZ IDARRAGA', 801, 'Carrera 27A No.40 A 98', 11111, 1100002),
(80072, 'ROBINSON JAVIER', 'SERRANO FIGUEROA', 802, 'Carrera 27A No.40 A 99', 11111, 1100003),
(80073, 'SANTIAGO', 'MUÑOZ ORJUELA', 803, 'Carrera 27A No.40 A 100', 11111, 1100001),
(80074, 'JUAN PABLO', 'GAMBA REYES', 804, 'Carrera 27A No.40 A 101', 11111, 1100002),
(80075, 'ANDRES MATEO', 'MORALES MORA', 805, 'Carrera 27A No.40 A 102', 11111, 1100003),
(80076, 'CRISTIAN DAVID', 'URREGO GUTIERREZ', 806, 'Carrera 27A No.40 A 103', 11111, 1100001),
(80077, 'KEVIN ALEJANDRO', 'CORREDOR ORDOÑEZ', 807, 'Carrera 27A No.40 A 104', 11111, 1100002),
(80078, 'MARIA ALEJANDRA', 'PERAZA MEDINA', 801, 'Carrera 27A No.40 A 105', 11111, 1100003),
(80079, 'CRISTIAN DAVID', 'HIGUERA BORRAEZ', 802, 'Carrera 27A No.40 A 106', 11111, 1100001),
(80080, 'LUIS CARLOS', 'GUZMAN CONTRERAS', 803, 'Carrera 27A No.40 A 107', 11111, 1100002),
(80081, 'DAINY CAMILA', 'CASTIBLANCO SARMIENTO', 804, 'Carrera 27A No.40 A 108', 11111, 1100003),
(80082, 'CRISTIAN FABIAN', 'SANCHEZ LEGUIZAMON', 805, 'Carrera 27A No.40 A 109', 11111, 1100001),
(80083, 'NICOLAS', 'RODRIGUEZ PEDRAZA', 806, 'Carrera 27A No.40 A 110', 11111, 1100002),
(80084, 'DIEGO ANDRES', 'PAEZ MORA', 807, 'Carrera 27A No.40 A 111', 11111, 1100003),
(80085, 'NICOLAS DAVID', 'CONTRERAS CRUZ', 801, 'Carrera 27A No.40 A 112', 11112, 1100001),
(80086, 'KEVIN', 'FERNANDEZ ACOSTA', 802, 'Carrera 27A No.40 A 113', 11112, 1100002),
(80087, 'CARLOS ALBERTO', 'URREA AGUAS', 803, 'Carrera 27A No.40 A 114', 11112, 1100003),
(80088, 'JUAN ESTEBAN', 'LAVERDE PIÑEROS', 804, 'Carrera 27A No.40 A 115', 11112, 1100001),
(80089, 'CARLOS ANDRES', 'RODRIGUEZ MARTINEZ', 805, 'Carrera 27A No.40 A 116', 11112, 1100002),
(80090, 'JUAN ESTEBAN', 'DUARTE PINEDA', 806, 'Carrera 27A No.40 A 117', 11112, 1100003),
(80091, 'DANIEL MAURICIO', 'GOMEZ ORTIZ', 807, 'Carrera 27A No.40 A 118', 11112, 1100001),
(80092, 'ANDRES FELIPE', 'OROZCO GRANADA', 801, 'Carrera 27A No.40 A 119', 11112, 1100002),
(80093, 'BRANDON SNYDER', 'SANCHEZ CUESTAS', 802, 'Carrera 27A No.40 A 120', 11112, 1100003),
(80094, 'DUVAN SANTIAGO', 'JIMENEZ VASQUEZ', 803, 'Carrera 27A No.40 A 121', 11112, 1100001),
(80095, 'JAIRO EDILSON', 'LOPEZ GARCIA', 804, 'Carrera 27A No.40 A 122', 11112, 1100002),
(80096, 'MANUEL FELIPE', 'ALVARADO AVILA', 805, 'Carrera 27A No.40 A 123', 11112, 1100003),
(80097, 'ANA MARIA', 'VANEGAS RENDON', 806, 'Carrera 27A No.40 A 124', 11112, 1100001),
(80098, 'LA ROSA', 'PINZON DE', 807, 'Carrera 27A No.40 A 125', 11112, 1100002),
(80099, 'JAVIER FELIPE', 'GARZON CALLE', 801, 'Carrera 27A No.40 A 126', 11112, 1100003),
(80100, 'DAVID FELIPE', 'NIÑO BUITRAGO', 802, 'Carrera 27A No.40 A 127', 11112, 1100001),
(80101, 'YERSON SEBASTIAN', 'RUBIANO MALAGON', 803, 'Carrera 27A No.40 A 128', 11112, 1100002),
(80102, 'JUAN CAMILO', 'CIFUENTES ENCISO', 804, 'Carrera 27A No.40 A 129', 11112, 1100003),
(80103, 'GERMAN SANTIAGO', 'MORENO ZAMBRANO', 805, 'Carrera 27A No.40 A 130', 11112, 1100001),
(80104, 'ZHAYA ALEJANDRA', 'BERRIO GAMBOA', 806, 'Carrera 27A No.40 A 131', 11112, 1100002),
(80105, 'JEISON DAVID', 'JIMENEZ RAMOS', 807, 'Carrera 27A No.40 A 132', 11112, 1100003),
(80106, 'JUAN PABLO', 'ALDANA HENAO', 801, 'Carrera 27A No.40 A 133', 11113, 1100001),
(80107, 'NELSON', 'CARDENAS CHICO', 802, 'Carrera 27A No.40 A 134', 11113, 1100002),
(80108, 'DANIEL ANTONIO', 'URIZA PRIAS', 803, 'Carrera 27A No.40 A 135', 11113, 1100003),
(80109, 'JUAN DIEGO', 'LOPEZ SANCHEZ', 804, 'Carrera 27A No.40 A 136', 11113, 1100001),
(80110, 'JAIDYS JACKELINE', 'GUERRERO FLOREZ', 805, 'Carrera 27A No.40 A 137', 11113, 1100002),
(80111, 'JUAN CARLOS', 'VARGAS GUEVARA', 806, 'Carrera 27A No.40 A 138', 11113, 1100003),
(80112, 'SANTIAGO', 'GONZALEZ FAGUA', 807, 'Carrera 27A No.40 A 139', 11113, 1100001),
(80113, 'RICARDO ALEJANDRO', 'VILLARROEL JIMENEZ', 801, 'Carrera 27A No.40 A 140', 11113, 1100002),
(80114, 'ANDRES FELIPE', 'CASTRO TRUJILLO', 802, 'Carrera 27A No.40 A 141', 11113, 1100003),
(80115, 'KEVIN SANTIAGO', 'CARO MENDOZA', 803, 'Carrera 27A No.40 A 142', 11113, 1100001),
(80116, 'CAMILO ANDRES', 'FORERO JIMENEZ', 804, 'Carrera 27A No.40 A 143', 11113, 1100002),
(80117, 'SERGIO ANTONIO', 'STEEVENS ARCINIEGAS', 805, 'Carrera 27A No.40 A 144', 11113, 1100003),
(80118, 'DAVID SANTIAGO', 'BETANCOURT JEREZ', 806, 'Carrera 27A No.40 A 145', 11113, 1100001),
(80119, 'MIGUEL ANGEL', 'ORTIZ GUZMAN', 807, 'Carrera 27A No.40 A 146', 11113, 1100002),
(80120, 'GINA SOFIA', 'ALDANA VILLAMIZAR', 801, 'Carrera 27A No.40 A 147', 11113, 1100003),
(80121, 'JOAN SEBASTIAN', 'MONSALVE CORTES', 802, 'Carrera 27A No.40 A 148', 11113, 1100001),
(80122, 'JORDAN GUSTAVO', 'LUQUE HIGUERA', 803, 'Carrera 27A No.40 A 149', 11113, 1100002),
(80123, 'BRAYAN STEVEN', 'PAVI JARAMILLO', 804, 'Carrera 27A No.40 A 150', 11113, 1100003),
(80124, 'VALENTINA', 'GIRALDO MILA', 805, 'Carrera 27A No.40 A 151', 11113, 1100001),
(80125, 'SEBASTIAN', 'CEDEÑO BELTRAN', 806, 'Carrera 27A No.40 A 152', 11113, 1100002),
(80126, 'LUIS EDUARDO', 'CASTAÑEDA RUIZ', 807, 'Carrera 27A No.40 A 153', 11113, 1100003),
(80127, 'MOISES', 'FORERO PORRAS', 801, 'Carrera 27A No.40 A 154', 11114, 1100001),
(80128, 'MARIA ALEJANDRA', 'SANDOVAL CACERES', 802, 'Carrera 27A No.40 A 155', 11114, 1100002),
(80129, 'JEFERSON ARLEY', 'DIAZ MERCHAN', 803, 'Carrera 27A No.40 A 156', 11114, 1100003),
(80130, 'JUAN ESTEBAN', 'OSPINA URUEÑA', 804, 'Carrera 27A No.40 A 157', 11114, 1100001),
(80131, 'MAIRA YESENIA', 'DÍAZ PÉREZ', 805, 'Carrera 27A No.40 A 158', 11114, 1100002),
(80132, 'JEISON DAVID', 'PEÑA VEGA', 806, 'Carrera 27A No.40 A 159', 11114, 1100003),
(80133, 'DANIEL FELIPE', 'ESCOBAR CHAVEZ', 807, 'Carrera 27A No.40 A 160', 11114, 1100001),
(80134, 'JOSE VICENTE', 'RODRIGUEZ ALZATE', 801, 'Carrera 27A No.40 A 161', 11114, 1100002),
(80135, 'MAURICIO', 'ALDANA SANCHEZ', 802, 'Carrera 27A No.40 A 162', 11114, 1100003),
(80136, 'JOHN HADER', 'HUILA ROJAS', 803, 'Carrera 27A No.40 A 163', 11114, 1100001),
(80137, 'EDWARD OSWALDO', 'LEYTON RETAVISCA', 804, 'Carrera 27A No.40 A 164', 11114, 1100002),
(80138, 'DIANA ESTEFANIA', 'LOPEZ VALBUENA', 805, 'Carrera 27A No.40 A 165', 11114, 1100003),
(80139, 'CRISTIAN EDUARDO', 'NAVARRETE MONROY', 806, 'Carrera 27A No.40 A 166', 11114, 1100001),
(80140, 'JUAN MANUEL', 'ALVAREZ CLAVIJO', 807, 'Carrera 27A No.40 A 167', 11114, 1100002),
(80141, 'CRISTIAN CAMILO', 'FAJARDO FORERO', 801, 'Carrera 27A No.40 A 168', 11114, 1100003),
(80142, 'MATEO', 'SERRANO MARTINEZ', 802, 'Carrera 27A No.40 A 169', 11114, 1100001),
(80143, 'DIEGO ALEJANDRO', 'LEMUS CUBIDES', 803, 'Carrera 27A No.40 A 170', 11114, 1100002),
(80144, 'EDSON CAMILO', 'GUTIERREZ MORENO', 804, 'Carrera 27A No.40 A 171', 11114, 1100003),
(80145, 'JUAN JOSE', 'VARGAS GONZALEZ', 805, 'Carrera 27A No.40 A 172', 11114, 1100001),
(80146, 'ANDRES EDUARDO', 'ALFONSO AMAYA', 806, 'Carrera 27A No.40 A 173', 11114, 1100002),
(80147, 'DANIEL EDUARDO', 'VILLALOBOS REYES', 807, 'Carrera 27A No.40 A 174', 11114, 1100003),
(80148, 'pepito', 'perez', 803, 'Carrera 27A No.40 A 52', 11108, 1100003),
(1016060113, 'crisitan alape', 'asdasd', 804, 'dfgdfg', 11101, 1100004);

-- --------------------------------------------------------

--
-- Estructura de tabla para la tabla `municipio`
--

CREATE TABLE `municipio` (
  `id` int(11) NOT NULL,
  `nombre` varchar(30) DEFAULT NULL
) ENGINE=InnoDB DEFAULT CHARSET=latin1;

--
-- Volcado de datos para la tabla `municipio`
--

INSERT INTO `municipio` (`id`, `nombre`) VALUES
(11101, 'Bogota'),
(11102, 'Cartagena'),
(11103, 'Melgar'),
(11104, 'Chia'),
(11105, 'Medellin'),
(11106, 'Cali'),
(11107, 'Villavicencio'),
(11108, 'Soacha'),
(11109, 'Arjona'),
(11110, 'Ricaurte'),
(11111, 'Cota'),
(11112, 'Rionegro'),
(11113, 'Yumbo'),
(11114, 'Vista Hermosa');

-- --------------------------------------------------------

--
-- Estructura de tabla para la tabla `paciente`
--

CREATE TABLE `paciente` (
  `id` int(11) NOT NULL,
  `nombre` varchar(30) DEFAULT NULL,
  `apellido` varchar(30) DEFAULT NULL,
  `fecha_nto` date DEFAULT NULL,
  `direccion` varchar(50) DEFAULT NULL,
  `id_municipio` int(11) DEFAULT NULL,
  `id_tipo_id` int(11) DEFAULT NULL,
  `id_estado` int(11) DEFAULT NULL
) ENGINE=InnoDB DEFAULT CHARSET=latin1;

--
-- Volcado de datos para la tabla `paciente`
--

INSERT INTO `paciente` (`id`, `nombre`, `apellido`, `fecha_nto`, `direccion`, `id_municipio`, `id_tipo_id`, `id_estado`) VALUES
(52709511, 'JULIAN CAMILO', 'PACHECO CUADROS', '1983-07-14', 'Carrera 75A No.40 A 174', 11108, 1100001, 5007),
(52709512, 'JUAN SEBASTIAN', 'CHAVARRO SOLORZANO', '1995-05-05', 'Carrera 75A No.40 A 175', 11108, 1100002, 5008),
(52709513, 'CRISTIAN STEVEN', 'AMEZQUITA REYES', '1995-05-06', 'Carrera 75A No.40 A 176', 11108, 1100003, 5007),
(52709514, 'DUVAN ENRIQUE', 'SUA DURAN', '1995-05-07', 'Carrera 75A No.40 A 177', 11108, 1100001, 5008),
(52709515, 'LISBETH JANNETH', 'DELGADO DELACRUZ', '1995-05-08', 'Carrera 75A No.40 A 178', 11108, 1100002, 5007),
(52709516, 'FABIAN EDUARDO', 'CAJAMARCA REYES', '1995-05-09', 'Carrera 75A No.40 A 179', 11108, 1100003, 5008),
(52709517, 'JUAN DIEGO', 'GARCIA COTRINI', '1995-05-10', 'Carrera 75A No.40 A 180', 11108, 1100001, 5007),
(52709518, 'BRAYAN YESID', 'SANTOS GONZALEZ', '1995-05-11', 'Carrera 75A No.40 A 181', 11108, 1100002, 5008),
(52709519, 'JESUS DAVID', 'CHOACHI PINZON', '1995-05-12', 'Carrera 75A No.40 A 182', 11108, 1100003, 5007),
(52709520, 'LESLY DANIELA', 'HERNANDEZ BOHORQUEZ', '1995-05-13', 'Carrera 75A No.40 A 183', 11108, 1100001, 5008),
(52709521, 'FABIAN', 'PERDOMO BORJA', '1995-05-14', 'Carrera 75A No.40 A 184', 11108, 1100002, 5007),
(52709522, 'DEIBY EDILSON', 'MARROQUIN CARRILLO', '1995-05-15', 'Carrera 75A No.40 A 185', 11108, 1100003, 5008),
(52709523, 'LINA MARIA', 'SERRANO GIRALDO', '1995-05-16', 'Carrera 75A No.40 A 186', 11108, 1100001, 5007),
(52709524, 'DAVID ESTEBAN', 'PALACIOS TORRES', '1995-05-17', 'Carrera 75A No.40 A 187', 11108, 1100002, 5008),
(52709525, 'JHON PAOLO', 'OSORIO ROJAS', '1995-05-18', 'Carrera 75A No.40 A 188', 11108, 1100003, 5007),
(52709526, 'DIEGO NICOLÁS', 'ROBLES BENITEZ', '1995-05-19', 'Carrera 75A No.40 A 189', 11108, 1100001, 5008),
(52709527, 'ANDRES FELIPE', 'DEVIA DUQUE', '1995-05-20', 'Carrera 75A No.40 A 190', 11108, 1100002, 5007),
(52709528, 'ZHARIT KARINA', 'GUEVARA ORTIZ', '1995-05-21', 'Carrera 75A No.40 A 191', 11108, 1100003, 5008),
(52709529, 'SEBASTIAN', 'RODRIGUEZ MORENO', '1995-05-22', 'Carrera 75A No.40 A 192', 11108, 1100001, 5007),
(52709530, 'CRISTIAN DAVID', 'ASTORQUIZA PACHECO', '1995-05-23', 'Carrera 75A No.40 A 193', 11108, 1100002, 5008),
(52709531, 'BRAYAN STEVEN', 'RUIZ BAZURDO', '1995-05-24', 'Carrera 75A No.40 A 194', 11108, 1100003, 5007),
(52709532, 'JOSE DANIEL', 'GIRALDO GLORIA', '1995-05-25', 'Carrera 75A No.40 A 195', 11108, 1100001, 5008),
(52709533, 'MARLON SLEYDER', 'BAUTISTA BENITEZ', '1995-05-26', 'Carrera 75A No.40 A 196', 11108, 1100002, 5007),
(52709534, 'KEVIN SANTIAGO', 'BAUTISTA VERGARA', '1995-05-27', 'Carrera 75A No.40 A 197', 11108, 1100003, 5008),
(52709535, 'ANDRES FELIPE', 'VEGA FIERRO', '1995-05-28', 'Carrera 75A No.40 A 198', 11108, 1100001, 5007),
(52709536, 'VALENTINA', 'PILLIMUE BONILLA', '1995-05-29', 'Carrera 75A No.40 A 199', 11108, 1100002, 5008),
(52709537, 'JHOJAN SEBASTIAN', 'RODRIGUEZ HERNANDEZ', '1995-05-30', 'Carrera 75A No.40 A 200', 11108, 1100003, 5007),
(52709538, 'JAIRO STIVEN', 'VERA ROJAS', '1995-05-31', 'Carrera 75A No.40 A 201', 11108, 1100001, 5008),
(52709539, 'ANDRES FELIPE', 'LUQUE CAMERA', '1995-06-01', 'Carrera 75A No.40 A 202', 11108, 1100002, 5007),
(52709540, 'JUAN DIEGO', 'HEREDIA LARIOS', '1995-06-02', 'Carrera 75A No.40 A 203', 11108, 1100003, 5008),
(52709541, 'JUAN PABLO', 'NIÑO TORRES', '1995-06-03', 'Carrera 75A No.40 A 204', 11108, 1100001, 5007),
(52709542, 'JUAN DIEGO', 'SILVA PATIÑO', '1995-06-04', 'Carrera 75A No.40 A 205', 11108, 1100002, 5008),
(52709543, 'EDDIE SANTIAGO', 'RUIZ GUALTEROS', '1995-06-05', 'Carrera 75A No.40 A 206', 11108, 1100003, 5007),
(52709544, 'JEAN CARLOS', 'MARROQUIN MELGAREJO', '1995-06-06', 'Carrera 75A No.40 A 207', 11108, 1100001, 5008),
(52709545, 'SANTIAGO', 'SANCHEZ USMA', '1995-06-07', 'Carrera 75A No.40 A 208', 11108, 1100002, 5007),
(52709546, 'ANGEL FELIPE', 'BECERRA LATORRE', '1995-06-08', 'Carrera 75A No.40 A 209', 11108, 1100003, 5008),
(52709547, 'JUAN DAVID', 'ORTIZ NOVOA', '1995-06-09', 'Carrera 75A No.40 A 210', 11108, 1100001, 5007),
(52709548, 'JULIAN ESTEBAN', 'RUIZ DIAZ', '1995-06-10', 'Carrera 75A No.40 A 211', 11108, 1100002, 5008),
(52709549, 'CAROLINA', 'SALAZAR PACHON', '1995-06-11', 'Carrera 75A No.40 A 212', 11108, 1100003, 5007),
(52709550, 'JERSONN SAMIR', 'CHAVES SUAREZ', '1995-06-12', 'Carrera 75A No.40 A 213', 11108, 1100001, 5008),
(52709551, 'HANTZEL', 'CAPACHO CORTES', '1995-06-13', 'Carrera 75A No.40 A 214', 11108, 1100002, 5007),
(52709552, 'EMMANUEL', 'SEGURA BUELVAS', '1995-06-14', 'Carrera 75A No.40 A 215', 11108, 1100003, 5008),
(52709553, 'BRYAN EDUARDO', 'CASTILLO VANEGAS', '1995-06-15', 'Carrera 75A No.40 A 216', 11108, 1100001, 5007),
(52709554, 'JUAN FELIPE', 'ESPINOSA SOLARTE', '1995-06-16', 'Carrera 75A No.40 A 217', 11108, 1100002, 5008),
(52709555, 'ANAMARIA', 'ROJAS ROZO', '1995-06-17', 'Carrera 75A No.40 A 218', 11108, 1100003, 5007),
(52709556, 'JUAN PABLO', 'CANTILLO HUERFANO', '1995-06-18', 'Carrera 75A No.40 A 219', 11108, 1100001, 5008),
(52709557, 'DANNA VALENTINA', 'LONDOÑO SUANCHA', '1995-06-19', 'Carrera 75A No.40 A 220', 11108, 1100002, 5007),
(52709558, 'JUAN JOSE', 'VERGARA BUITRAGO', '1995-06-20', 'Carrera 75A No.40 A 221', 11108, 1100003, 5008),
(52709559, 'SIMON FELIPE', 'RODRIGUEZ GARCIA', '1995-06-21', 'Carrera 75A No.40 A 222', 11108, 1100001, 5007),
(52709560, 'ANDRES FELIPE', 'GONGORA TORRES', '1995-06-22', 'Carrera 75A No.40 A 223', 11108, 1100002, 5008),
(52709561, 'LEONARDO ALEXANDER', 'GUERRERO ESCOBAR', '1995-06-23', 'Carrera 75A No.40 A 224', 11108, 1100003, 5007),
(52709562, 'BRAYAN SMITH', 'DELGADO RODRIGUEZ', '1995-06-24', 'Carrera 75A No.40 A 225', 11108, 1100001, 5008),
(52709563, 'LEIDER HUMBERTO', 'MORA GAONA', '1995-06-25', 'Carrera 75A No.40 A 226', 11108, 1100002, 5007),
(52709564, 'SAHIAN VALERIA', 'SICHACA RODRIGUEZ', '1995-06-26', 'Carrera 75A No.40 A 227', 11108, 1100003, 5008),
(52709565, 'JUAN PABLO', 'SERNA MARIN', '1995-06-27', 'Carrera 75A No.40 A 228', 11108, 1100001, 5007),
(52709566, 'JOHAN SEBASTIAN', 'LUQUE GOMEZ', '1995-06-28', 'Carrera 75A No.40 A 229', 11108, 1100002, 5008),
(52709567, 'LAURA FERNANDA', 'MORENO CONTRERAS', '1995-06-29', 'Carrera 75A No.40 A 230', 11108, 1100003, 5007),
(52709568, 'JUAN MANUEL', 'MESA OLAYA', '1995-06-30', 'Carrera 75A No.40 A 231', 11108, 1100001, 5008),
(52709569, 'MARIA GABRIELA', 'RIAÑO MENDEZ', '1995-07-01', 'Carrera 75A No.40 A 232', 11108, 1100002, 5007),
(52709570, 'JAIDER CAMILO', 'BARRETO BARAJAS', '1995-07-02', 'Carrera 75A No.40 A 233', 11108, 1100003, 5008),
(52709571, 'IVON NATHALIA', 'TORRES LEON', '1995-07-03', 'Carrera 75A No.40 A 234', 11108, 1100001, 5007),
(52709572, 'MARIA JOSE', 'GOMEZ CAMPUZANO', '1995-07-04', 'Carrera 75A No.40 A 235', 11108, 1100002, 5008),
(52709573, 'NICOLAS NOREGISTRA', 'RODRIGUEZ GALVIS', '1995-07-05', 'Carrera 75A No.40 A 236', 11108, 1100003, 5007),
(52709574, 'BLEYMER SANTIAGO', 'TORRES ORTEGA', '1995-07-06', 'Carrera 75A No.40 A 237', 11108, 1100001, 5008),
(52709575, 'NESTOR DAVID', 'LOPEZ CASTILLO', '1995-07-07', 'Carrera 75A No.40 A 238', 11108, 1100002, 5007),
(52709576, 'MATEO', 'ROMERO HERNANDEZ', '1995-07-08', 'Carrera 75A No.40 A 239', 11108, 1100003, 5008),
(52709577, 'JHOASBLEIDY', 'PARDO TORRES', '1995-07-09', 'Carrera 75A No.40 A 240', 11108, 1100001, 5007),
(52709578, 'ESTEBAN ALEJANDRO', 'PEÑA MACIAS', '1995-07-10', 'Carrera 75A No.40 A 241', 11108, 1100002, 5008),
(52709579, 'MARIA JULIANA', 'PETRO NIÑO', '1995-07-11', 'Carrera 75A No.40 A 242', 11108, 1100003, 5007),
(52709580, 'SERGIO ALEJANDRO', 'LOZANO CHAPARRO', '1995-07-12', 'Carrera 75A No.40 A 243', 11108, 1100001, 5008),
(52709581, 'PEDRO NEL', 'RAMIREZ HERNANDEZ', '1995-07-13', 'Carrera 75A No.40 A 244', 11108, 1100002, 5007),
(52709582, 'KEVIN SANTIAGO', 'CARREÑO VARGAS', '1995-07-14', 'Carrera 75A No.40 A 245', 11108, 1100003, 5008),
(52709583, 'ANDRES FELIPE', 'VITERI RINCON', '1995-07-15', 'Carrera 75A No.40 A 246', 11108, 1100001, 5007),
(52709584, 'MIYER FERNANDO', 'SANCHEZ SANCHEZ', '1995-07-16', 'Carrera 75A No.40 A 247', 11108, 1100002, 5008),
(52709585, 'EMILY JOHANNA', 'NARVAEZ BORDA', '1995-07-17', 'Carrera 75A No.40 A 248', 11108, 1100003, 5007),
(52709586, 'DANIELA', 'RAMIREZ SALAS', '1995-07-18', 'Carrera 75A No.40 A 249', 11108, 1100001, 5008),
(52709587, 'BRAYAN STEVEN', 'RAMIREZ DIAZ', '1995-07-19', 'Carrera 75A No.40 A 250', 11108, 1100002, 5007),
(52709588, 'DANIEL CAMILO', 'TOVAR CHARRY', '1995-07-20', 'Carrera 75A No.40 A 251', 11108, 1100003, 5008),
(52709589, 'LAURA ALEJANDRA', 'GOMEZ TORRENTE', '1995-07-21', 'Carrera 75A No.40 A 252', 11108, 1100001, 5007),
(52709590, 'CRISTHIAN CAMILO', 'UNAS OCAÑA', '1995-07-22', 'Carrera 75A No.40 A 253', 11108, 1100002, 5008),
(52709591, 'NICOLAS', 'HOLGUIN BARRERA', '1995-07-23', 'Carrera 75A No.40 A 254', 11108, 1100003, 5007),
(52709592, 'DIANA CAROLINA', 'ACEVEDO CASTILLO', '1995-07-24', 'Carrera 75A No.40 A 255', 11108, 1100001, 5008),
(52709593, 'JUAN SNEYDER', 'CACERES HERNANDEZ', '1995-07-25', 'Carrera 75A No.40 A 256', 11108, 1100002, 5007),
(52709594, 'DAMIAN CAMILO', 'ROJAS MARTINEZ', '1995-07-26', 'Carrera 75A No.40 A 257', 11108, 1100003, 5008),
(52709595, 'DAVID ESTEBAN', 'ORTIZ WILCHES', '1995-07-27', 'Carrera 75A No.40 A 258', 11108, 1100001, 5007),
(52709596, 'DIEGO ANDRES', 'HERNANDEZ OLAYA', '1995-07-28', 'Carrera 75A No.40 A 259', 11108, 1100002, 5008),
(52709597, 'ANGELICA JURANY', 'CASTRO POVEDA', '1995-07-29', 'Carrera 75A No.40 A 260', 11108, 1100003, 5007),
(52709598, 'CRISTIAN LEONARDO', 'CERQUERA CABRERA', '1995-07-30', 'Carrera 75A No.40 A 261', 11108, 1100001, 5008),
(52709599, 'SEBASTIAN DAVID', 'RUIZ SOLIS', '1995-07-31', 'Carrera 75A No.40 A 262', 11108, 1100002, 5007),
(52709600, 'JORGE ELIECER', 'NIETO FIGUEROA', '1995-08-01', 'Carrera 75A No.40 A 263', 11108, 1100003, 5008),
(52709601, 'JOAN NICOLAS', 'ROLDAN RODRIGUEZ', '1995-08-02', 'Carrera 75A No.40 A 264', 11108, 1100001, 5007),
(52709602, 'SANTIAGO', 'BASTIDAS CRUZ', '1995-08-03', 'Carrera 75A No.40 A 265', 11108, 1100002, 5008),
(52709603, 'DAVID', 'RODRIGUEZ SANABRIA', '1995-08-04', 'Carrera 75A No.40 A 266', 11108, 1100003, 5007),
(52709604, 'THOMAS ALEJANDRO', 'SALAZAR BELLO', '1995-08-05', 'Carrera 75A No.40 A 267', 11108, 1100001, 5008),
(52709605, 'NIKOLE YULIANA', 'MENDEZ GAMBA', '1995-08-06', 'Carrera 75A No.40 A 268', 11108, 1100002, 5007),
(52709606, 'LUCAS MATEO', 'ESCOBAR PALACIO', '1995-08-07', 'Carrera 75A No.40 A 269', 11108, 1100003, 5008),
(52709607, 'ANDRES FELIPE', 'CAMARGO FARIGUA', '1995-08-08', 'Carrera 75A No.40 A 270', 11108, 1100001, 5007),
(52709608, 'MAIKER ALEJANDRO', 'HERNANDEZ ARCHILA', '1995-08-09', 'Carrera 75A No.40 A 271', 11108, 1100002, 5008),
(52709609, 'ANDRES FELIPE', 'SALAZAR MONCADA', '1995-08-10', 'Carrera 75A No.40 A 272', 11108, 1100003, 5007),
(52709610, 'JULIAN DAVID', 'GUERRA MARTINEZ', '1995-08-11', 'Carrera 75A No.40 A 273', 11108, 1100001, 5008),
(52709611, 'JOHANS SEBASTIAN', 'HOLGUIN PARRA', '1995-08-12', 'Carrera 75A No.40 A 274', 11108, 1100002, 5007),
(52709612, 'KAREN DANIELA', 'TALERO RIANO', '1995-08-13', 'Carrera 75A No.40 A 275', 11108, 1100003, 5008),
(52709613, 'MICHAEL STEVEN', 'AMAYA GUAYACAN', '1995-08-14', 'Carrera 75A No.40 A 276', 11108, 1100001, 5007),
(52709614, 'KEVIN SANTIAGO', 'MORENO TORRES', '1995-08-15', 'Carrera 75A No.40 A 277', 11108, 1100002, 5008),
(52709615, 'VALENTINA', 'SOTO CIFUENTES', '1995-08-16', 'Carrera 75A No.40 A 278', 11108, 1100003, 5007),
(52709616, 'FREDY ALEJANDRO', 'BOHORQUEZ CANCHON', '1995-08-17', 'Carrera 75A No.40 A 279', 11108, 1100001, 5008),
(52709617, 'DANIEL SANTIAGO', 'ARIZA LUGO', '1995-08-18', 'Carrera 75A No.40 A 280', 11108, 1100002, 5007),
(52709618, 'NATALIA DENYS', 'ROJAS GOMEZ', '1995-08-19', 'Carrera 75A No.40 A 281', 11108, 1100003, 5008),
(52709619, 'SIMON', 'AYA GALVIS', '1995-08-20', 'Carrera 75A No.40 A 282', 11108, 1100001, 5007),
(52709620, 'JOSE LUIS', 'CARDENAS MARTINEZ', '1995-08-21', 'Carrera 75A No.40 A 283', 11108, 1100002, 5008),
(52709621, 'ARLLOL STEWARD', 'GONZALEZ PARRA', '1995-08-22', 'Carrera 75A No.40 A 284', 11108, 1100003, 5007),
(52709622, 'LUIS DANIELSTEVEN', 'JIMENEZ RICO', '1995-08-23', 'Carrera 75A No.40 A 285', 11108, 1100001, 5008),
(52709623, 'JHON SEBASTIAN', 'MOQUE SALAMANCA', '1995-08-24', 'Carrera 75A No.40 A 286', 11108, 1100002, 5007),
(52709624, 'MARIA CAMILA', 'URREGO MUÑETON', '1995-08-25', 'Carrera 75A No.40 A 287', 11108, 1100003, 5008),
(52709625, 'ALFER SNEIDER', 'LINARES VELAZCO', '1995-08-26', 'Carrera 75A No.40 A 288', 11108, 1100001, 5007),
(52709626, 'DANIEL ALEXANDER', 'TORRES DIAZ', '1995-08-27', 'Carrera 75A No.40 A 289', 11108, 1100002, 5008),
(52709627, 'JUAN SEBASTIAN', 'GARCIA PRADA', '1995-08-28', 'Carrera 75A No.40 A 290', 11108, 1100003, 5007),
(52709628, 'ALEXANDER', 'BERMEO MOTTA', '1995-08-29', 'Carrera 75A No.40 A 291', 11108, 1100001, 5008),
(52709629, 'MARLON STEVEN', 'URQUIJO TABARES', '1995-08-30', 'Carrera 75A No.40 A 292', 11108, 1100002, 5007),
(52709630, 'CARLOS STEVEN', 'ARREDONDO GARZON', '1995-08-31', 'Carrera 75A No.40 A 293', 11108, 1100003, 5008),
(52709631, 'CAMILA DEL', 'SALAZAR ARIAS', '1995-09-01', 'Carrera 75A No.40 A 294', 11108, 1100001, 5007),
(52709632, 'PAULA LIZETH', 'GIL LAITON', '1995-09-02', 'Carrera 75A No.40 A 295', 11108, 1100002, 5008),
(52709633, 'JHONNATAN JAVIER', 'LEGUIZAMO VILLALOBOS', '1995-09-03', 'Carrera 75A No.40 A 296', 11108, 1100003, 5007),
(52709634, 'CRISTIAN FELIPE', 'ROA RINCON', '1995-09-04', 'Carrera 75A No.40 A 297', 11108, 1100001, 5008),
(52709635, 'KAROL MELISSA', 'BELTRAN FERNANDEZ', '1995-09-05', 'Carrera 75A No.40 A 298', 11108, 1100002, 5007),
(52709636, 'MARLON YESID', 'OCHOA MEDINA', '1995-09-06', 'Carrera 75A No.40 A 299', 11108, 1100003, 5008),
(52709637, 'FELIPE', 'LOPEZ MANTILLA', '1995-09-07', 'Carrera 75A No.40 A 300', 11108, 1100001, 5007),
(52709638, 'HELMER ANDRES', 'CUBIDES SIABATO', '1995-09-08', 'Carrera 75A No.40 A 301', 11108, 1100002, 5008),
(52709639, 'HELLEN GISSEL', 'RAMIREZ MOTTA', '1995-09-09', 'Carrera 75A No.40 A 302', 11108, 1100003, 5007),
(52709640, 'JULIANA', 'ARDILA CELY', '1995-09-10', 'Carrera 75A No.40 A 303', 11108, 1100001, 5008),
(52709641, 'ANGELA ALEXANDRA', 'LOPEZ GARZON', '1995-09-11', 'Carrera 75A No.40 A 304', 11108, 1100002, 5007),
(52709642, 'JUAN SEBASTIAN', 'CARVAJAL CADENA', '1995-09-12', 'Carrera 75A No.40 A 305', 11108, 1100003, 5008),
(52709643, 'OSCAR YESID', 'HERNANDEZ BERMUDEZ', '1995-09-13', 'Carrera 75A No.40 A 306', 11108, 1100001, 5007),
(52709644, 'CARLOS YERAY', 'HORMIZDA BETANCOURT', '1995-09-14', 'Carrera 75A No.40 A 307', 11108, 1100002, 5008),
(52709645, 'JEFFRY ANTONIO', 'SANCHEZ HERRERA', '1995-09-15', 'Carrera 75A No.40 A 308', 11108, 1100003, 5007),
(52709646, 'LUIS ESTEBAN', 'PERDOMO ESPITIA', '1995-09-16', 'Carrera 75A No.40 A 309', 11108, 1100001, 5008),
(52709647, 'DANIEL ALEJANDRO', 'CASANOVA RODRIGUEZ', '1995-09-17', 'Carrera 75A No.40 A 310', 11108, 1100002, 5007),
(52709648, 'CAROL DANIELA', 'PAEZ RADA', '1995-09-18', 'Carrera 75A No.40 A 311', 11108, 1100003, 5008),
(52709649, 'JUAN SEBASTIAN', 'ACOSTA BARRETO', '1995-09-19', 'Carrera 75A No.40 A 312', 11108, 1100001, 5007),
(52709650, 'WILLIAM FERNANDO', 'CEPEDA GIRATA', '1995-09-20', 'Carrera 75A No.40 A 313', 11108, 1100002, 5008),
(52709651, 'MAROLY ALEJANDRA', 'ROMERO OSPINA', '1995-09-21', 'Carrera 75A No.40 A 314', 11108, 1100003, 5007),
(52709652, 'JONATHAN', 'QUIMBAYA SEPULVEDA', '1995-09-22', 'Carrera 75A No.40 A 315', 11108, 1100001, 5008),
(52709653, 'HASBLEIDY SOLANGE', 'QUINTERO RODRIGUEZ', '1995-09-23', 'Carrera 75A No.40 A 316', 11108, 1100002, 5007),
(52709654, 'VALERIA', 'RODRIGUEZ CORREAL', '1995-09-24', 'Carrera 75A No.40 A 317', 11108, 1100003, 5008),
(52709655, 'KEVIN SANTIAGO', 'ROMERO BERNAL', '1995-09-25', 'Carrera 75A No.40 A 318', 11108, 1100001, 5007),
(52709656, 'KAREN JULIANA', 'RODRIGUEZ RAMIREZ', '1995-09-26', 'Carrera 75A No.40 A 319', 11108, 1100002, 5008),
(52709657, 'RICHARD DAVID', 'RAMIREZ MONCAYO', '1995-09-27', 'Carrera 75A No.40 A 320', 11108, 1100003, 5007),
(52709658, 'LAURA MARIA', 'OSORIO ACEVEDO', '1995-09-28', 'Carrera 75A No.40 A 321', 11108, 1100001, 5008),
(52709659, 'MARTINEZ ALEJANDRO', 'MARROQUIN', '1995-09-29', 'Carrera 75A No.40 A 322', 11108, 1100002, 5007),
(52709660, 'ANDRES CAMILO', 'GORDILLO SILVA', '1995-09-30', 'Carrera 75A No.40 A 323', 11108, 1100003, 5008),
(52709661, 'ANDRES FELIPE', 'SANCHEZ JARAMILLO', '1995-10-01', 'Carrera 75A No.40 A 324', 11108, 1100001, 5007),
(52709662, 'JAIDER YESID', 'MEDINA LINARES', '1995-10-02', 'Carrera 75A No.40 A 325', 11108, 1100002, 5008),
(52709663, 'ANTHONY RUBEN', 'MEDINA AGUILAR', '1995-10-03', 'Carrera 75A No.40 A 326', 11108, 1100003, 5007),
(52709664, 'PAULA ANDREA', 'ESTUPIÑAN RIAÑO', '1995-10-04', 'Carrera 75A No.40 A 327', 11108, 1100001, 5008),
(52709665, 'DIEGO ANDRES', 'LEIVA JIMENEZ', '1995-10-05', 'Carrera 75A No.40 A 328', 11108, 1100002, 5007),
(52709666, 'LISETH NATHALIA', 'GOMEZ CAICEDO', '1995-10-06', 'Carrera 75A No.40 A 329', 11108, 1100003, 5008),
(52709667, 'LUIS FERNANDO', 'LOPEZ PARRA', '1995-10-07', 'Carrera 75A No.40 A 330', 11108, 1100001, 5007),
(52709668, 'HERNÁN DARÍO', 'GUARNIZO BUITRAGO', '1995-10-08', 'Carrera 75A No.40 A 331', 11108, 1100002, 5008),
(52709669, 'CRISTIAN CAMILO', 'ROMERO ROMERO', '1995-10-09', 'Carrera 75A No.40 A 332', 11108, 1100003, 5007),
(52709670, 'JULIAN CAMILO', 'MACIAS MARTINEZ', '1995-10-10', 'Carrera 75A No.40 A 333', 11108, 1100001, 5008),
(52709671, 'NICOLAS', 'GOMEZ MILA', '1995-10-11', 'Carrera 75A No.40 A 334', 11108, 1100002, 5007),
(52709672, 'EMANUEL STEVEN', 'MESA VILLAMOR', '1995-10-12', 'Carrera 75A No.40 A 335', 11108, 1100003, 5008),
(52709673, 'LAURA VALENTINA', 'BELTRAN SANCHEZ', '1995-10-13', 'Carrera 75A No.40 A 336', 11108, 1100001, 5007),
(52709674, 'JONATHAN RICARDO', 'ARAQUE ALONSO', '1995-10-14', 'Carrera 75A No.40 A 337', 11108, 1100002, 5008),
(52709675, 'JULIAN RICARDO', 'CORREDOR BELTRAN', '1995-10-15', 'Carrera 75A No.40 A 338', 11108, 1100003, 5007),
(52709676, 'DANILO STEVEN', 'MORENO GONZALEZ', '1995-10-16', 'Carrera 75A No.40 A 339', 11108, 1100001, 5008),
(52709677, 'ERIKKA JOHANA', 'LOPEZ GAMBOA', '1995-10-17', 'Carrera 75A No.40 A 340', 11108, 1100002, 5007),
(52709678, 'ALISSON DALLAN', 'ARIAS OTALORA', '1995-10-18', 'Carrera 75A No.40 A 341', 11108, 1100003, 5008),
(52709679, 'ERIKA XIMENA', 'NITOLA MUÑOZ', '1995-10-19', 'Carrera 75A No.40 A 342', 11108, 1100001, 5007),
(52709680, 'JUAN SEBASTIAN', 'QUINTERO GALINDO', '1995-10-20', 'Carrera 75A No.40 A 343', 11108, 1100002, 5008),
(52709681, 'GIOVANNY SNEIDER', 'SALAMANCA TRIANA', '1995-10-21', 'Carrera 75A No.40 A 344', 11108, 1100003, 5007),
(52709682, 'RUTH DANIELA', 'SOLER CASTRO', '1995-10-22', 'Carrera 75A No.40 A 345', 11108, 1100001, 5008),
(52709683, 'DANNA LORENA', 'TORO TOVAR', '1995-10-23', 'Carrera 75A No.40 A 346', 11108, 1100002, 5007),
(52709684, 'KEVIN ALEJANDRO', 'SILVA MALOTT', '1995-10-24', 'Carrera 75A No.40 A 347', 11108, 1100003, 5008),
(52709685, 'DANIEL ESTIVEN', 'BOLIVAR ECHEVERRIA', '1995-10-25', 'Carrera 75A No.40 A 348', 11108, 1100001, 5007),
(52709686, 'JUAN JOSE', 'ANAYA VILLAMIZAR', '1995-10-26', 'Carrera 75A No.40 A 349', 11108, 1100002, 5008),
(52709687, 'EDWIN SANTIAGO', 'CARDENAS PEREZ', '1995-10-27', 'Carrera 75A No.40 A 350', 11108, 1100003, 5007),
(52709688, 'SEBASTIAN', 'HERRERA TELLEZ', '1995-10-28', 'Carrera 75A No.40 A 351', 11108, 1100001, 5008),
(52709689, 'BRANDON JAVIER', 'CAMPOS RUIZ', '1995-10-29', 'Carrera 75A No.40 A 352', 11108, 1100002, 5007),
(52709690, 'SANTIAGO ANDRES', 'VASQUEZ VARGAS', '1995-10-30', 'Carrera 75A No.40 A 353', 11108, 1100003, 5008),
(52709691, 'BRANDON FELIPE', 'CARDENAS URREGO', '1995-10-31', 'Carrera 75A No.40 A 354', 11109, 1100001, 5007),
(52709692, 'JULIO CESAR', 'HERRERA MORENO', '1995-11-01', 'Carrera 75A No.40 A 355', 11109, 1100002, 5008),
(52709693, 'MIGUEL ANGEL', 'REY CUARTAS', '1995-11-02', 'Carrera 75A No.40 A 356', 11109, 1100003, 5007),
(52709694, 'MARIA FERNANDA', 'RIAÑO GUTIERREZ', '1995-11-03', 'Carrera 75A No.40 A 357', 11109, 1100001, 5008),
(52709695, 'KARINA SAMANTA', 'MARTINEZ ALVAREZ', '1995-11-04', 'Carrera 75A No.40 A 358', 11109, 1100002, 5007),
(52709696, 'ANDRES FELIPE', 'LADINO BERNAL', '1995-11-05', 'Carrera 75A No.40 A 359', 11109, 1100003, 5008),
(52709697, 'DANIEL SANTIAGO', 'COLMENARES MARTINEZ', '1995-11-06', 'Carrera 75A No.40 A 360', 11109, 1100001, 5007),
(52709698, 'KAREN JULIETH', 'AGUAZACO RAMIREZ', '1995-11-07', 'Carrera 75A No.40 A 361', 11109, 1100002, 5008),
(52709699, 'LAURA STEFANIA', 'BARBOSA MENESES', '1995-11-08', 'Carrera 75A No.40 A 362', 11109, 1100003, 5007),
(52709700, 'JULIO ANDRES', 'CARVAJAL CALDERON', '1995-11-09', 'Carrera 75A No.40 A 363', 11109, 1100001, 5008),
(52709701, 'ESTEBAN CAMILO', 'RODRIGUEZ GARZON', '1995-11-10', 'Carrera 75A No.40 A 364', 11109, 1100002, 5007),
(52709702, 'MARIANA', 'TELLEZ MORENO', '1995-11-11', 'Carrera 75A No.40 A 365', 11109, 1100003, 5008),
(52709703, 'DIEGO ALEJANDRO', 'GUERRERO RAMIREZ', '1995-11-12', 'Carrera 75A No.40 A 366', 11109, 1100001, 5007),
(52709704, 'KAREN BRIYID', 'FRANCO BELTRAN', '1995-11-13', 'Carrera 75A No.40 A 367', 11109, 1100002, 5008),
(52709705, 'RUBERT EDUARDO', 'HUERFANO MORENO', '1995-11-14', 'Carrera 75A No.40 A 368', 11109, 1100003, 5007),
(52709706, 'JANELEE KAROLAYN', 'BARREÑO TORRES', '1995-11-15', 'Carrera 75A No.40 A 369', 11109, 1100001, 5008),
(52709707, 'ALLISON JULIANA', 'RINCON MOYA', '1995-11-16', 'Carrera 75A No.40 A 370', 11109, 1100002, 5007),
(52709708, 'MICHELL DAYANA', 'PEREZ ARIAS', '1995-11-17', 'Carrera 75A No.40 A 371', 11109, 1100003, 5008),
(52709709, 'JULIAN ESTEBAN', 'CASTRO CIFUENTES', '1995-11-18', 'Carrera 75A No.40 A 372', 11109, 1100001, 5007),
(52709710, 'DAVID SANTIAGO', 'PEREZ NIETO', '1995-11-19', 'Carrera 75A No.40 A 373', 11109, 1100002, 5008),
(52709711, 'STEVAN SEBASTIAN', 'SUAREZ JUNCO', '1995-11-20', 'Carrera 75A No.40 A 374', 11109, 1100003, 5007),
(52709712, 'SERGIO ANDRÉS', 'MORENO ORTÍZ', '1995-11-21', 'Carrera 75A No.40 A 375', 11109, 1100001, 5008),
(52709713, 'ANDRES FELIPE', 'PLAZAS HERRERA', '1995-11-22', 'Carrera 75A No.40 A 376', 11109, 1100002, 5007),
(52709714, 'JEFERSON FABIAN', 'MORA GAONA', '1995-11-23', 'Carrera 75A No.40 A 377', 11109, 1100003, 5008),
(52709715, 'ANDRES FELIPE', 'LOPEZ ALDANA', '1995-11-24', 'Carrera 75A No.40 A 378', 11109, 1100001, 5007),
(52709716, 'LUIS ANGEL', 'RUIZ ROJAS', '1995-11-25', 'Carrera 75A No.40 A 379', 11109, 1100002, 5008),
(52709717, 'ANTHONY EMANUEL', 'PERILLA MORA', '1995-11-26', 'Carrera 75A No.40 A 380', 11109, 1100003, 5007),
(52709718, 'ANDREA GERALDINE', 'MERCADO MONTES', '1995-11-27', 'Carrera 75A No.40 A 381', 11109, 1100001, 5008),
(52709719, 'DAVID LEONARDO', 'MOJICA MEDINA', '1995-11-28', 'Carrera 75A No.40 A 382', 11109, 1100002, 5007),
(52709720, 'JOHN JAMES', 'GOMEZ SANCHEZ', '1995-11-29', 'Carrera 75A No.40 A 383', 11109, 1100003, 5008),
(52709721, 'WALTER ANDRES', 'GUZMAN BLANCO', '1995-11-30', 'Carrera 75A No.40 A 384', 11109, 1100001, 5007),
(52709722, 'GINETH TATIANA', 'MOGOLLON BAQUERO', '1995-12-01', 'Carrera 75A No.40 A 385', 11109, 1100002, 5008),
(52709723, 'ANDRES FELIPE', 'ROA MONDRAGON', '1995-12-02', 'Carrera 75A No.40 A 386', 11109, 1100003, 5007),
(52709724, 'NIKOLL STEFANNY', 'PEREZ MARROQUIN', '1995-12-03', 'Carrera 75A No.40 A 387', 11109, 1100001, 5008),
(52709725, 'LUNA SOFIA', 'LUENGAS ARIZA', '1995-12-04', 'Carrera 75A No.40 A 388', 11109, 1100002, 5007),
(52709726, 'JORGE ALFREDO', 'RODRIGUEZ BECERRA', '1995-12-05', 'Carrera 75A No.40 A 389', 11109, 1100003, 5008),
(52709727, 'KEANU NARNOVARICK', 'GUERRERO CASTRO', '1995-12-06', 'Carrera 75A No.40 A 390', 11109, 1100001, 5007),
(52709728, 'JEREMY', 'LEGUIZAMON NEVA', '1995-12-07', 'Carrera 75A No.40 A 391', 11109, 1100002, 5008),
(52709729, 'KEVYN SNADER', 'MORENO CAMACHO', '1995-12-08', 'Carrera 75A No.40 A 392', 11109, 1100003, 5007),
(52709730, 'HEYSSON CAMILO', 'DAZA USA', '1995-12-09', 'Carrera 75A No.40 A 393', 11109, 1100001, 5008),
(52709731, 'MARIA ALEJANDRA', 'MIRANDA GONZALEZ', '1995-12-10', 'Carrera 75A No.40 A 394', 11109, 1100002, 5007),
(52709732, 'JUAN DIEGO', 'ARIAS MUÑOZ', '1995-12-11', 'Carrera 75A No.40 A 395', 11109, 1100003, 5008),
(52709733, 'DANIEL FELIPE', 'GONZALEZ RUIZ', '1995-12-12', 'Carrera 75A No.40 A 396', 11109, 1100001, 5007),
(52709734, 'OSCAR ANDRES', 'ZARATE MENDIVELSO', '1995-12-13', 'Carrera 75A No.40 A 397', 11109, 1100002, 5008),
(52709735, 'FARID ESTIDUAR', 'SABOGAL ARIAS', '1995-12-14', 'Carrera 75A No.40 A 398', 11109, 1100003, 5007),
(52709736, 'ISABELLA', 'PEÑA MORA', '1995-12-15', 'Carrera 75A No.40 A 399', 11109, 1100001, 5008),
(52709737, 'DEIVID JULIAN', 'CORREA CORTES', '1995-12-16', 'Carrera 75A No.40 A 400', 11109, 1100002, 5007),
(52709738, 'STEFANIA', 'RODRIGUEZ GONZALEZ', '1995-12-17', 'Carrera 75A No.40 A 401', 11109, 1100003, 5008),
(52709739, 'CESAR SANTIAGO', 'ROMAN VALENCIA', '1995-12-18', 'Carrera 75A No.40 A 402', 11109, 1100001, 5007),
(52709740, 'LAURA FERNANDA', 'PINILLA MORENO', '1995-12-19', 'Carrera 75A No.40 A 403', 11109, 1100002, 5008),
(52709741, 'FANERI JOHANA', 'PAEZ REINALES', '1995-12-20', 'Carrera 75A No.40 A 404', 11109, 1100003, 5007),
(52709742, 'ANDRES CAMILO', 'PIÑEROS ALDANA', '1995-12-21', 'Carrera 75A No.40 A 405', 11109, 1100001, 5008),
(52709743, 'MARLON ESTIBEN', 'ALONSO RAYO', '1995-12-22', 'Carrera 75A No.40 A 406', 11109, 1100002, 5007),
(52709744, 'JAVIER ESTEBAN', 'CAÑON SAAVEDRA', '1995-12-23', 'Carrera 75A No.40 A 407', 11109, 1100003, 5008),
(52709745, 'SANTIAGO', 'CORREDOR PEREZ', '1995-12-24', 'Carrera 75A No.40 A 408', 11109, 1100001, 5007),
(52709746, 'LUIS ALEJANDRO', 'PARRA CIFUENTES', '1995-12-25', 'Carrera 75A No.40 A 409', 11109, 1100002, 5008),
(52709747, 'JONNIER JEFFER', 'GAMBA SÁNCHEZ', '1995-12-26', 'Carrera 75A No.40 A 410', 11109, 1100003, 5007),
(52709748, 'ANDERSON JULIAN', 'ALARCON NEUTA', '1995-12-27', 'Carrera 75A No.40 A 411', 11109, 1100001, 5008),
(52709749, 'ANDRES FELIPE', 'ESCORCIA ABRIL', '1995-12-28', 'Carrera 75A No.40 A 412', 11109, 1100002, 5007),
(52709750, 'BRAYAN STIVEN', 'TRUJILLO GUAYARA', '1995-12-29', 'Carrera 75A No.40 A 413', 11109, 1100003, 5008),
(52709751, 'ANDRES FELIPE', 'GARNICA CARRANZA', '1995-12-30', 'Carrera 75A No.40 A 414', 11109, 1100001, 5007),
(52709752, 'LINA MARIA', 'RODRIGUEZ MILA', '1995-12-31', 'Carrera 75A No.40 A 415', 11109, 1100002, 5008),
(52709753, 'DANIEL FELIPE', 'VARGAS CUBILLOS', '1996-01-01', 'Carrera 75A No.40 A 416', 11109, 1100003, 5007),
(52709754, 'KAROL DAYANA', 'MONROY COLORADO', '1996-01-02', 'Carrera 75A No.40 A 417', 11109, 1100001, 5008),
(52709755, 'ANGEL NICOLAS', 'QUINAYAS GUTIERREZ', '1996-01-03', 'Carrera 75A No.40 A 418', 11109, 1100002, 5007),
(52709756, 'BRAYAN SANTIAGO', 'ROJAS CALLEJAS', '1996-01-04', 'Carrera 75A No.40 A 419', 11109, 1100003, 5008),
(52709757, 'JUAN SEBASTIAN', 'GUEVARA SUAREZ', '1996-01-05', 'Carrera 75A No.40 A 420', 11109, 1100001, 5007),
(52709758, 'ANDRES FELIPE', 'PERALTA BELTRAN', '1996-01-06', 'Carrera 75A No.40 A 421', 11109, 1100002, 5008),
(52709759, 'LAURA VANESSA', 'MONTENEGRO LOZANO', '1996-01-07', 'Carrera 75A No.40 A 422', 11109, 1100003, 5007),
(52709760, 'MARIA JOSE', 'GRISALES ORJUELA', '1996-01-08', 'Carrera 75A No.40 A 423', 11109, 1100001, 5008),
(52709761, 'DAVID ALEJANDRO', 'VASQUEZ QUEVEDO', '1996-01-09', 'Carrera 75A No.40 A 424', 11109, 1100002, 5007),
(52709762, 'JUAN SEBASTIAN', 'MANCIPE', '1996-01-10', 'Carrera 75A No.40 A 425', 11109, 1100003, 5008),
(52709763, 'EIVERSSON ANDREY', 'JIMENEZ GARZON', '1996-01-11', 'Carrera 75A No.40 A 426', 11109, 1100001, 5007),
(52709764, 'KLEIDER ANDRES', 'QUIÑONES REALPE', '1996-01-12', 'Carrera 75A No.40 A 427', 11109, 1100002, 5008),
(52709765, 'KEVIN SANTIAGO', 'VILLAFAÑE BAEZ', '1996-01-13', 'Carrera 75A No.40 A 428', 11109, 1100003, 5007),
(52709766, 'MARIA CAMILA', 'BERNAL HERNANDEZ', '1996-01-14', 'Carrera 75A No.40 A 429', 11109, 1100001, 5008),
(52709767, 'JULIAN', 'FERNANDEZ AGUASACO', '1996-01-15', 'Carrera 75A No.40 A 430', 11109, 1100002, 5007),
(52709768, 'CLAUDIA CAMILA', 'GOMEZ CASTILLO', '1996-01-16', 'Carrera 75A No.40 A 431', 11109, 1100003, 5008),
(52709769, 'LAURA ALEJANDRA', 'SERRANO FRANCO', '1996-01-17', 'Carrera 75A No.40 A 432', 11109, 1100001, 5007),
(52709770, 'YEINMY DANIELA', 'MORALES BARRERA', '1996-01-18', 'Carrera 75A No.40 A 433', 11109, 1100002, 5008),
(52709771, 'WILSON ANDRES', 'PICO SANTAMARIA', '1996-01-19', 'Carrera 75A No.40 A 434', 11109, 1100003, 5007),
(52709772, 'YERSON DUVAN', 'ARIAS PARRA', '1996-01-20', 'Carrera 75A No.40 A 435', 11109, 1100001, 5008),
(52709773, 'CRISTIAN DAVID', 'CARDENAS SANCHEZ', '1996-01-21', 'Carrera 75A No.40 A 436', 11109, 1100002, 5007),
(52709774, 'JOSE ALEJANDRO', 'ARIZMENDEZ HORTUA', '1996-01-22', 'Carrera 75A No.40 A 437', 11109, 1100003, 5008),
(52709775, 'DIEGO EDUARDO', 'OSORIO CHAPARRO', '1996-01-23', 'Carrera 75A No.40 A 438', 11109, 1100001, 5007),
(52709776, 'JUAN DAVID', 'TRUJILLO ABELLO', '1996-01-24', 'Carrera 75A No.40 A 439', 11109, 1100002, 5008),
(52709777, 'AVRIL SOFIA', 'PACHECO GARCES', '1996-01-25', 'Carrera 75A No.40 A 440', 11109, 1100003, 5007),
(52709778, 'HECTOR DANIEL', 'DIAZ MOJICA', '1996-01-26', 'Carrera 75A No.40 A 441', 11109, 1100001, 5008),
(52709779, 'JOHANA VALENTINA', 'COMBITA RODRIGUEZ', '1996-01-27', 'Carrera 75A No.40 A 442', 11109, 1100002, 5007),
(52709780, 'SEBASTIAN', 'RODRIGUEZ CARVAJAL', '1996-01-28', 'Carrera 75A No.40 A 443', 11109, 1100003, 5008),
(52709781, 'JOHAN SANTIAGO', 'SUAREZ RAMIREZ', '1996-01-29', 'Carrera 75A No.40 A 444', 11109, 1100001, 5007),
(52709782, 'BRANDON SMITH', 'MEJIA SOLANO', '1996-01-30', 'Carrera 75A No.40 A 445', 11109, 1100002, 5008),
(52709783, 'DANIEL ESTEBAN', 'MONTAÑA SANCHEZ', '1996-01-31', 'Carrera 75A No.40 A 446', 11109, 1100003, 5007),
(52709784, 'SEBASTIAN', 'BERMUDEZ TINOCO', '1996-02-01', 'Carrera 75A No.40 A 447', 11109, 1100001, 5008),
(52709785, 'SNEIDDY', 'MEDINA MEDINA', '1996-02-02', 'Carrera 75A No.40 A 448', 11109, 1100002, 5007),
(52709786, 'JANNER DAVID', 'LOPEZ LEAL', '1996-02-03', 'Carrera 75A No.40 A 449', 11109, 1100003, 5008),
(52709787, 'NICOLAS', 'SANTAMARIA CASTILLO', '1996-02-04', 'Carrera 75A No.40 A 450', 11109, 1100001, 5007),
(52709788, 'LAURA CAMILA', 'RINCON VALDERRAMA', '1996-02-05', 'Carrera 75A No.40 A 451', 11109, 1100002, 5008),
(52709789, 'CRISTIAN STEVEN', 'RODRIGUEZ LOZANO', '1996-02-06', 'Carrera 75A No.40 A 452', 11109, 1100003, 5007),
(52709790, 'JUAN ESTEBAN', 'VENEGAS BOHORQUEZ', '1996-02-07', 'Carrera 75A No.40 A 453', 11109, 1100001, 5008),
(52709791, 'KAROL', 'CRISTIANO OSPINA', '1996-02-08', 'Carrera 75A No.40 A 454', 11109, 1100002, 5007),
(52709792, 'DANIELA VALENTINA', 'CASTILLO GARCIA', '1996-02-09', 'Carrera 75A No.40 A 455', 11109, 1100003, 5008),
(52709793, 'PABLO SANTIAGO', 'ROJAS VARGAS', '1996-02-10', 'Carrera 75A No.40 A 456', 11109, 1100001, 5007),
(52709794, 'DANIEL STIVEN', 'GARCIA GARCIA', '1996-02-11', 'Carrera 75A No.40 A 457', 11109, 1100002, 5008),
(52709795, 'LUISA FERNANDA', 'HERNANDEZ HERNANDEZ', '1996-02-12', 'Carrera 75A No.40 A 458', 11109, 1100003, 5007),
(52709796, 'DANIEL FELIPE', 'ARAQUE BARRERO', '1996-02-13', 'Carrera 75A No.40 A 459', 11109, 1100001, 5008),
(52709797, 'MARIA DANIELA', 'CASTILLO PAEZ', '1996-02-14', 'Carrera 75A No.40 A 460', 11109, 1100002, 5007),
(52709798, 'OSCAR ANDRES', 'RODRIGUEZ JIMENEZ', '1996-02-15', 'Carrera 75A No.40 A 461', 11109, 1100003, 5008),
(52709799, 'JUAN SEBASTIAN', 'AHUMADA GONZALEZ', '1996-02-16', 'Carrera 75A No.40 A 462', 11109, 1100001, 5007),
(52709800, 'RODOLFO ENRIQUE', 'MEZA MARTINEZ', '1996-02-17', 'Carrera 75A No.40 A 463', 11109, 1100002, 5008),
(52709801, 'SHARON MARIA', 'MUÑOZ PELAYO', '1996-02-18', 'Carrera 75A No.40 A 464', 11109, 1100003, 5007),
(52709802, 'EDWIN DAVID', 'ALBA PORTELA', '1996-02-19', 'Carrera 75A No.40 A 465', 11109, 1100001, 5008),
(52709803, 'JONATHAN ESTEBAN', 'CARRILLO ROJAS', '1996-02-20', 'Carrera 75A No.40 A 466', 11109, 1100002, 5007),
(52709804, 'GINO', 'QUIROGA CLAVIJO', '1996-02-21', 'Carrera 75A No.40 A 467', 11109, 1100003, 5008),
(52709805, 'ADRIAN SANTIAGO', 'TORRES GOMEZ', '1996-02-22', 'Carrera 75A No.40 A 468', 11109, 1100001, 5007),
(52709806, 'CLAUDIA KATHERIN', 'VELASCO URIBE', '1996-02-23', 'Carrera 75A No.40 A 469', 11109, 1100002, 5008),
(52709807, 'JUAN FERNANDO', 'REYES GALEANO', '1996-02-24', 'Carrera 75A No.40 A 470', 11109, 1100003, 5007),
(52709808, 'JUAN SEBASTIAN', 'BARON GOMEZ', '1996-02-25', 'Carrera 75A No.40 A 471', 11109, 1100001, 5008),
(52709809, 'JEFERSON', 'GARCIA FLOREZ', '1996-02-26', 'Carrera 75A No.40 A 472', 11109, 1100002, 5007),
(52709810, 'JUAN SEBASTIAN', 'MORERA CHAVARRO', '1996-02-27', 'Carrera 75A No.40 A 473', 11109, 1100003, 5008),
(52709811, 'YOAN SEBASTIAN', 'MOSQUERA SICUAMIA', '1996-02-28', 'Carrera 75A No.40 A 474', 11109, 1100001, 5007),
(52709812, 'MARION NICOLLE', 'RODRIGUEZ VINCHERY', '1996-02-29', 'Carrera 75A No.40 A 475', 11109, 1100002, 5008),
(52709813, 'ANDRES FELIPE', 'PELUFO MARIN', '1996-03-01', 'Carrera 75A No.40 A 476', 11109, 1100003, 5007),
(52709814, 'CARLOS DANIEL', 'RODRIGUEZ HERNANDEZ', '1996-03-02', 'Carrera 75A No.40 A 477', 11109, 1100001, 5008),
(52709815, 'MICHAEL ARMANDO', 'VILLAMARIN LOPEZ', '1996-03-03', 'Carrera 75A No.40 A 478', 11109, 1100002, 5007),
(52709816, 'YENNIFER NATALIA', 'DAZA GOMEZ', '1996-03-04', 'Carrera 75A No.40 A 479', 11109, 1100003, 5008),
(52709817, 'JERSSON ANDRES', 'ROMERO CAMACHO', '1996-03-05', 'Carrera 75A No.40 A 480', 11109, 1100001, 5007),
(52709818, 'NICOLAS', 'BENITEZ GUEVARA', '1996-03-06', 'Carrera 75A No.40 A 481', 11109, 1100002, 5008),
(52709819, 'JEFREY ALEXANDER', 'VARGAS RUBIANO', '1996-03-07', 'Carrera 75A No.40 A 482', 11109, 1100003, 5007),
(52709820, 'KAREN TATIANA', 'NIÑO VALDERRAMA', '1996-03-08', 'Carrera 75A No.40 A 483', 11109, 1100001, 5008),
(52709821, 'NIKOL VALENTINA', 'POVEDA ZAMBRANO', '1996-03-09', 'Carrera 75A No.40 A 484', 11109, 1100002, 5007),
(52709822, 'ELYSA MARIA', 'ORTEGA GUERRA', '1996-03-10', 'Carrera 75A No.40 A 485', 11109, 1100003, 5008),
(52709823, 'DANNY ALEXANDER', 'PORTELA ANGARITA', '1996-03-11', 'Carrera 75A No.40 A 486', 11109, 1100001, 5007),
(52709824, 'JUDY ALEXANDRA', 'CUESTA RIOS', '1996-03-12', 'Carrera 75A No.40 A 487', 11109, 1100002, 5008),
(52709825, 'MELQUI DANIEL', 'GUERRERO MARIN', '1996-03-13', 'Carrera 75A No.40 A 488', 11109, 1100003, 5007),
(52709826, 'EDWIN DAVID', 'GAITAN RODRIGUEZ', '1996-03-14', 'Carrera 75A No.40 A 489', 11109, 1100001, 5008),
(52709827, 'JUAN CAMILO', 'BARRETO HERNANDEZ', '1996-03-15', 'Carrera 75A No.40 A 490', 11109, 1100002, 5007),
(52709828, 'JUAN ESTEBAN', 'RICO RUBIANO', '1996-03-16', 'Carrera 75A No.40 A 491', 11109, 1100003, 5008),
(52709829, 'NATALIA', 'HURTADO USA', '1996-03-17', 'Carrera 75A No.40 A 492', 11109, 1100001, 5007),
(52709830, 'BRAYAN ANDRES', 'MELO CARRANZA', '1996-03-18', 'Carrera 75A No.40 A 493', 11109, 1100002, 5008),
(52709831, 'JUAN ESTEBAN', 'ARIAS VILLAMIL', '1996-03-19', 'Carrera 75A No.40 A 494', 11109, 1100003, 5007),
(52709832, 'JUAN', 'CARRILLO REY', '1996-03-20', 'Carrera 75A No.40 A 495', 11109, 1100001, 5008),
(52709833, 'ANDREY CAMILO', 'AREVALO CAMARGO', '1996-03-21', 'Carrera 75A No.40 A 496', 11109, 1100002, 5007),
(52709834, 'JULY VALENTINA', 'GARZON CASTILLO', '1996-03-22', 'Carrera 75A No.40 A 497', 11109, 1100003, 5008),
(52709835, 'DARIAN VALENTINA', 'CUESTA CASTRO', '1996-03-23', 'Carrera 75A No.40 A 498', 11109, 1100001, 5007),
(52709836, 'LINA SOFIA', 'CAUCALI CUCAITA', '1996-03-24', 'Carrera 75A No.40 A 499', 11109, 1100002, 5008),
(52709837, 'ANDRES FELIPE', 'SOLANO OVIEDO', '1996-03-25', 'Carrera 75A No.40 A 500', 11109, 1100003, 5007),
(52709838, 'MAGNORY LIZETH', 'GALVAN ORTIZ', '1996-03-26', 'Carrera 75A No.40 A 501', 11109, 1100001, 5008),
(52709839, 'KEVIN STEVEN', 'MADERO ORTIZ', '1996-03-27', 'Carrera 75A No.40 A 502', 11109, 1100002, 5007),
(52709840, 'MARIA ANGELICA', 'CARDENAS PEREZ', '1996-03-28', 'Carrera 75A No.40 A 503', 11109, 1100003, 5008),
(52709841, 'DEIMER ALEJANDRO', 'VARGAS MONSALVE', '1996-03-29', 'Carrera 75A No.40 A 504', 11109, 1100001, 5007),
(52709842, 'BAIRON LUIS', 'RIVERA RUIZ', '1996-03-30', 'Carrera 75A No.40 A 505', 11109, 1100002, 5008),
(52709843, 'BRAYAN DAVID', 'HERNANDEZ TIGA', '1996-03-31', 'Carrera 75A No.40 A 506', 11109, 1100003, 5007),
(52709844, 'MIGUEL SANTIAGO', 'GARCIA SANCHEZ', '1996-04-01', 'Carrera 75A No.40 A 507', 11109, 1100001, 5008),
(52709845, 'LINA MARCELA', 'RAMIREZ LEON', '1996-04-02', 'Carrera 75A No.40 A 508', 11109, 1100002, 5007),
(52709846, 'MARIA FERNANDA', 'MELO CASTILLO', '1996-04-03', 'Carrera 75A No.40 A 509', 11109, 1100003, 5008),
(52709847, 'JUAN CAMILO', 'CASALLAS GAITAN', '1996-04-04', 'Carrera 75A No.40 A 510', 11109, 1100001, 5007),
(52709848, 'JULIANA VALENTINA', 'CARDENAS CARVAJAL', '1996-04-05', 'Carrera 75A No.40 A 511', 11109, 1100002, 5008),
(52709849, 'JUANA LIZETH', 'VANEGAS RAMIREZ', '1996-04-06', 'Carrera 75A No.40 A 512', 11109, 1100003, 5007),
(52709850, 'INGRID LORENA', 'POLANIA PARRA', '1996-04-07', 'Carrera 75A No.40 A 513', 11109, 1100001, 5008),
(52709851, 'JUAN PABLO', 'RAMIREZ ORJUELA', '1996-04-08', 'Carrera 75A No.40 A 514', 11109, 1100002, 5007),
(52709852, 'MEILY STEPHANIA', 'ACERO CABEZAS', '1996-04-09', 'Carrera 75A No.40 A 515', 11109, 1100003, 5008),
(52709853, 'JOEL FELIPE', 'OSPINA LEGARDA', '1996-04-10', 'Carrera 75A No.40 A 516', 11109, 1100001, 5007),
(52709854, 'DANIEL STEVEN', 'SALDAÑA VARGAS', '1996-04-11', 'Carrera 75A No.40 A 517', 11109, 1100002, 5008),
(52709855, 'JOSE ANTONIO', 'RIAÑO BAUTE', '1996-04-12', 'Carrera 75A No.40 A 518', 11109, 1100003, 5007),
(52709856, 'JULIAN ESTEBAN', 'HERRAN DAZA', '1996-04-13', 'Carrera 75A No.40 A 519', 11109, 1100001, 5008),
(52709857, 'FABIAN DAVID', 'RODRIGUEZ PUENTES', '1996-04-14', 'Carrera 75A No.40 A 520', 11109, 1100002, 5007),
(52709858, 'ANGELA SOFIA', 'DIAZ CORREDOR', '1996-04-15', 'Carrera 75A No.40 A 521', 11109, 1100003, 5008),
(52709859, 'JULIAN ANDRES', 'ROJAS GONZALEZ', '1996-04-16', 'Carrera 75A No.40 A 522', 11109, 1100001, 5007),
(52709860, 'JOFFRE ALDEMAR', 'AREVALO CASTILLO', '1996-04-17', 'Carrera 75A No.40 A 523', 11109, 1100002, 5008),
(52709861, 'JUAN JOSE', 'RIVERA SUAREZ', '1996-04-18', 'Carrera 75A No.40 A 524', 11109, 1100003, 5007),
(52709862, 'LAURA STEFANIA', 'SOPO ROMERO', '1996-04-19', 'Carrera 75A No.40 A 525', 11109, 1100001, 5008),
(52709863, 'GABRIELA CAMILA', 'LOZANO PEREZ', '1996-04-20', 'Carrera 75A No.40 A 526', 11109, 1100002, 5007),
(52709864, 'KEVIN LEONARDO', 'SILVA FERNANDEZ', '1996-04-21', 'Carrera 75A No.40 A 527', 11109, 1100003, 5008),
(52709865, 'ANGIE TATIANA', 'ROJAS GALAN', '1996-04-22', 'Carrera 75A No.40 A 528', 11109, 1100001, 5007),
(52709866, 'JIBRAN DANIEL', 'SABOGAL CAÑON', '1996-04-23', 'Carrera 75A No.40 A 529', 11109, 1100002, 5008),
(52709867, 'MONICA PATRICIA', 'MENDOZA PEÑA', '1996-04-24', 'Carrera 75A No.40 A 530', 11109, 1100003, 5007),
(52709868, 'ANDRES FELIPE', 'VELANDIA ZORA', '1996-04-25', 'Carrera 75A No.40 A 531', 11109, 1100001, 5008),
(52709869, 'JOSE RICARDO', 'MUÑOZ RODRIGUEZ', '1996-04-26', 'Carrera 75A No.40 A 532', 11109, 1100002, 5007),
(52709870, 'MONICA ALEJANDRA', 'LOPEZ PEREZ', '1996-04-27', 'Carrera 75A No.40 A 533', 11109, 1100003, 5008),
(52709871, 'SANTIAGO', 'SAEZ VEGA', '1996-04-28', 'Carrera 75A No.40 A 534', 11110, 1100001, 5007),
(52709872, 'SERGIO', 'MORA CORTES', '1996-04-29', 'Carrera 75A No.40 A 535', 11110, 1100002, 5008),
(52709873, 'NILTON ALBERTO', 'BARONA TELLO', '1996-04-30', 'Carrera 75A No.40 A 536', 11110, 1100003, 5007),
(52709874, 'DANIELA ALEXANDRA', 'MUÑOZ MONTOYA', '1996-05-01', 'Carrera 75A No.40 A 537', 11110, 1100001, 5008),
(52709875, 'HAROLD YESID', 'RUIZ PINILLA', '1996-05-02', 'Carrera 75A No.40 A 538', 11110, 1100002, 5007),
(52709876, 'DAVID STIVEN', 'GONZALEZ POLOCHE', '1996-05-03', 'Carrera 75A No.40 A 539', 11110, 1100003, 5008),
(52709877, 'ERIKA ALEJANDRA', 'PINZON LAITON', '1996-05-04', 'Carrera 75A No.40 A 540', 11110, 1100001, 5007),
(52709878, 'JOHN STEVEN', 'AVELLANEDA BENAVIDEZ', '1996-05-05', 'Carrera 75A No.40 A 541', 11110, 1100002, 5008),
(52709879, 'IVAN SANTIAGO', 'BUITRAGO HERNANDEZ', '1996-05-06', 'Carrera 75A No.40 A 542', 11110, 1100003, 5007),
(52709880, 'JANSSEN ALEXEI', 'CIFUENTES SANTANA', '1996-05-07', 'Carrera 75A No.40 A 543', 11110, 1100001, 5008),
(52709881, 'JULIAN DAVID', 'LOTERO LARROTA', '1996-05-08', 'Carrera 75A No.40 A 544', 11110, 1100002, 5007),
(52709882, 'OSCAR ALEJANDRO', 'SILVA ROJAS', '1996-05-09', 'Carrera 75A No.40 A 545', 11110, 1100003, 5008),
(52709883, 'ISAAC DAVID', 'VEGA BECERRA', '1996-05-10', 'Carrera 75A No.40 A 546', 11110, 1100001, 5007),
(52709884, 'ANGIE SOFIA', 'MORENO ATENCIO', '1996-05-11', 'Carrera 75A No.40 A 547', 11110, 1100002, 5008),
(52709885, 'NICOLAS', 'ARIAS GUZMAN', '1996-05-12', 'Carrera 75A No.40 A 548', 11110, 1100003, 5007),
(52709886, 'CÉSAR DANIEL', 'PARADA DÁVILA', '1996-05-13', 'Carrera 75A No.40 A 549', 11110, 1100001, 5008),
(52709887, 'DAVID ENRIQUE', 'MELENDEZ LEMUS', '1996-05-14', 'Carrera 75A No.40 A 550', 11110, 1100002, 5007),
(52709888, 'FABIAN DANILO', 'BORJA NEIZA', '1996-05-15', 'Carrera 75A No.40 A 551', 11110, 1100003, 5008),
(52709889, 'BRAYAN', 'RUEDA SANABRIA', '1996-05-16', 'Carrera 75A No.40 A 552', 11110, 1100001, 5007),
(52709890, 'JONATHAN DAVID', 'ORTIZ VARGAS', '1996-05-17', 'Carrera 75A No.40 A 553', 11110, 1100002, 5008),
(52709891, 'CAMILO ANDRES', 'HERRENO CARDENAS', '1996-05-18', 'Carrera 75A No.40 A 554', 11110, 1100003, 5007),
(52709892, 'JOSE ALEJANDRO', 'BOADA COVILLA', '1996-05-19', 'Carrera 75A No.40 A 555', 11110, 1100001, 5008),
(52709893, 'JORGE ESTEBAN', 'ALBINO GONZALEZ', '1996-05-20', 'Carrera 75A No.40 A 556', 11110, 1100002, 5007),
(52709894, 'LAURA CAMILA', 'PEDROZA CACERES', '1996-05-21', 'Carrera 75A No.40 A 557', 11110, 1100003, 5008),
(52709895, 'JULIAN DAVID', 'SANDOVAL ALFONSO', '1996-05-22', 'Carrera 75A No.40 A 558', 11110, 1100001, 5007),
(52709896, 'DANIELA ALEJANDRA', 'FIERRO MORALES', '1996-05-23', 'Carrera 75A No.40 A 559', 11110, 1100002, 5008),
(52709897, 'JEISON ESTIVEN', 'GONZALEZ PATIÑO', '1996-05-24', 'Carrera 75A No.40 A 560', 11110, 1100003, 5007),
(52709898, 'BRAYAN ANDRES', 'ZAPATA MIRANDA', '1996-05-25', 'Carrera 75A No.40 A 561', 11110, 1100001, 5008),
(52709899, 'JHOAN SEBASIAN', 'DIAZ NUMPAQUE', '1996-05-26', 'Carrera 75A No.40 A 562', 11110, 1100002, 5007),
(52709900, 'JAVIER DAVID', 'GUTIERREZ USECHE', '1996-05-27', 'Carrera 75A No.40 A 563', 11110, 1100003, 5008),
(52709901, 'SANTIAGO ANDRES', 'GONZALEZ URREGO', '1996-05-28', 'Carrera 75A No.40 A 564', 11110, 1100001, 5007),
(52709902, 'VANESA ALEXANDRA', 'MOLINA SOLER', '1996-05-29', 'Carrera 75A No.40 A 565', 11110, 1100002, 5008),
(52709903, 'JENIFFER MARCELA', 'MORALES VARÓN', '1996-05-30', 'Carrera 75A No.40 A 566', 11110, 1100003, 5007),
(52709904, 'CAMILO ANDRES', 'MORENO LEMUS', '1996-05-31', 'Carrera 75A No.40 A 567', 11110, 1100001, 5008),
(52709905, 'FELIPE', 'GAITAN RIOS', '1996-06-01', 'Carrera 75A No.40 A 568', 11110, 1100002, 5007),
(52709906, 'JHOAN MANUEL', 'SALAMANCA GARCIA', '1996-06-02', 'Carrera 75A No.40 A 569', 11110, 1100003, 5008),
(52709907, 'DIEGO ALEJANDRO', 'GUTIERREZ CAPERA', '1996-06-03', 'Carrera 75A No.40 A 570', 11110, 1100001, 5007),
(52709908, 'YURLEY MARIANA', 'CARRILLO SOTO', '1996-06-04', 'Carrera 75A No.40 A 571', 11110, 1100002, 5008),
(52709909, 'YURY ALEXANDRA', 'CACERES ROJAS', '1996-06-05', 'Carrera 75A No.40 A 572', 11110, 1100003, 5007),
(52709910, 'DANIEL STEVEN', 'AGUILAR HERNANDEZ', '1996-06-06', 'Carrera 75A No.40 A 573', 11110, 1100001, 5008),
(52709911, 'JUAN ALFONSO', 'PEREZ HERNANDEZ', '1996-06-07', 'Carrera 75A No.40 A 574', 11110, 1100002, 5007),
(52709912, 'DERLY YULIETH', 'CHAVEZ GAITAN', '1996-06-08', 'Carrera 75A No.40 A 575', 11110, 1100003, 5008),
(52709913, 'JUAN FELIPE', 'URIBE DIAZ', '1996-06-09', 'Carrera 75A No.40 A 576', 11110, 1100001, 5007),
(52709914, 'CRISTIAN ESTEBAN', 'VALENCIA CASTILLO', '1996-06-10', 'Carrera 75A No.40 A 577', 11110, 1100002, 5008),
(52709915, 'SIMON MATEO', 'DIAZ CAMACHO', '1996-06-11', 'Carrera 75A No.40 A 578', 11110, 1100003, 5007),
(52709916, 'BRAYAN CAMILO', 'PRADA GARCIA', '1996-06-12', 'Carrera 75A No.40 A 579', 11110, 1100001, 5008),
(52709917, 'DERLY VALENTINA', 'ESPEJO SILVA', '1996-06-13', 'Carrera 75A No.40 A 580', 11110, 1100002, 5007),
(52709918, 'JUAN DAVID', 'ARELLANO NUÑEZ', '1996-06-14', 'Carrera 75A No.40 A 581', 11110, 1100003, 5008),
(52709919, 'CAMILO STEVEN', 'OSPINA MONTAÑA', '1996-06-15', 'Carrera 75A No.40 A 582', 11110, 1100001, 5007),
(52709920, 'DANIEL', 'GONZALEZ PEREZ', '1996-06-16', 'Carrera 75A No.40 A 583', 11110, 1100002, 5008),
(52709921, 'LUZ ANGELA', 'VALERO HUERTAS', '1996-06-17', 'Carrera 75A No.40 A 584', 11110, 1100003, 5007),
(52709922, 'JULIANA NICOLL', 'ARIZA PERDOMO', '1996-06-18', 'Carrera 75A No.40 A 585', 11110, 1100001, 5008),
(52709923, 'KEVIN SEBASTIAN', 'URREGO CASTAÑO', '1996-06-19', 'Carrera 75A No.40 A 586', 11110, 1100002, 5007),
(52709924, 'MIGUEL ANGEL', 'VEGA MARTINEZ', '1996-06-20', 'Carrera 75A No.40 A 587', 11110, 1100003, 5008),
(52709925, 'YURI JULIANA', 'HUERTAS GOMEZ', '1996-06-21', 'Carrera 75A No.40 A 588', 11110, 1100001, 5007),
(52709926, 'KAREN SELENA', 'PIRACUN PEREZ', '1996-06-22', 'Carrera 75A No.40 A 589', 11110, 1100002, 5008),
(52709927, 'MARLON JAVIER', 'BARBOSA UBAQUE', '1996-06-23', 'Carrera 75A No.40 A 590', 11110, 1100003, 5007),
(52709928, 'ANDRES FELIPE', 'SANCHEZ RUBIO', '1996-06-24', 'Carrera 75A No.40 A 591', 11110, 1100001, 5008),
(52709929, 'HERMAN', 'HERNANDEZ HERNANDEZ', '1996-06-25', 'Carrera 75A No.40 A 592', 11110, 1100002, 5007),
(52709930, 'ANGIE LORENA', 'RAMOS GARAY', '1996-06-26', 'Carrera 75A No.40 A 593', 11110, 1100003, 5008),
(52709931, 'ROGELIO ANTONIO', 'CAMPIÑO CADAVID', '1996-06-27', 'Carrera 75A No.40 A 594', 11110, 1100001, 5007),
(52709932, 'JENNIFFER PATRICIA', 'BARRETO ROLDAN', '1996-06-28', 'Carrera 75A No.40 A 595', 11110, 1100002, 5008),
(52709933, 'JINETH DAYANA', 'CRUZ GOMEZ', '1996-06-29', 'Carrera 75A No.40 A 596', 11110, 1100003, 5007),
(52709934, 'JAIDER DAVID', 'CRUZ MARTINEZ', '1996-06-30', 'Carrera 75A No.40 A 597', 11110, 1100001, 5008),
(52709935, 'DAYRON MANUEL', 'ALARCON SIERRA', '1996-07-01', 'Carrera 75A No.40 A 598', 11110, 1100002, 5007),
(52709936, 'IVAN CAMILO', 'GUALTEROS DIAZ', '1996-07-02', 'Carrera 75A No.40 A 599', 11110, 1100003, 5008),
(52709937, 'ANDREY ORLANDO', 'PINEDA ARIAS', '1996-07-03', 'Carrera 75A No.40 A 600', 11110, 1100001, 5007),
(52709938, 'GIOVANNI ANDRES', 'PACHECO FIGUEROA', '1996-07-04', 'Carrera 75A No.40 A 601', 11110, 1100002, 5008),
(52709939, 'JULIANA', 'ARCINIEGAS HIDALGO', '1996-07-05', 'Carrera 75A No.40 A 602', 11110, 1100003, 5007),
(52709940, 'JHON SEBASTIAN', 'LEMUS LINARES', '1996-07-06', 'Carrera 75A No.40 A 603', 11110, 1100001, 5008),
(52709941, 'OMAR CAMILO', 'BLANCO LESMES', '1996-07-07', 'Carrera 75A No.40 A 604', 11110, 1100002, 5007),
(52709942, 'JEIMY ALEJANDRA', 'MARTINEZ MUÑOZ', '1996-07-08', 'Carrera 75A No.40 A 605', 11110, 1100003, 5008),
(52709943, 'PAULA ANDREA', 'SOCHA NIÑO', '1996-07-09', 'Carrera 75A No.40 A 606', 11110, 1100001, 5007),
(52709944, 'JOSE DANIEL', 'PALACIOS ROCHA', '1996-07-10', 'Carrera 75A No.40 A 607', 11110, 1100002, 5008),
(52709945, 'REYES CORREDOR', 'MAICOL ANDRES', '1996-07-11', 'Carrera 75A No.40 A 608', 11110, 1100003, 5007),
(52709946, 'SANTIAGO', 'TORRES HERRERA', '1996-07-12', 'Carrera 75A No.40 A 609', 11110, 1100001, 5008),
(52709947, 'ANGIE PAOLA', 'GONZALEZ PULIDO', '1996-07-13', 'Carrera 75A No.40 A 610', 11110, 1100002, 5007),
(52709948, 'YINTHEN MILENA', 'JIMENEZ MOLINA', '1996-07-14', 'Carrera 75A No.40 A 611', 11110, 1100003, 5008),
(52709949, 'MARIA PAULA', 'MUÑOZ MESA', '1996-07-15', 'Carrera 75A No.40 A 612', 11110, 1100001, 5007),
(52709950, 'DILAN ALEJANDRO', 'MENDEZ SERNA', '1996-07-16', 'Carrera 75A No.40 A 613', 11110, 1100002, 5008),
(52709951, 'KAROL NATALIA', 'PIÑEROS RODRIGUEZ', '1996-07-17', 'Carrera 75A No.40 A 614', 11110, 1100003, 5007),
(52709952, 'ACEVEDO BRENDA', 'BUSTOS', '1996-07-18', 'Carrera 75A No.40 A 615', 11110, 1100001, 5008),
(52709953, 'DIANA JINETH', 'CRUZ VARGAS', '1996-07-19', 'Carrera 75A No.40 A 616', 11110, 1100002, 5007),
(52709954, 'KEVIN ANDRES', 'BELTRAN CANCELADO', '1996-07-20', 'Carrera 75A No.40 A 617', 11110, 1100003, 5008),
(52709955, 'OSCAR DANIEL', 'ORDOÑEZ LOPEZ', '1996-07-21', 'Carrera 75A No.40 A 618', 11110, 1100001, 5007),
(52709956, 'KELVIN SANTIAGO', 'PEÑA DIAZ', '1996-07-22', 'Carrera 75A No.40 A 619', 11110, 1100002, 5008),
(52709957, 'BRYAN FELIPE', 'MEDINA DONATO', '1996-07-23', 'Carrera 75A No.40 A 620', 11110, 1100003, 5007),
(52709958, 'OMAR ALEJANDRO', 'PULGA BARAJAS', '1996-07-24', 'Carrera 75A No.40 A 621', 11110, 1100001, 5008),
(52709959, 'DAVID ESTEBAN', 'ORJUELA MAYORGA', '1996-07-25', 'Carrera 75A No.40 A 622', 11110, 1100002, 5007),
(52709960, 'HELEN MICHEL', 'FAJARDO ARIAS', '1996-07-26', 'Carrera 75A No.40 A 623', 11110, 1100003, 5008),
(52709961, 'LUISA FERNANDA', 'CASTAÑEDA AGUIAR', '1996-07-27', 'Carrera 75A No.40 A 624', 11110, 1100001, 5007),
(52709962, 'JOHAN ARTURO', 'CHAVES RODRIGUEZ', '1996-07-28', 'Carrera 75A No.40 A 625', 11110, 1100002, 5008),
(52709963, 'DIEGO ALEJANDRO', 'ROMERO GAMBA', '1996-07-29', 'Carrera 75A No.40 A 626', 11110, 1100003, 5007),
(52709964, 'JEAN MATEO', 'PINZON BARRIOS', '1996-07-30', 'Carrera 75A No.40 A 627', 11110, 1100001, 5008),
(52709965, 'KEVIN ARLEY', 'BUSTOS PINILLA', '1996-07-31', 'Carrera 75A No.40 A 628', 11110, 1100002, 5007),
(52709966, 'SANTIAGO', 'CELY MELO', '1996-08-01', 'Carrera 75A No.40 A 629', 11110, 1100003, 5008),
(52709967, 'EDIER ARLEY', 'BUITRAGO MATALLANA', '1996-08-02', 'Carrera 75A No.40 A 630', 11110, 1100001, 5007),
(52709968, 'YEIDDY', 'BEJARANO BECERRA', '1996-08-03', 'Carrera 75A No.40 A 631', 11110, 1100002, 5008),
(52709969, 'JESUS EMMANUEL', 'VASQUEZ LOPEZ', '1996-08-04', 'Carrera 75A No.40 A 632', 11110, 1100003, 5007),
(52709970, 'CAMILO ANDRES', 'GARZON SAENZ', '1996-08-05', 'Carrera 75A No.40 A 633', 11110, 1100001, 5008),
(52709971, 'JUAN CAMILO', 'INOCENCIO PORTILLA', '1996-08-06', 'Carrera 75A No.40 A 634', 11110, 1100002, 5007),
(52709972, 'JORGE LUIZ', 'CORTES TOVAR', '1996-08-07', 'Carrera 75A No.40 A 635', 11110, 1100003, 5008),
(52709973, 'MARLON MATEO', 'HERNANDEZ PATIÑO', '1996-08-08', 'Carrera 75A No.40 A 636', 11110, 1100001, 5007);
INSERT INTO `paciente` (`id`, `nombre`, `apellido`, `fecha_nto`, `direccion`, `id_municipio`, `id_tipo_id`, `id_estado`) VALUES
(52709974, 'FABIAN GUILLERMO', 'RODRIGUEZ MUÑOZ', '1996-08-09', 'Carrera 75A No.40 A 637', 11110, 1100002, 5008),
(52709975, 'JUAN SEBASTIAN', 'CONTENTO ORDOÑEZ', '1996-08-10', 'Carrera 75A No.40 A 638', 11110, 1100003, 5007),
(52709976, 'JULIANA', 'TORRES DUARTE', '1996-08-11', 'Carrera 75A No.40 A 639', 11110, 1100001, 5008),
(52709977, 'ANETH SOLANGY', 'QUEVEDO HERNANDEZ', '1996-08-12', 'Carrera 75A No.40 A 640', 11110, 1100002, 5007),
(52709978, 'CARLOS ANDRES', 'VILLALBA ACOSTA', '1996-08-13', 'Carrera 75A No.40 A 641', 11110, 1100003, 5008),
(52709979, 'HERLEY', 'DIAZ ACOSTA', '1996-08-14', 'Carrera 75A No.40 A 642', 11110, 1100001, 5007),
(52709980, 'HARIS DANIELA', 'AYALA ALVAREZ', '1996-08-15', 'Carrera 75A No.40 A 643', 11110, 1100002, 5008),
(52709981, 'CARLOS SANTIAGO', 'GONZALEZ TEQUE', '1996-08-16', 'Carrera 75A No.40 A 644', 11110, 1100003, 5007),
(52709982, 'CRISTIAN ALEXANDER', 'DIAZ AREYANO', '1996-08-17', 'Carrera 75A No.40 A 645', 11110, 1100001, 5008),
(52709983, 'JUAN PABLO', 'HERNADEZ MANRIQUE', '1996-08-18', 'Carrera 75A No.40 A 646', 11110, 1100002, 5007),
(52709984, 'DANIEL', 'LOAIZA SILVA', '1996-08-19', 'Carrera 75A No.40 A 647', 11110, 1100003, 5008),
(52709985, 'CHELSIN JIRETH', 'GOMEZ RAMIREZ', '1996-08-20', 'Carrera 75A No.40 A 648', 11110, 1100001, 5007),
(52709986, 'YONATHAN', 'PONTON PEREZ', '1996-08-21', 'Carrera 75A No.40 A 649', 11110, 1100002, 5008),
(52709987, 'BETSABE', 'BUSTOS SALDAÑA', '1996-08-22', 'Carrera 75A No.40 A 650', 11110, 1100003, 5007),
(52709988, 'MANUEL ALEXIS', 'CAMARGO CEPEDA', '1996-08-23', 'Carrera 75A No.40 A 651', 11110, 1100001, 5008),
(52709989, 'JAVIER SANTIAGO', 'DAZA HERRERA', '1996-08-24', 'Carrera 75A No.40 A 652', 11110, 1100002, 5007),
(52709990, 'MANUEL RICARDO', 'HERNANDEZ MANRIQUE', '1996-08-25', 'Carrera 75A No.40 A 653', 11110, 1100003, 5008),
(52709991, 'KEVIN ANDRES', 'ALARCON RAMOS', '1996-08-26', 'Carrera 75A No.40 A 654', 11110, 1100001, 5007),
(52709992, 'RAFAEL HERNANDO', 'RIVEROS CHUNZA', '1996-08-27', 'Carrera 75A No.40 A 655', 11110, 1100002, 5008),
(52709993, 'IVAN ALEJANDRO', 'BRAVO URREA', '1996-08-28', 'Carrera 75A No.40 A 656', 11110, 1100003, 5007),
(52709994, 'GABRIEL JUNIOR', 'GUIZA APONTE', '1996-08-29', 'Carrera 75A No.40 A 657', 11110, 1100001, 5008),
(52709995, 'LIZETH JULIANA', 'RODRIGUEZ MESA', '1996-08-30', 'Carrera 75A No.40 A 658', 11110, 1100002, 5007),
(52709996, 'LAURA TATIANA', 'PARDO VANEGAS', '1996-08-31', 'Carrera 75A No.40 A 659', 11110, 1100003, 5008),
(52709997, 'JOHAN STIVEN', 'ARREGOCES TORRES', '1996-09-01', 'Carrera 75A No.40 A 660', 11110, 1100001, 5007),
(52709998, 'MARTHA', 'GUTIERREZ OLIVEROS', '1996-09-02', 'Carrera 75A No.40 A 661', 11110, 1100002, 5008),
(52709999, 'LAURA VALENTINA', 'COCA', '1996-09-03', 'Carrera 75A No.40 A 662', 11110, 1100003, 5007),
(52710000, 'LAURA VALENTINA', 'PARRADO PEDRAZA', '1996-09-04', 'Carrera 75A No.40 A 663', 11110, 1100001, 5008),
(52710001, 'YEISSON ANDRES', 'RUIZ SAENZ', '1996-09-05', 'Carrera 75A No.40 A 664', 11110, 1100002, 5007),
(52710002, 'JUAN DIEGO', 'MORALES LEGUIZAMON', '1996-09-06', 'Carrera 75A No.40 A 665', 11110, 1100003, 5008),
(52710003, 'PULGAR ENNA', 'LUNA', '1996-09-07', 'Carrera 75A No.40 A 666', 11110, 1100001, 5007),
(52710004, 'DANIELA VALENTINA', 'ROJAS GALINDO', '1996-09-08', 'Carrera 75A No.40 A 667', 11110, 1100002, 5008),
(52710005, 'JUAN JOSE', 'TURRIAGO GARZON', '1996-09-09', 'Carrera 75A No.40 A 668', 11110, 1100003, 5007),
(52710006, 'MARITZA ISABEL', 'BONIFACIO VARELA', '1996-09-10', 'Carrera 75A No.40 A 669', 11110, 1100001, 5008),
(52710007, 'DANIEL FERNANDO', 'LOPEZ ARIAS', '1996-09-11', 'Carrera 75A No.40 A 670', 11110, 1100002, 5007),
(52710008, 'SEBASTIAN', 'BERNAL CORTEZ', '1996-09-12', 'Carrera 75A No.40 A 671', 11110, 1100003, 5008),
(52710009, 'MARIA ALEJANDRA', 'ROMERO PERILLA', '1996-09-13', 'Carrera 75A No.40 A 672', 11110, 1100001, 5007),
(52710010, 'JOHN SEBASTIAN', 'TUTA LINARES', '1996-09-14', 'Carrera 75A No.40 A 673', 11110, 1100002, 5008),
(52710011, 'HENRY MAURICIO', 'JARAMILLO BASTIDAS', '1996-09-15', 'Carrera 75A No.40 A 674', 11110, 1100003, 5007),
(52710012, 'DANNY YAHIR', 'RAMIREZ PAJA', '1996-09-16', 'Carrera 75A No.40 A 675', 11110, 1100001, 5008),
(52710013, 'VALENTINA', 'RODRIGUEZ CASTELLANOS', '1996-09-17', 'Carrera 75A No.40 A 676', 11110, 1100002, 5007),
(52710014, 'NICOL VALENTINA', 'GARCIA MARTIN', '1996-09-18', 'Carrera 75A No.40 A 677', 11110, 1100003, 5008),
(52710015, 'KEVIN SANTIAGO', 'HERRERA CRUZ', '1996-09-19', 'Carrera 75A No.40 A 678', 11110, 1100001, 5007),
(52710016, 'SERGIO ARTURO', 'CRISTANCHO DAZA', '1996-09-20', 'Carrera 75A No.40 A 679', 11110, 1100002, 5008),
(52710017, 'DALLANA ALEXANDRA', 'RICO CAMARGO', '1996-09-21', 'Carrera 75A No.40 A 680', 11110, 1100003, 5007),
(52710018, 'JAIDER ANDRES', 'CASTAÑEDA BARRANTES', '1996-09-22', 'Carrera 75A No.40 A 681', 11110, 1100001, 5008),
(52710019, 'JAIDER CAMILO', 'ARISTIZABAL LARA', '1996-09-23', 'Carrera 75A No.40 A 682', 11110, 1100002, 5007),
(52710020, 'BRANDON EDUARDO', 'BETANCOURT CANDELA', '1996-09-24', 'Carrera 75A No.40 A 683', 11110, 1100003, 5008),
(52710021, 'SEBASTIAN', 'MARTINEZ HERNANDEZ', '1996-09-25', 'Carrera 75A No.40 A 684', 11110, 1100001, 5007),
(52710022, 'NICOLAS DAVID', 'CASTILLO CAMACHO', '1996-09-26', 'Carrera 75A No.40 A 685', 11110, 1100002, 5008),
(52710023, 'JEAN PAUL', 'SALINAS CABRERA', '1996-09-27', 'Carrera 75A No.40 A 686', 11110, 1100003, 5007),
(52710024, 'YEYMY KATHERINE', 'DUARTE WILCHES', '1996-09-28', 'Carrera 75A No.40 A 687', 11110, 1100001, 5008),
(52710025, 'AYLIN YULIANA', 'CANDELA BERMUDEZ', '1996-09-29', 'Carrera 75A No.40 A 688', 11110, 1100002, 5007),
(52710026, 'NATALIA CAROLINA', 'SANCHEZ FRANCO', '1996-09-30', 'Carrera 75A No.40 A 689', 11110, 1100003, 5008),
(52710027, 'JULIAN CAMILO', 'PACHECO CUADROS', '1996-10-01', 'Carrera 75A No.40 A 690', 11110, 1100001, 5007),
(52710028, 'JUAN SEBASTIAN', 'CHAVARRO SOLORZANO', '1996-10-02', 'Carrera 75A No.40 A 691', 11110, 1100002, 5008),
(52710029, 'CRISTIAN STEVEN', 'AMEZQUITA REYES', '1996-10-03', 'Carrera 75A No.40 A 692', 11110, 1100003, 5007),
(52710030, 'DUVAN ENRIQUE', 'SUA DURAN', '1996-10-04', 'Carrera 75A No.40 A 693', 11110, 1100001, 5008),
(52710031, 'LISBETH JANNETH', 'DELGADO DELACRUZ', '1996-10-05', 'Carrera 75A No.40 A 694', 11110, 1100002, 5007),
(52710032, 'FABIAN EDUARDO', 'CAJAMARCA REYES', '1996-10-06', 'Carrera 75A No.40 A 695', 11110, 1100003, 5008),
(52710033, 'JUAN DIEGO', 'GARCIA COTRINI', '1996-10-07', 'Carrera 75A No.40 A 696', 11110, 1100001, 5007),
(52710034, 'BRAYAN YESID', 'SANTOS GONZALEZ', '1996-10-08', 'Carrera 75A No.40 A 697', 11110, 1100002, 5008),
(52710035, 'JESUS DAVID', 'CHOACHI PINZON', '1996-10-09', 'Carrera 75A No.40 A 698', 11110, 1100003, 5007),
(52710036, 'LESLY DANIELA', 'HERNANDEZ BOHORQUEZ', '1996-10-10', 'Carrera 75A No.40 A 699', 11110, 1100001, 5008),
(52710037, 'FABIAN', 'PERDOMO BORJA', '1996-10-11', 'Carrera 75A No.40 A 700', 11110, 1100002, 5007),
(52710038, 'DEIBY EDILSON', 'MARROQUIN CARRILLO', '1996-10-12', 'Carrera 75A No.40 A 701', 11110, 1100003, 5008),
(52710039, 'LINA MARIA', 'SERRANO GIRALDO', '1996-10-13', 'Carrera 75A No.40 A 702', 11110, 1100001, 5007),
(52710040, 'DAVID ESTEBAN', 'PALACIOS TORRES', '1996-10-14', 'Carrera 75A No.40 A 703', 11110, 1100002, 5008),
(52710041, 'JHON PAOLO', 'OSORIO ROJAS', '1996-10-15', 'Carrera 75A No.40 A 704', 11110, 1100003, 5007),
(52710042, 'DIEGO NICOLÁS', 'ROBLES BENITEZ', '1996-10-16', 'Carrera 75A No.40 A 705', 11110, 1100001, 5008),
(52710043, 'ANDRES FELIPE', 'DEVIA DUQUE', '1996-10-17', 'Carrera 75A No.40 A 706', 11110, 1100002, 5007),
(52710044, 'ZHARIT KARINA', 'GUEVARA ORTIZ', '1996-10-18', 'Carrera 75A No.40 A 707', 11110, 1100003, 5008),
(52710045, 'SEBASTIAN', 'RODRIGUEZ MORENO', '1996-10-19', 'Carrera 75A No.40 A 708', 11110, 1100001, 5007),
(52710046, 'CRISTIAN DAVID', 'ASTORQUIZA PACHECO', '1996-10-20', 'Carrera 75A No.40 A 709', 11110, 1100002, 5008),
(52710047, 'BRAYAN STEVEN', 'RUIZ BAZURDO', '1996-10-21', 'Carrera 75A No.40 A 710', 11110, 1100003, 5007),
(52710048, 'JOSE DANIEL', 'GIRALDO GLORIA', '1996-10-22', 'Carrera 75A No.40 A 711', 11110, 1100001, 5008),
(52710049, 'MARLON SLEYDER', 'BAUTISTA BENITEZ', '1996-10-23', 'Carrera 75A No.40 A 712', 11110, 1100002, 5007),
(52710050, 'KEVIN SANTIAGO', 'BAUTISTA VERGARA', '1996-10-24', 'Carrera 75A No.40 A 713', 11110, 1100003, 5008),
(52710051, 'ANDRES FELIPE', 'VEGA FIERRO', '1996-10-25', 'Carrera 75A No.40 A 714', 11111, 1100001, 5007),
(52710052, 'VALENTINA', 'PILLIMUE BONILLA', '1996-10-26', 'Carrera 75A No.40 A 715', 11111, 1100002, 5008),
(52710053, 'JHOJAN SEBASTIAN', 'RODRIGUEZ HERNANDEZ', '1996-10-27', 'Carrera 75A No.40 A 716', 11111, 1100003, 5007),
(52710054, 'JAIRO STIVEN', 'VERA ROJAS', '1996-10-28', 'Carrera 75A No.40 A 717', 11111, 1100001, 5008),
(52710055, 'ANDRES FELIPE', 'LUQUE CAMERA', '1996-10-29', 'Carrera 75A No.40 A 718', 11111, 1100002, 5007),
(52710056, 'JUAN DIEGO', 'HEREDIA LARIOS', '1996-10-30', 'Carrera 75A No.40 A 719', 11111, 1100003, 5008),
(52710057, 'JUAN PABLO', 'NIÑO TORRES', '1996-10-31', 'Carrera 75A No.40 A 720', 11111, 1100001, 5007),
(52710058, 'JUAN DIEGO', 'SILVA PATIÑO', '1996-11-01', 'Carrera 75A No.40 A 721', 11111, 1100002, 5008),
(52710059, 'EDDIE SANTIAGO', 'RUIZ GUALTEROS', '1996-11-02', 'Carrera 75A No.40 A 722', 11111, 1100003, 5007),
(52710060, 'JEAN CARLOS', 'MARROQUIN MELGAREJO', '1996-11-03', 'Carrera 75A No.40 A 723', 11111, 1100001, 5008),
(52710061, 'SANTIAGO', 'SANCHEZ USMA', '1996-11-04', 'Carrera 75A No.40 A 724', 11111, 1100002, 5007),
(52710062, 'ANGEL FELIPE', 'BECERRA LATORRE', '1996-11-05', 'Carrera 75A No.40 A 725', 11111, 1100003, 5008),
(52710063, 'JUAN DAVID', 'ORTIZ NOVOA', '1996-11-06', 'Carrera 75A No.40 A 726', 11111, 1100001, 5007),
(52710064, 'JULIAN ESTEBAN', 'RUIZ DIAZ', '1996-11-07', 'Carrera 75A No.40 A 727', 11111, 1100002, 5008),
(52710065, 'CAROLINA', 'SALAZAR PACHON', '1996-11-08', 'Carrera 75A No.40 A 728', 11111, 1100003, 5007),
(52710066, 'JERSONN SAMIR', 'CHAVES SUAREZ', '1996-11-09', 'Carrera 75A No.40 A 729', 11111, 1100001, 5008),
(52710067, 'HANTZEL', 'CAPACHO CORTES', '1996-11-10', 'Carrera 75A No.40 A 730', 11111, 1100002, 5007),
(52710068, 'EMMANUEL', 'SEGURA BUELVAS', '1996-11-11', 'Carrera 75A No.40 A 731', 11111, 1100003, 5008),
(52710069, 'BRYAN EDUARDO', 'CASTILLO VANEGAS', '1996-11-12', 'Carrera 75A No.40 A 732', 11111, 1100001, 5007),
(52710070, 'JUAN FELIPE', 'ESPINOSA SOLARTE', '1996-11-13', 'Carrera 75A No.40 A 733', 11111, 1100002, 5008),
(52710071, 'ANAMARIA', 'ROJAS ROZO', '1996-11-14', 'Carrera 75A No.40 A 734', 11111, 1100003, 5007),
(52710072, 'JUAN PABLO', 'CANTILLO HUERFANO', '1996-11-15', 'Carrera 75A No.40 A 735', 11111, 1100001, 5008),
(52710073, 'DANNA VALENTINA', 'LONDOÑO SUANCHA', '1996-11-16', 'Carrera 75A No.40 A 736', 11111, 1100002, 5007),
(52710074, 'JUAN JOSE', 'VERGARA BUITRAGO', '1996-11-17', 'Carrera 75A No.40 A 737', 11111, 1100003, 5008),
(52710075, 'SIMON FELIPE', 'RODRIGUEZ GARCIA', '1996-11-18', 'Carrera 75A No.40 A 738', 11111, 1100001, 5007),
(52710076, 'ANDRES FELIPE', 'GONGORA TORRES', '1996-11-19', 'Carrera 75A No.40 A 739', 11111, 1100002, 5008),
(52710077, 'LEONARDO ALEXANDER', 'GUERRERO ESCOBAR', '1996-11-20', 'Carrera 75A No.40 A 740', 11111, 1100003, 5007),
(52710078, 'BRAYAN SMITH', 'DELGADO RODRIGUEZ', '1996-11-21', 'Carrera 75A No.40 A 741', 11111, 1100001, 5008),
(52710079, 'LEIDER HUMBERTO', 'MORA GAONA', '1996-11-22', 'Carrera 75A No.40 A 742', 11111, 1100002, 5007),
(52710080, 'SAHIAN VALERIA', 'SICHACA RODRIGUEZ', '1996-11-23', 'Carrera 75A No.40 A 743', 11111, 1100003, 5008),
(52710081, 'JUAN PABLO', 'SERNA MARIN', '1996-11-24', 'Carrera 75A No.40 A 744', 11111, 1100001, 5007),
(52710082, 'JOHAN SEBASTIAN', 'LUQUE GOMEZ', '1996-11-25', 'Carrera 75A No.40 A 745', 11111, 1100002, 5008),
(52710083, 'LAURA FERNANDA', 'MORENO CONTRERAS', '1996-11-26', 'Carrera 75A No.40 A 746', 11111, 1100003, 5007),
(52710084, 'JUAN MANUEL', 'MESA OLAYA', '1996-11-27', 'Carrera 75A No.40 A 747', 11111, 1100001, 5008),
(52710085, 'MARIA GABRIELA', 'RIAÑO MENDEZ', '1996-11-28', 'Carrera 75A No.40 A 748', 11111, 1100002, 5007),
(52710086, 'JAIDER CAMILO', 'BARRETO BARAJAS', '1996-11-29', 'Carrera 75A No.40 A 749', 11111, 1100003, 5008),
(52710087, 'IVON NATHALIA', 'TORRES LEON', '1996-11-30', 'Carrera 75A No.40 A 750', 11111, 1100001, 5007),
(52710088, 'MARIA JOSE', 'GOMEZ CAMPUZANO', '1996-12-01', 'Carrera 75A No.40 A 751', 11111, 1100002, 5008),
(52710089, 'NICOLAS NOREGISTRA', 'RODRIGUEZ GALVIS', '1996-12-02', 'Carrera 75A No.40 A 752', 11111, 1100003, 5007),
(52710090, 'BLEYMER SANTIAGO', 'TORRES ORTEGA', '1996-12-03', 'Carrera 75A No.40 A 753', 11111, 1100001, 5008),
(52710091, 'NESTOR DAVID', 'LOPEZ CASTILLO', '1996-12-04', 'Carrera 75A No.40 A 754', 11111, 1100002, 5007),
(52710092, 'MATEO', 'ROMERO HERNANDEZ', '1996-12-05', 'Carrera 75A No.40 A 755', 11111, 1100003, 5008),
(52710093, 'JHOASBLEIDY', 'PARDO TORRES', '1996-12-06', 'Carrera 75A No.40 A 756', 11111, 1100001, 5007),
(52710094, 'ESTEBAN ALEJANDRO', 'PEÑA MACIAS', '1996-12-07', 'Carrera 75A No.40 A 757', 11111, 1100002, 5008),
(52710095, 'MARIA JULIANA', 'PETRO NIÑO', '1996-12-08', 'Carrera 75A No.40 A 758', 11111, 1100003, 5007),
(52710096, 'SERGIO ALEJANDRO', 'LOZANO CHAPARRO', '1996-12-09', 'Carrera 75A No.40 A 759', 11111, 1100001, 5008),
(52710097, 'PEDRO NEL', 'RAMIREZ HERNANDEZ', '1996-12-10', 'Carrera 75A No.40 A 760', 11111, 1100002, 5007),
(52710098, 'KEVIN SANTIAGO', 'CARREÑO VARGAS', '1996-12-11', 'Carrera 75A No.40 A 761', 11111, 1100003, 5008),
(52710099, 'ANDRES FELIPE', 'VITERI RINCON', '1996-12-12', 'Carrera 75A No.40 A 762', 11111, 1100001, 5007),
(52710100, 'MIYER FERNANDO', 'SANCHEZ SANCHEZ', '1996-12-13', 'Carrera 75A No.40 A 763', 11111, 1100002, 5008),
(52710101, 'EMILY JOHANNA', 'NARVAEZ BORDA', '1996-12-14', 'Carrera 75A No.40 A 764', 11111, 1100003, 5007),
(52710102, 'DANIELA', 'RAMIREZ SALAS', '1996-12-15', 'Carrera 75A No.40 A 765', 11111, 1100001, 5008),
(52710103, 'BRAYAN STEVEN', 'RAMIREZ DIAZ', '1996-12-16', 'Carrera 75A No.40 A 766', 11111, 1100002, 5007),
(52710104, 'DANIEL CAMILO', 'TOVAR CHARRY', '1996-12-17', 'Carrera 75A No.40 A 767', 11111, 1100003, 5008),
(52710105, 'LAURA ALEJANDRA', 'GOMEZ TORRENTE', '1996-12-18', 'Carrera 75A No.40 A 768', 11111, 1100001, 5007),
(52710106, 'CRISTHIAN CAMILO', 'UNAS OCAÑA', '1996-12-19', 'Carrera 75A No.40 A 769', 11111, 1100002, 5008),
(52710107, 'NICOLAS', 'HOLGUIN BARRERA', '1996-12-20', 'Carrera 75A No.40 A 770', 11111, 1100003, 5007),
(52710108, 'DIANA CAROLINA', 'ACEVEDO CASTILLO', '1996-12-21', 'Carrera 75A No.40 A 771', 11111, 1100001, 5008),
(52710109, 'JUAN SNEYDER', 'CACERES HERNANDEZ', '1996-12-22', 'Carrera 75A No.40 A 772', 11111, 1100002, 5007),
(52710110, 'DAMIAN CAMILO', 'ROJAS MARTINEZ', '1996-12-23', 'Carrera 75A No.40 A 773', 11111, 1100003, 5008),
(52710111, 'DAVID ESTEBAN', 'ORTIZ WILCHES', '1996-12-24', 'Carrera 75A No.40 A 774', 11111, 1100001, 5007),
(52710112, 'DIEGO ANDRES', 'HERNANDEZ OLAYA', '1996-12-25', 'Carrera 75A No.40 A 775', 11111, 1100002, 5008),
(52710113, 'ANGELICA JURANY', 'CASTRO POVEDA', '1996-12-26', 'Carrera 75A No.40 A 776', 11111, 1100003, 5007),
(52710114, 'CRISTIAN LEONARDO', 'CERQUERA CABRERA', '1996-12-27', 'Carrera 75A No.40 A 777', 11111, 1100001, 5008),
(52710115, 'SEBASTIAN DAVID', 'RUIZ SOLIS', '1996-12-28', 'Carrera 75A No.40 A 778', 11111, 1100002, 5007),
(52710116, 'JORGE ELIECER', 'NIETO FIGUEROA', '1996-12-29', 'Carrera 75A No.40 A 779', 11111, 1100003, 5008),
(52710117, 'JOAN NICOLAS', 'ROLDAN RODRIGUEZ', '1996-12-30', 'Carrera 75A No.40 A 780', 11111, 1100001, 5007),
(52710118, 'SANTIAGO', 'BASTIDAS CRUZ', '1996-12-31', 'Carrera 75A No.40 A 781', 11111, 1100002, 5008),
(52710119, 'DAVID', 'RODRIGUEZ SANABRIA', '1997-01-01', 'Carrera 75A No.40 A 782', 11111, 1100003, 5007),
(52710120, 'THOMAS ALEJANDRO', 'SALAZAR BELLO', '1997-01-02', 'Carrera 75A No.40 A 783', 11111, 1100001, 5008),
(52710121, 'NIKOLE YULIANA', 'MENDEZ GAMBA', '1997-01-03', 'Carrera 75A No.40 A 784', 11111, 1100002, 5007),
(52710122, 'LUCAS MATEO', 'ESCOBAR PALACIO', '1997-01-04', 'Carrera 75A No.40 A 785', 11111, 1100003, 5008),
(52710123, 'ANDRES FELIPE', 'CAMARGO FARIGUA', '1997-01-05', 'Carrera 75A No.40 A 786', 11111, 1100001, 5007),
(52710124, 'MAIKER ALEJANDRO', 'HERNANDEZ ARCHILA', '1997-01-06', 'Carrera 75A No.40 A 787', 11111, 1100002, 5008),
(52710125, 'ANDRES FELIPE', 'SALAZAR MONCADA', '1997-01-07', 'Carrera 75A No.40 A 788', 11111, 1100003, 5007),
(52710126, 'JULIAN DAVID', 'GUERRA MARTINEZ', '1997-01-08', 'Carrera 75A No.40 A 789', 11111, 1100001, 5008),
(52710127, 'JOHANS SEBASTIAN', 'HOLGUIN PARRA', '1997-01-09', 'Carrera 75A No.40 A 790', 11111, 1100002, 5007),
(52710128, 'KAREN DANIELA', 'TALERO RIANO', '1997-01-10', 'Carrera 75A No.40 A 791', 11111, 1100003, 5008),
(52710129, 'MICHAEL STEVEN', 'AMAYA GUAYACAN', '1997-01-11', 'Carrera 75A No.40 A 792', 11111, 1100001, 5007),
(52710130, 'KEVIN SANTIAGO', 'MORENO TORRES', '1997-01-12', 'Carrera 75A No.40 A 793', 11111, 1100002, 5008),
(52710131, 'VALENTINA', 'SOTO CIFUENTES', '1997-01-13', 'Carrera 75A No.40 A 794', 11111, 1100003, 5007),
(52710132, 'FREDY ALEJANDRO', 'BOHORQUEZ CANCHON', '1997-01-14', 'Carrera 75A No.40 A 795', 11111, 1100001, 5008),
(52710133, 'DANIEL SANTIAGO', 'ARIZA LUGO', '1997-01-15', 'Carrera 75A No.40 A 796', 11111, 1100002, 5007),
(52710134, 'NATALIA DENYS', 'ROJAS GOMEZ', '1997-01-16', 'Carrera 75A No.40 A 797', 11111, 1100003, 5008),
(52710135, 'SIMON', 'AYA GALVIS', '1997-01-17', 'Carrera 75A No.40 A 798', 11111, 1100001, 5007),
(52710136, 'JOSE LUIS', 'CARDENAS MARTINEZ', '1997-01-18', 'Carrera 75A No.40 A 799', 11111, 1100002, 5008),
(52710137, 'ARLLOL STEWARD', 'GONZALEZ PARRA', '1997-01-19', 'Carrera 75A No.40 A 800', 11111, 1100003, 5007),
(52710138, 'LUIS DANIELSTEVEN', 'JIMENEZ RICO', '1997-01-20', 'Carrera 75A No.40 A 801', 11111, 1100001, 5008),
(52710139, 'JHON SEBASTIAN', 'MOQUE SALAMANCA', '1997-01-21', 'Carrera 75A No.40 A 802', 11111, 1100002, 5007),
(52710140, 'MARIA CAMILA', 'URREGO MUÑETON', '1997-01-22', 'Carrera 75A No.40 A 803', 11111, 1100003, 5008),
(52710141, 'ALFER SNEIDER', 'LINARES VELAZCO', '1997-01-23', 'Carrera 75A No.40 A 804', 11111, 1100001, 5007),
(52710142, 'DANIEL ALEXANDER', 'TORRES DIAZ', '1997-01-24', 'Carrera 75A No.40 A 805', 11111, 1100002, 5008),
(52710143, 'JUAN SEBASTIAN', 'GARCIA PRADA', '1997-01-25', 'Carrera 75A No.40 A 806', 11111, 1100003, 5007),
(52710144, 'ALEXANDER', 'BERMEO MOTTA', '1997-01-26', 'Carrera 75A No.40 A 807', 11111, 1100001, 5008),
(52710145, 'MARLON STEVEN', 'URQUIJO TABARES', '1997-01-27', 'Carrera 75A No.40 A 808', 11111, 1100002, 5007),
(52710146, 'CARLOS STEVEN', 'ARREDONDO GARZON', '1997-01-28', 'Carrera 75A No.40 A 809', 11111, 1100003, 5008),
(52710147, 'CAMILA DEL', 'SALAZAR ARIAS', '1997-01-29', 'Carrera 75A No.40 A 810', 11111, 1100001, 5007),
(52710148, 'PAULA LIZETH', 'GIL LAITON', '1997-01-30', 'Carrera 75A No.40 A 811', 11111, 1100002, 5008),
(52710149, 'JHONNATAN JAVIER', 'LEGUIZAMO VILLALOBOS', '1997-01-31', 'Carrera 75A No.40 A 812', 11111, 1100003, 5007),
(52710150, 'CRISTIAN FELIPE', 'ROA RINCON', '1997-02-01', 'Carrera 75A No.40 A 813', 11111, 1100001, 5008),
(52710151, 'KAROL MELISSA', 'BELTRAN FERNANDEZ', '1997-02-02', 'Carrera 75A No.40 A 814', 11111, 1100002, 5007),
(52710152, 'MARLON YESID', 'OCHOA MEDINA', '1997-02-03', 'Carrera 75A No.40 A 815', 11111, 1100003, 5008),
(52710153, 'FELIPE', 'LOPEZ MANTILLA', '1997-02-04', 'Carrera 75A No.40 A 816', 11111, 1100001, 5007),
(52710154, 'HELMER ANDRES', 'CUBIDES SIABATO', '1997-02-05', 'Carrera 75A No.40 A 817', 11111, 1100002, 5008),
(52710155, 'HELLEN GISSEL', 'RAMIREZ MOTTA', '1997-02-06', 'Carrera 75A No.40 A 818', 11111, 1100003, 5007),
(52710156, 'JULIANA', 'ARDILA CELY', '1997-02-07', 'Carrera 75A No.40 A 819', 11111, 1100001, 5008),
(52710157, 'ANGELA ALEXANDRA', 'LOPEZ GARZON', '1997-02-08', 'Carrera 75A No.40 A 820', 11111, 1100002, 5007),
(52710158, 'JUAN SEBASTIAN', 'CARVAJAL CADENA', '1997-02-09', 'Carrera 75A No.40 A 821', 11111, 1100003, 5008),
(52710159, 'OSCAR YESID', 'HERNANDEZ BERMUDEZ', '1997-02-10', 'Carrera 75A No.40 A 822', 11111, 1100001, 5007),
(52710160, 'CARLOS YERAY', 'HORMIZDA BETANCOURT', '1997-02-11', 'Carrera 75A No.40 A 823', 11111, 1100002, 5008),
(52710161, 'JEFFRY ANTONIO', 'SANCHEZ HERRERA', '1997-02-12', 'Carrera 75A No.40 A 824', 11111, 1100003, 5007),
(52710162, 'LUIS ESTEBAN', 'PERDOMO ESPITIA', '1997-02-13', 'Carrera 75A No.40 A 825', 11111, 1100001, 5008),
(52710163, 'DANIEL ALEJANDRO', 'CASANOVA RODRIGUEZ', '1997-02-14', 'Carrera 75A No.40 A 826', 11111, 1100002, 5007),
(52710164, 'CAROL DANIELA', 'PAEZ RADA', '1997-02-15', 'Carrera 75A No.40 A 827', 11111, 1100003, 5008),
(52710165, 'JUAN SEBASTIAN', 'ACOSTA BARRETO', '1997-02-16', 'Carrera 75A No.40 A 828', 11111, 1100001, 5007),
(52710166, 'WILLIAM FERNANDO', 'CEPEDA GIRATA', '1997-02-17', 'Carrera 75A No.40 A 829', 11111, 1100002, 5008),
(52710167, 'MAROLY ALEJANDRA', 'ROMERO OSPINA', '1997-02-18', 'Carrera 75A No.40 A 830', 11111, 1100003, 5007),
(52710168, 'JONATHAN', 'QUIMBAYA SEPULVEDA', '1997-02-19', 'Carrera 75A No.40 A 831', 11111, 1100001, 5008),
(52710169, 'HASBLEIDY SOLANGE', 'QUINTERO RODRIGUEZ', '1997-02-20', 'Carrera 75A No.40 A 832', 11111, 1100002, 5007),
(52710170, 'VALERIA', 'RODRIGUEZ CORREAL', '1997-02-21', 'Carrera 75A No.40 A 833', 11111, 1100003, 5008),
(52710171, 'KEVIN SANTIAGO', 'ROMERO BERNAL', '1997-02-22', 'Carrera 75A No.40 A 834', 11111, 1100001, 5007),
(52710172, 'KAREN JULIANA', 'RODRIGUEZ RAMIREZ', '1997-02-23', 'Carrera 75A No.40 A 835', 11111, 1100002, 5008),
(52710173, 'RICHARD DAVID', 'RAMIREZ MONCAYO', '1997-02-24', 'Carrera 75A No.40 A 836', 11111, 1100003, 5007),
(52710174, 'LAURA MARIA', 'OSORIO ACEVEDO', '1997-02-25', 'Carrera 75A No.40 A 837', 11111, 1100001, 5008),
(52710175, 'MARTINEZ ALEJANDRO', 'MARROQUIN', '1997-02-26', 'Carrera 75A No.40 A 838', 11111, 1100002, 5007),
(52710176, 'ANDRES CAMILO', 'GORDILLO SILVA', '1997-02-27', 'Carrera 75A No.40 A 839', 11111, 1100003, 5008),
(52710177, 'ANDRES FELIPE', 'SANCHEZ JARAMILLO', '1997-02-28', 'Carrera 75A No.40 A 840', 11111, 1100001, 5007),
(52710178, 'JAIDER YESID', 'MEDINA LINARES', '1997-03-01', 'Carrera 75A No.40 A 841', 11111, 1100002, 5008),
(52710179, 'ANTHONY RUBEN', 'MEDINA AGUILAR', '1997-03-02', 'Carrera 75A No.40 A 842', 11111, 1100003, 5007),
(52710180, 'PAULA ANDREA', 'ESTUPIÑAN RIAÑO', '1997-03-03', 'Carrera 75A No.40 A 843', 11111, 1100001, 5008),
(52710181, 'DIEGO ANDRES', 'LEIVA JIMENEZ', '1997-03-04', 'Carrera 75A No.40 A 844', 11111, 1100002, 5007),
(52710182, 'LISETH NATHALIA', 'GOMEZ CAICEDO', '1997-03-05', 'Carrera 75A No.40 A 845', 11111, 1100003, 5008),
(52710183, 'LUIS FERNANDO', 'LOPEZ PARRA', '1997-03-06', 'Carrera 75A No.40 A 846', 11111, 1100001, 5007),
(52710184, 'HERNÁN DARÍO', 'GUARNIZO BUITRAGO', '1997-03-07', 'Carrera 75A No.40 A 847', 11111, 1100002, 5008),
(52710185, 'CRISTIAN CAMILO', 'ROMERO ROMERO', '1997-03-08', 'Carrera 75A No.40 A 848', 11111, 1100003, 5007),
(52710186, 'JULIAN CAMILO', 'MACIAS MARTINEZ', '1997-03-09', 'Carrera 75A No.40 A 849', 11111, 1100001, 5008),
(52710187, 'NICOLAS', 'GOMEZ MILA', '1997-03-10', 'Carrera 75A No.40 A 850', 11111, 1100002, 5007),
(52710188, 'EMANUEL STEVEN', 'MESA VILLAMOR', '1997-03-11', 'Carrera 75A No.40 A 851', 11111, 1100003, 5008),
(52710189, 'LAURA VALENTINA', 'BELTRAN SANCHEZ', '1997-03-12', 'Carrera 75A No.40 A 852', 11111, 1100001, 5007),
(52710190, 'JONATHAN RICARDO', 'ARAQUE ALONSO', '1997-03-13', 'Carrera 75A No.40 A 853', 11111, 1100002, 5008),
(52710191, 'JULIAN RICARDO', 'CORREDOR BELTRAN', '1997-03-14', 'Carrera 75A No.40 A 854', 11111, 1100003, 5007),
(52710192, 'DANILO STEVEN', 'MORENO GONZALEZ', '1997-03-15', 'Carrera 75A No.40 A 855', 11111, 1100001, 5008),
(52710193, 'ERIKKA JOHANA', 'LOPEZ GAMBOA', '1997-03-16', 'Carrera 75A No.40 A 856', 11111, 1100002, 5007),
(52710194, 'ALISSON DALLAN', 'ARIAS OTALORA', '1997-03-17', 'Carrera 75A No.40 A 857', 11111, 1100003, 5008),
(52710195, 'ERIKA XIMENA', 'NITOLA MUÑOZ', '1997-03-18', 'Carrera 75A No.40 A 858', 11111, 1100001, 5007),
(52710196, 'JUAN SEBASTIAN', 'QUINTERO GALINDO', '1997-03-19', 'Carrera 75A No.40 A 859', 11111, 1100002, 5008),
(52710197, 'GIOVANNY SNEIDER', 'SALAMANCA TRIANA', '1997-03-20', 'Carrera 75A No.40 A 860', 11111, 1100003, 5007),
(52710198, 'RUTH DANIELA', 'SOLER CASTRO', '1997-03-21', 'Carrera 75A No.40 A 861', 11111, 1100001, 5008),
(52710199, 'DANNA LORENA', 'TORO TOVAR', '1997-03-22', 'Carrera 75A No.40 A 862', 11111, 1100002, 5007),
(52710200, 'KEVIN ALEJANDRO', 'SILVA MALOTT', '1997-03-23', 'Carrera 75A No.40 A 863', 11111, 1100003, 5008),
(52710201, 'DANIEL ESTIVEN', 'BOLIVAR ECHEVERRIA', '1997-03-24', 'Carrera 75A No.40 A 864', 11111, 1100001, 5007),
(52710202, 'JUAN JOSE', 'ANAYA VILLAMIZAR', '1997-03-25', 'Carrera 75A No.40 A 865', 11111, 1100002, 5008),
(52710203, 'EDWIN SANTIAGO', 'CARDENAS PEREZ', '1997-03-26', 'Carrera 75A No.40 A 866', 11111, 1100003, 5007),
(52710204, 'SEBASTIAN', 'HERRERA TELLEZ', '1997-03-27', 'Carrera 75A No.40 A 867', 11111, 1100001, 5008),
(52710205, 'BRANDON JAVIER', 'CAMPOS RUIZ', '1997-03-28', 'Carrera 75A No.40 A 868', 11111, 1100002, 5007),
(52710206, 'SANTIAGO ANDRES', 'VASQUEZ VARGAS', '1997-03-29', 'Carrera 75A No.40 A 869', 11111, 1100003, 5008),
(52710207, 'BRANDON FELIPE', 'CARDENAS URREGO', '1997-03-30', 'Carrera 75A No.40 A 870', 11111, 1100001, 5007),
(52710208, 'JULIO CESAR', 'HERRERA MORENO', '1997-03-31', 'Carrera 75A No.40 A 871', 11111, 1100002, 5008),
(52710209, 'MIGUEL ANGEL', 'REY CUARTAS', '1997-04-01', 'Carrera 75A No.40 A 872', 11111, 1100003, 5007),
(52710210, 'MARIA FERNANDA', 'RIAÑO GUTIERREZ', '1997-04-02', 'Carrera 75A No.40 A 873', 11111, 1100001, 5008),
(52710211, 'KARINA SAMANTA', 'MARTINEZ ALVAREZ', '1997-04-03', 'Carrera 75A No.40 A 874', 11111, 1100002, 5007),
(52710212, 'ANDRES FELIPE', 'LADINO BERNAL', '1997-04-04', 'Carrera 75A No.40 A 875', 11111, 1100003, 5008),
(52710213, 'DANIEL SANTIAGO', 'COLMENARES MARTINEZ', '1997-04-05', 'Carrera 75A No.40 A 876', 11111, 1100001, 5007),
(52710214, 'KAREN JULIETH', 'AGUAZACO RAMIREZ', '1997-04-06', 'Carrera 75A No.40 A 877', 11111, 1100002, 5008),
(52710215, 'LAURA STEFANIA', 'BARBOSA MENESES', '1997-04-07', 'Carrera 75A No.40 A 878', 11111, 1100003, 5007),
(52710216, 'JULIO ANDRES', 'CARVAJAL CALDERON', '1997-04-08', 'Carrera 75A No.40 A 879', 11111, 1100001, 5008),
(52710217, 'ESTEBAN CAMILO', 'RODRIGUEZ GARZON', '1997-04-09', 'Carrera 75A No.40 A 880', 11111, 1100002, 5007),
(52710218, 'MARIANA', 'TELLEZ MORENO', '1997-04-10', 'Carrera 75A No.40 A 881', 11111, 1100003, 5008),
(52710219, 'DIEGO ALEJANDRO', 'GUERRERO RAMIREZ', '1997-04-11', 'Carrera 75A No.40 A 882', 11111, 1100001, 5007),
(52710220, 'KAREN BRIYID', 'FRANCO BELTRAN', '1997-04-12', 'Carrera 75A No.40 A 883', 11111, 1100002, 5008),
(52710221, 'RUBERT EDUARDO', 'HUERFANO MORENO', '1997-04-13', 'Carrera 75A No.40 A 884', 11111, 1100003, 5007),
(52710222, 'JANELEE KAROLAYN', 'BARREÑO TORRES', '1997-04-14', 'Carrera 75A No.40 A 885', 11111, 1100001, 5008),
(52710223, 'ALLISON JULIANA', 'RINCON MOYA', '1997-04-15', 'Carrera 75A No.40 A 886', 11111, 1100002, 5007),
(52710224, 'MICHELL DAYANA', 'PEREZ ARIAS', '1997-04-16', 'Carrera 75A No.40 A 887', 11111, 1100003, 5008),
(52710225, 'JULIAN ESTEBAN', 'CASTRO CIFUENTES', '1997-04-17', 'Carrera 75A No.40 A 888', 11111, 1100001, 5007),
(52710226, 'DAVID SANTIAGO', 'PEREZ NIETO', '1997-04-18', 'Carrera 75A No.40 A 889', 11111, 1100002, 5008),
(52710227, 'STEVAN SEBASTIAN', 'SUAREZ JUNCO', '1997-04-19', 'Carrera 75A No.40 A 890', 11111, 1100003, 5007),
(52710228, 'SERGIO ANDRÉS', 'MORENO ORTÍZ', '1997-04-20', 'Carrera 75A No.40 A 891', 11111, 1100001, 5008),
(52710229, 'ANDRES FELIPE', 'PLAZAS HERRERA', '1997-04-21', 'Carrera 75A No.40 A 892', 11111, 1100002, 5007),
(52710230, 'JEFERSON FABIAN', 'MORA GAONA', '1997-04-22', 'Carrera 75A No.40 A 893', 11111, 1100003, 5008),
(52710231, 'ANDRES FELIPE', 'LOPEZ ALDANA', '1997-04-23', 'Carrera 75A No.40 A 894', 11112, 1100001, 5007),
(52710232, 'LUIS ANGEL', 'RUIZ ROJAS', '1997-04-24', 'Carrera 75A No.40 A 895', 11112, 1100002, 5008),
(52710233, 'ANTHONY EMANUEL', 'PERILLA MORA', '1997-04-25', 'Carrera 75A No.40 A 896', 11112, 1100003, 5007),
(52710234, 'ANDREA GERALDINE', 'MERCADO MONTES', '1997-04-26', 'Carrera 75A No.40 A 897', 11112, 1100001, 5008),
(52710235, 'DAVID LEONARDO', 'MOJICA MEDINA', '1997-04-27', 'Carrera 75A No.40 A 898', 11112, 1100002, 5007),
(52710236, 'JOHN JAMES', 'GOMEZ SANCHEZ', '1997-04-28', 'Carrera 75A No.40 A 899', 11112, 1100003, 5008),
(52710237, 'WALTER ANDRES', 'GUZMAN BLANCO', '1997-04-29', 'Carrera 75A No.40 A 900', 11112, 1100001, 5007),
(52710238, 'GINETH TATIANA', 'MOGOLLON BAQUERO', '1997-04-30', 'Carrera 75A No.40 A 901', 11112, 1100002, 5008),
(52710239, 'ANDRES FELIPE', 'ROA MONDRAGON', '1997-05-01', 'Carrera 75A No.40 A 902', 11112, 1100003, 5007),
(52710240, 'NIKOLL STEFANNY', 'PEREZ MARROQUIN', '1997-05-02', 'Carrera 75A No.40 A 903', 11112, 1100001, 5008),
(52710241, 'LUNA SOFIA', 'LUENGAS ARIZA', '1997-05-03', 'Carrera 75A No.40 A 904', 11112, 1100002, 5007),
(52710242, 'JORGE ALFREDO', 'RODRIGUEZ BECERRA', '1997-05-04', 'Carrera 75A No.40 A 905', 11112, 1100003, 5008),
(52710243, 'KEANU NARNOVARICK', 'GUERRERO CASTRO', '1997-05-05', 'Carrera 75A No.40 A 906', 11112, 1100001, 5007),
(52710244, 'JEREMY', 'LEGUIZAMON NEVA', '1997-05-06', 'Carrera 75A No.40 A 907', 11112, 1100002, 5008),
(52710245, 'KEVYN SNADER', 'MORENO CAMACHO', '1997-05-07', 'Carrera 75A No.40 A 908', 11112, 1100003, 5007),
(52710246, 'HEYSSON CAMILO', 'DAZA USA', '1997-05-08', 'Carrera 75A No.40 A 909', 11112, 1100001, 5008),
(52710247, 'MARIA ALEJANDRA', 'MIRANDA GONZALEZ', '1997-05-09', 'Carrera 75A No.40 A 910', 11112, 1100002, 5007),
(52710248, 'JUAN DIEGO', 'ARIAS MUÑOZ', '1997-05-10', 'Carrera 75A No.40 A 911', 11112, 1100003, 5008),
(52710249, 'DANIEL FELIPE', 'GONZALEZ RUIZ', '1997-05-11', 'Carrera 75A No.40 A 912', 11112, 1100001, 5007),
(52710250, 'OSCAR ANDRES', 'ZARATE MENDIVELSO', '1997-05-12', 'Carrera 75A No.40 A 913', 11112, 1100002, 5008),
(52710251, 'FARID ESTIDUAR', 'SABOGAL ARIAS', '1997-05-13', 'Carrera 75A No.40 A 914', 11112, 1100003, 5007),
(52710252, 'ISABELLA', 'PEÑA MORA', '1997-05-14', 'Carrera 75A No.40 A 915', 11112, 1100001, 5008),
(52710253, 'DEIVID JULIAN', 'CORREA CORTES', '1997-05-15', 'Carrera 75A No.40 A 916', 11112, 1100002, 5007),
(52710254, 'STEFANIA', 'RODRIGUEZ GONZALEZ', '1997-05-16', 'Carrera 75A No.40 A 917', 11112, 1100003, 5008),
(52710255, 'CESAR SANTIAGO', 'ROMAN VALENCIA', '1997-05-17', 'Carrera 75A No.40 A 918', 11112, 1100001, 5007),
(52710256, 'LAURA FERNANDA', 'PINILLA MORENO', '1997-05-18', 'Carrera 75A No.40 A 919', 11112, 1100002, 5008),
(52710257, 'FANERI JOHANA', 'PAEZ REINALES', '1997-05-19', 'Carrera 75A No.40 A 920', 11112, 1100003, 5007),
(52710258, 'ANDRES CAMILO', 'PIÑEROS ALDANA', '1997-05-20', 'Carrera 75A No.40 A 921', 11112, 1100001, 5008),
(52710259, 'MARLON ESTIBEN', 'ALONSO RAYO', '1997-05-21', 'Carrera 75A No.40 A 922', 11112, 1100002, 5007),
(52710260, 'JAVIER ESTEBAN', 'CAÑON SAAVEDRA', '1997-05-22', 'Carrera 75A No.40 A 923', 11112, 1100003, 5008),
(52710261, 'SANTIAGO', 'CORREDOR PEREZ', '1997-05-23', 'Carrera 75A No.40 A 924', 11112, 1100001, 5007),
(52710262, 'LUIS ALEJANDRO', 'PARRA CIFUENTES', '1997-05-24', 'Carrera 75A No.40 A 925', 11112, 1100002, 5008),
(52710263, 'JONNIER JEFFER', 'GAMBA SÁNCHEZ', '1997-05-25', 'Carrera 75A No.40 A 926', 11112, 1100003, 5007),
(52710264, 'ANDERSON JULIAN', 'ALARCON NEUTA', '1997-05-26', 'Carrera 75A No.40 A 927', 11112, 1100001, 5008),
(52710265, 'ANDRES FELIPE', 'ESCORCIA ABRIL', '1997-05-27', 'Carrera 75A No.40 A 928', 11112, 1100002, 5007),
(52710266, 'BRAYAN STIVEN', 'TRUJILLO GUAYARA', '1997-05-28', 'Carrera 75A No.40 A 929', 11112, 1100003, 5008),
(52710267, 'ANDRES FELIPE', 'GARNICA CARRANZA', '1997-05-29', 'Carrera 75A No.40 A 930', 11112, 1100001, 5007),
(52710268, 'LINA MARIA', 'RODRIGUEZ MILA', '1997-05-30', 'Carrera 75A No.40 A 931', 11112, 1100002, 5008),
(52710269, 'DANIEL FELIPE', 'VARGAS CUBILLOS', '1997-05-31', 'Carrera 75A No.40 A 932', 11112, 1100003, 5007),
(52710270, 'KAROL DAYANA', 'MONROY COLORADO', '1997-06-01', 'Carrera 75A No.40 A 933', 11112, 1100001, 5008),
(52710271, 'ANGEL NICOLAS', 'QUINAYAS GUTIERREZ', '1997-06-02', 'Carrera 75A No.40 A 934', 11112, 1100002, 5007),
(52710272, 'BRAYAN SANTIAGO', 'ROJAS CALLEJAS', '1997-06-03', 'Carrera 75A No.40 A 935', 11112, 1100003, 5008),
(52710273, 'JUAN SEBASTIAN', 'GUEVARA SUAREZ', '1997-06-04', 'Carrera 75A No.40 A 936', 11112, 1100001, 5007),
(52710274, 'ANDRES FELIPE', 'PERALTA BELTRAN', '1997-06-05', 'Carrera 75A No.40 A 937', 11112, 1100002, 5008),
(52710275, 'LAURA VANESSA', 'MONTENEGRO LOZANO', '1997-06-06', 'Carrera 75A No.40 A 938', 11112, 1100003, 5007),
(52710276, 'MARIA JOSE', 'GRISALES ORJUELA', '1997-06-07', 'Carrera 75A No.40 A 939', 11112, 1100001, 5008),
(52710277, 'DAVID ALEJANDRO', 'VASQUEZ QUEVEDO', '1997-06-08', 'Carrera 75A No.40 A 940', 11112, 1100002, 5007),
(52710278, 'JUAN SEBASTIAN', 'MANCIPE', '1997-06-09', 'Carrera 75A No.40 A 941', 11112, 1100003, 5008),
(52710279, 'EIVERSSON ANDREY', 'JIMENEZ GARZON', '1997-06-10', 'Carrera 75A No.40 A 942', 11112, 1100001, 5007),
(52710280, 'KLEIDER ANDRES', 'QUIÑONES REALPE', '1997-06-11', 'Carrera 75A No.40 A 943', 11112, 1100002, 5008),
(52710281, 'KEVIN SANTIAGO', 'VILLAFAÑE BAEZ', '1997-06-12', 'Carrera 75A No.40 A 944', 11112, 1100003, 5007),
(52710282, 'MARIA CAMILA', 'BERNAL HERNANDEZ', '1997-06-13', 'Carrera 75A No.40 A 945', 11112, 1100001, 5008),
(52710283, 'JULIAN', 'FERNANDEZ AGUASACO', '1997-06-14', 'Carrera 75A No.40 A 946', 11112, 1100002, 5007),
(52710284, 'CLAUDIA CAMILA', 'GOMEZ CASTILLO', '1997-06-15', 'Carrera 75A No.40 A 947', 11112, 1100003, 5008),
(52710285, 'LAURA ALEJANDRA', 'SERRANO FRANCO', '1997-06-16', 'Carrera 75A No.40 A 948', 11112, 1100001, 5007),
(52710286, 'YEINMY DANIELA', 'MORALES BARRERA', '1997-06-17', 'Carrera 75A No.40 A 949', 11112, 1100002, 5008),
(52710287, 'WILSON ANDRES', 'PICO SANTAMARIA', '1997-06-18', 'Carrera 75A No.40 A 950', 11112, 1100003, 5007),
(52710288, 'YERSON DUVAN', 'ARIAS PARRA', '1997-06-19', 'Carrera 75A No.40 A 951', 11112, 1100001, 5008),
(52710289, 'CRISTIAN DAVID', 'CARDENAS SANCHEZ', '1997-06-20', 'Carrera 75A No.40 A 952', 11112, 1100002, 5007),
(52710290, 'JOSE ALEJANDRO', 'ARIZMENDEZ HORTUA', '1997-06-21', 'Carrera 75A No.40 A 953', 11112, 1100003, 5008),
(52710291, 'DIEGO EDUARDO', 'OSORIO CHAPARRO', '1997-06-22', 'Carrera 75A No.40 A 954', 11112, 1100001, 5007),
(52710292, 'JUAN DAVID', 'TRUJILLO ABELLO', '1997-06-23', 'Carrera 75A No.40 A 955', 11112, 1100002, 5008),
(52710293, 'AVRIL SOFIA', 'PACHECO GARCES', '1997-06-24', 'Carrera 75A No.40 A 956', 11112, 1100003, 5007),
(52710294, 'HECTOR DANIEL', 'DIAZ MOJICA', '1997-06-25', 'Carrera 75A No.40 A 957', 11112, 1100001, 5008),
(52710295, 'JOHANA VALENTINA', 'COMBITA RODRIGUEZ', '1997-06-26', 'Carrera 75A No.40 A 958', 11112, 1100002, 5007),
(52710296, 'SEBASTIAN', 'RODRIGUEZ CARVAJAL', '1997-06-27', 'Carrera 75A No.40 A 959', 11112, 1100003, 5008),
(52710297, 'JOHAN SANTIAGO', 'SUAREZ RAMIREZ', '1997-06-28', 'Carrera 75A No.40 A 960', 11112, 1100001, 5007),
(52710298, 'BRANDON SMITH', 'MEJIA SOLANO', '1997-06-29', 'Carrera 75A No.40 A 961', 11112, 1100002, 5008),
(52710299, 'DANIEL ESTEBAN', 'MONTAÑA SANCHEZ', '1997-06-30', 'Carrera 75A No.40 A 962', 11112, 1100003, 5007),
(52710300, 'SEBASTIAN', 'BERMUDEZ TINOCO', '1997-07-01', 'Carrera 75A No.40 A 963', 11112, 1100001, 5008),
(52710301, 'SNEIDDY', 'MEDINA MEDINA', '1997-07-02', 'Carrera 75A No.40 A 964', 11112, 1100002, 5007),
(52710302, 'JANNER DAVID', 'LOPEZ LEAL', '1997-07-03', 'Carrera 75A No.40 A 965', 11112, 1100003, 5008),
(52710303, 'NICOLAS', 'SANTAMARIA CASTILLO', '1997-07-04', 'Carrera 75A No.40 A 966', 11112, 1100001, 5007),
(52710304, 'LAURA CAMILA', 'RINCON VALDERRAMA', '1997-07-05', 'Carrera 75A No.40 A 967', 11112, 1100002, 5008),
(52710305, 'CRISTIAN STEVEN', 'RODRIGUEZ LOZANO', '1997-07-06', 'Carrera 75A No.40 A 968', 11112, 1100003, 5007),
(52710306, 'JUAN ESTEBAN', 'VENEGAS BOHORQUEZ', '1997-07-07', 'Carrera 75A No.40 A 969', 11112, 1100001, 5008),
(52710307, 'KAROL', 'CRISTIANO OSPINA', '1997-07-08', 'Carrera 75A No.40 A 970', 11112, 1100002, 5007),
(52710308, 'DANIELA VALENTINA', 'CASTILLO GARCIA', '1997-07-09', 'Carrera 75A No.40 A 971', 11112, 1100003, 5008),
(52710309, 'PABLO SANTIAGO', 'ROJAS VARGAS', '1997-07-10', 'Carrera 75A No.40 A 972', 11112, 1100001, 5007),
(52710310, 'DANIEL STIVEN', 'GARCIA GARCIA', '1997-07-11', 'Carrera 75A No.40 A 973', 11112, 1100002, 5008),
(52710311, 'LUISA FERNANDA', 'HERNANDEZ HERNANDEZ', '1997-07-12', 'Carrera 75A No.40 A 974', 11112, 1100003, 5007),
(52710312, 'DANIEL FELIPE', 'ARAQUE BARRERO', '1997-07-13', 'Carrera 75A No.40 A 975', 11112, 1100001, 5008),
(52710313, 'MARIA DANIELA', 'CASTILLO PAEZ', '1997-07-14', 'Carrera 75A No.40 A 976', 11112, 1100002, 5007),
(52710314, 'OSCAR ANDRES', 'RODRIGUEZ JIMENEZ', '1997-07-15', 'Carrera 75A No.40 A 977', 11112, 1100003, 5008),
(52710315, 'JUAN SEBASTIAN', 'AHUMADA GONZALEZ', '1997-07-16', 'Carrera 75A No.40 A 978', 11112, 1100001, 5007),
(52710316, 'RODOLFO ENRIQUE', 'MEZA MARTINEZ', '1997-07-17', 'Carrera 75A No.40 A 979', 11112, 1100002, 5008),
(52710317, 'SHARON MARIA', 'MUÑOZ PELAYO', '1997-07-18', 'Carrera 75A No.40 A 980', 11112, 1100003, 5007),
(52710318, 'EDWIN DAVID', 'ALBA PORTELA', '1997-07-19', 'Carrera 75A No.40 A 981', 11112, 1100001, 5008),
(52710319, 'JONATHAN ESTEBAN', 'CARRILLO ROJAS', '1997-07-20', 'Carrera 75A No.40 A 982', 11112, 1100002, 5007),
(52710320, 'GINO', 'QUIROGA CLAVIJO', '1997-07-21', 'Carrera 75A No.40 A 983', 11112, 1100003, 5008),
(52710321, 'ADRIAN SANTIAGO', 'TORRES GOMEZ', '1997-07-22', 'Carrera 75A No.40 A 984', 11112, 1100001, 5007),
(52710322, 'CLAUDIA KATHERIN', 'VELASCO URIBE', '1997-07-23', 'Carrera 75A No.40 A 985', 11112, 1100002, 5008),
(52710323, 'JUAN FERNANDO', 'REYES GALEANO', '1997-07-24', 'Carrera 75A No.40 A 986', 11112, 1100003, 5007),
(52710324, 'JUAN SEBASTIAN', 'BARON GOMEZ', '1997-07-25', 'Carrera 75A No.40 A 987', 11112, 1100001, 5008),
(52710325, 'JEFERSON', 'GARCIA FLOREZ', '1997-07-26', 'Carrera 75A No.40 A 988', 11112, 1100002, 5007),
(52710326, 'JUAN SEBASTIAN', 'MORERA CHAVARRO', '1997-07-27', 'Carrera 75A No.40 A 989', 11112, 1100003, 5008),
(52710327, 'YOAN SEBASTIAN', 'MOSQUERA SICUAMIA', '1997-07-28', 'Carrera 75A No.40 A 990', 11112, 1100001, 5007),
(52710328, 'MARION NICOLLE', 'RODRIGUEZ VINCHERY', '1997-07-29', 'Carrera 75A No.40 A 991', 11112, 1100002, 5008),
(52710329, 'ANDRES FELIPE', 'PELUFO MARIN', '1997-07-30', 'Carrera 75A No.40 A 992', 11112, 1100003, 5007),
(52710330, 'CARLOS DANIEL', 'RODRIGUEZ HERNANDEZ', '1997-07-31', 'Carrera 75A No.40 A 993', 11112, 1100001, 5008),
(52710331, 'MICHAEL ARMANDO', 'VILLAMARIN LOPEZ', '1997-08-01', 'Carrera 75A No.40 A 994', 11112, 1100002, 5007),
(52710332, 'YENNIFER NATALIA', 'DAZA GOMEZ', '1997-08-02', 'Carrera 75A No.40 A 995', 11112, 1100003, 5008),
(52710333, 'JERSSON ANDRES', 'ROMERO CAMACHO', '1997-08-03', 'Carrera 75A No.40 A 996', 11112, 1100001, 5007),
(52710334, 'NICOLAS', 'BENITEZ GUEVARA', '1997-08-04', 'Carrera 75A No.40 A 997', 11112, 1100002, 5008),
(52710335, 'JEFREY ALEXANDER', 'VARGAS RUBIANO', '1997-08-05', 'Carrera 75A No.40 A 998', 11112, 1100003, 5007),
(52710336, 'KAREN TATIANA', 'NIÑO VALDERRAMA', '1997-08-06', 'Carrera 75A No.40 A 999', 11112, 1100001, 5008),
(52710337, 'NIKOL VALENTINA', 'POVEDA ZAMBRANO', '1997-08-07', 'Carrera 75A No.40 A 1000', 11112, 1100002, 5007),
(52710338, 'ELYSA MARIA', 'ORTEGA GUERRA', '1997-08-08', 'Carrera 75A No.40 A 1001', 11112, 1100003, 5008),
(52710339, 'DANNY ALEXANDER', 'PORTELA ANGARITA', '1997-08-09', 'Carrera 75A No.40 A 1002', 11112, 1100001, 5007),
(52710340, 'JUDY ALEXANDRA', 'CUESTA RIOS', '1997-08-10', 'Carrera 75A No.40 A 1003', 11112, 1100002, 5008),
(52710341, 'MELQUI DANIEL', 'GUERRERO MARIN', '1997-08-11', 'Carrera 75A No.40 A 1004', 11112, 1100003, 5007),
(52710342, 'EDWIN DAVID', 'GAITAN RODRIGUEZ', '1997-08-12', 'Carrera 75A No.40 A 1005', 11112, 1100001, 5008),
(52710343, 'JUAN CAMILO', 'BARRETO HERNANDEZ', '1997-08-13', 'Carrera 75A No.40 A 1006', 11112, 1100002, 5007),
(52710344, 'JUAN ESTEBAN', 'RICO RUBIANO', '1997-08-14', 'Carrera 75A No.40 A 1007', 11112, 1100003, 5008),
(52710345, 'NATALIA', 'HURTADO USA', '1997-08-15', 'Carrera 75A No.40 A 1008', 11112, 1100001, 5007),
(52710346, 'BRAYAN ANDRES', 'MELO CARRANZA', '1997-08-16', 'Carrera 75A No.40 A 1009', 11112, 1100002, 5008),
(52710347, 'JUAN ESTEBAN', 'ARIAS VILLAMIL', '1997-08-17', 'Carrera 75A No.40 A 1010', 11112, 1100003, 5007),
(52710348, 'JUAN', 'CARRILLO REY', '1997-08-18', 'Carrera 75A No.40 A 1011', 11112, 1100001, 5008),
(52710349, 'ANDREY CAMILO', 'AREVALO CAMARGO', '1997-08-19', 'Carrera 75A No.40 A 1012', 11112, 1100002, 5007),
(52710350, 'JULY VALENTINA', 'GARZON CASTILLO', '1997-08-20', 'Carrera 75A No.40 A 1013', 11112, 1100003, 5008),
(52710351, 'DARIAN VALENTINA', 'CUESTA CASTRO', '1997-08-21', 'Carrera 75A No.40 A 1014', 11112, 1100001, 5007),
(52710352, 'LINA SOFIA', 'CAUCALI CUCAITA', '1997-08-22', 'Carrera 75A No.40 A 1015', 11112, 1100002, 5008),
(52710353, 'ANDRES FELIPE', 'SOLANO OVIEDO', '1997-08-23', 'Carrera 75A No.40 A 1016', 11112, 1100003, 5007),
(52710354, 'MAGNORY LIZETH', 'GALVAN ORTIZ', '1997-08-24', 'Carrera 75A No.40 A 1017', 11112, 1100001, 5008),
(52710355, 'KEVIN STEVEN', 'MADERO ORTIZ', '1997-08-25', 'Carrera 75A No.40 A 1018', 11112, 1100002, 5007),
(52710356, 'MARIA ANGELICA', 'CARDENAS PEREZ', '1997-08-26', 'Carrera 75A No.40 A 1019', 11112, 1100003, 5008),
(52710357, 'DEIMER ALEJANDRO', 'VARGAS MONSALVE', '1997-08-27', 'Carrera 75A No.40 A 1020', 11112, 1100001, 5007),
(52710358, 'BAIRON LUIS', 'RIVERA RUIZ', '1997-08-28', 'Carrera 75A No.40 A 1021', 11112, 1100002, 5008),
(52710359, 'BRAYAN DAVID', 'HERNANDEZ TIGA', '1997-08-29', 'Carrera 75A No.40 A 1022', 11112, 1100003, 5007),
(52710360, 'MIGUEL SANTIAGO', 'GARCIA SANCHEZ', '1997-08-30', 'Carrera 75A No.40 A 1023', 11112, 1100001, 5008),
(52710361, 'LINA MARCELA', 'RAMIREZ LEON', '1997-08-31', 'Carrera 75A No.40 A 1024', 11112, 1100002, 5007),
(52710362, 'MARIA FERNANDA', 'MELO CASTILLO', '1997-09-01', 'Carrera 75A No.40 A 1025', 11112, 1100003, 5008),
(52710363, 'JUAN CAMILO', 'CASALLAS GAITAN', '1997-09-02', 'Carrera 75A No.40 A 1026', 11112, 1100001, 5007),
(52710364, 'JULIANA VALENTINA', 'CARDENAS CARVAJAL', '1997-09-03', 'Carrera 75A No.40 A 1027', 11112, 1100002, 5008),
(52710365, 'JUANA LIZETH', 'VANEGAS RAMIREZ', '1997-09-04', 'Carrera 75A No.40 A 1028', 11112, 1100003, 5007),
(52710366, 'INGRID LORENA', 'POLANIA PARRA', '1997-09-05', 'Carrera 75A No.40 A 1029', 11112, 1100001, 5008),
(52710367, 'JUAN PABLO', 'RAMIREZ ORJUELA', '1997-09-06', 'Carrera 75A No.40 A 1030', 11112, 1100002, 5007),
(52710368, 'MEILY STEPHANIA', 'ACERO CABEZAS', '1997-09-07', 'Carrera 75A No.40 A 1031', 11112, 1100003, 5008),
(52710369, 'JOEL FELIPE', 'OSPINA LEGARDA', '1997-09-08', 'Carrera 75A No.40 A 1032', 11112, 1100001, 5007),
(52710370, 'DANIEL STEVEN', 'SALDAÑA VARGAS', '1997-09-09', 'Carrera 75A No.40 A 1033', 11112, 1100002, 5008),
(52710371, 'JOSE ANTONIO', 'RIAÑO BAUTE', '1997-09-10', 'Carrera 75A No.40 A 1034', 11112, 1100003, 5007),
(52710372, 'JULIAN ESTEBAN', 'HERRAN DAZA', '1997-09-11', 'Carrera 75A No.40 A 1035', 11112, 1100001, 5008),
(52710373, 'FABIAN DAVID', 'RODRIGUEZ PUENTES', '1997-09-12', 'Carrera 75A No.40 A 1036', 11112, 1100002, 5007),
(52710374, 'ANGELA SOFIA', 'DIAZ CORREDOR', '1997-09-13', 'Carrera 75A No.40 A 1037', 11112, 1100003, 5008),
(52710375, 'JULIAN ANDRES', 'ROJAS GONZALEZ', '1997-09-14', 'Carrera 75A No.40 A 1038', 11112, 1100001, 5007),
(52710376, 'JOFFRE ALDEMAR', 'AREVALO CASTILLO', '1997-09-15', 'Carrera 75A No.40 A 1039', 11112, 1100002, 5008),
(52710377, 'JUAN JOSE', 'RIVERA SUAREZ', '1997-09-16', 'Carrera 75A No.40 A 1040', 11112, 1100003, 5007),
(52710378, 'LAURA STEFANIA', 'SOPO ROMERO', '1997-09-17', 'Carrera 75A No.40 A 1041', 11112, 1100001, 5008),
(52710379, 'GABRIELA CAMILA', 'LOZANO PEREZ', '1997-09-18', 'Carrera 75A No.40 A 1042', 11112, 1100002, 5007),
(52710380, 'KEVIN LEONARDO', 'SILVA FERNANDEZ', '1997-09-19', 'Carrera 75A No.40 A 1043', 11112, 1100003, 5008),
(52710381, 'ANGIE TATIANA', 'ROJAS GALAN', '1997-09-20', 'Carrera 75A No.40 A 1044', 11112, 1100001, 5007),
(52710382, 'JIBRAN DANIEL', 'SABOGAL CAÑON', '1997-09-21', 'Carrera 75A No.40 A 1045', 11112, 1100002, 5008),
(52710383, 'MONICA PATRICIA', 'MENDOZA PEÑA', '1997-09-22', 'Carrera 75A No.40 A 1046', 11112, 1100003, 5007),
(52710384, 'ANDRES FELIPE', 'VELANDIA ZORA', '1997-09-23', 'Carrera 75A No.40 A 1047', 11112, 1100001, 5008),
(52710385, 'JOSE RICARDO', 'MUÑOZ RODRIGUEZ', '1997-09-24', 'Carrera 75A No.40 A 1048', 11112, 1100002, 5007),
(52710386, 'MONICA ALEJANDRA', 'LOPEZ PEREZ', '1997-09-25', 'Carrera 75A No.40 A 1049', 11112, 1100003, 5008),
(52710387, 'SANTIAGO', 'SAEZ VEGA', '1997-09-26', 'Carrera 75A No.40 A 1050', 11112, 1100001, 5007),
(52710388, 'SERGIO', 'MORA CORTES', '1997-09-27', 'Carrera 75A No.40 A 1051', 11112, 1100002, 5008),
(52710389, 'NILTON ALBERTO', 'BARONA TELLO', '1997-09-28', 'Carrera 75A No.40 A 1052', 11112, 1100003, 5007),
(52710390, 'DANIELA ALEXANDRA', 'MUÑOZ MONTOYA', '1997-09-29', 'Carrera 75A No.40 A 1053', 11112, 1100001, 5008),
(52710391, 'HAROLD YESID', 'RUIZ PINILLA', '1997-09-30', 'Carrera 75A No.40 A 1054', 11112, 1100002, 5007),
(52710392, 'DAVID STIVEN', 'GONZALEZ POLOCHE', '1997-10-01', 'Carrera 75A No.40 A 1055', 11112, 1100003, 5008),
(52710393, 'ERIKA ALEJANDRA', 'PINZON LAITON', '1997-10-02', 'Carrera 75A No.40 A 1056', 11112, 1100001, 5007),
(52710394, 'JOHN STEVEN', 'AVELLANEDA BENAVIDEZ', '1997-10-03', 'Carrera 75A No.40 A 1057', 11112, 1100002, 5008),
(52710395, 'IVAN SANTIAGO', 'BUITRAGO HERNANDEZ', '1997-10-04', 'Carrera 75A No.40 A 1058', 11112, 1100003, 5007),
(52710396, 'JANSSEN ALEXEI', 'CIFUENTES SANTANA', '1997-10-05', 'Carrera 75A No.40 A 1059', 11112, 1100001, 5008),
(52710397, 'JULIAN DAVID', 'LOTERO LARROTA', '1997-10-06', 'Carrera 75A No.40 A 1060', 11112, 1100002, 5007),
(52710398, 'OSCAR ALEJANDRO', 'SILVA ROJAS', '1997-10-07', 'Carrera 75A No.40 A 1061', 11112, 1100003, 5008),
(52710399, 'ISAAC DAVID', 'VEGA BECERRA', '1997-10-08', 'Carrera 75A No.40 A 1062', 11112, 1100001, 5007),
(52710400, 'ANGIE SOFIA', 'MORENO ATENCIO', '1997-10-09', 'Carrera 75A No.40 A 1063', 11112, 1100002, 5008),
(52710401, 'NICOLAS', 'ARIAS GUZMAN', '1997-10-10', 'Carrera 75A No.40 A 1064', 11112, 1100003, 5007),
(52710402, 'CÉSAR DANIEL', 'PARADA DÁVILA', '1997-10-11', 'Carrera 75A No.40 A 1065', 11112, 1100001, 5008),
(52710403, 'DAVID ENRIQUE', 'MELENDEZ LEMUS', '1997-10-12', 'Carrera 75A No.40 A 1066', 11112, 1100002, 5007),
(52710404, 'FABIAN DANILO', 'BORJA NEIZA', '1997-10-13', 'Carrera 75A No.40 A 1067', 11112, 1100003, 5008),
(52710405, 'BRAYAN', 'RUEDA SANABRIA', '1997-10-14', 'Carrera 75A No.40 A 1068', 11112, 1100001, 5007),
(52710406, 'JONATHAN DAVID', 'ORTIZ VARGAS', '1997-10-15', 'Carrera 75A No.40 A 1069', 11112, 1100002, 5008),
(52710407, 'CAMILO ANDRES', 'HERRENO CARDENAS', '1997-10-16', 'Carrera 75A No.40 A 1070', 11112, 1100003, 5007),
(52710408, 'JOSE ALEJANDRO', 'BOADA COVILLA', '1997-10-17', 'Carrera 75A No.40 A 1071', 11112, 1100001, 5008),
(52710409, 'JORGE ESTEBAN', 'ALBINO GONZALEZ', '1997-10-18', 'Carrera 75A No.40 A 1072', 11112, 1100002, 5007),
(52710410, 'LAURA CAMILA', 'PEDROZA CACERES', '1997-10-19', 'Carrera 75A No.40 A 1073', 11112, 1100003, 5008),
(52710411, 'JULIAN DAVID', 'SANDOVAL ALFONSO', '1997-10-20', 'Carrera 75A No.40 A 1074', 11113, 1100001, 5007),
(52710412, 'DANIELA ALEJANDRA', 'FIERRO MORALES', '1997-10-21', 'Carrera 75A No.40 A 1075', 11113, 1100002, 5008),
(52710413, 'JEISON ESTIVEN', 'GONZALEZ PATIÑO', '1997-10-22', 'Carrera 75A No.40 A 1076', 11113, 1100003, 5007),
(52710414, 'BRAYAN ANDRES', 'ZAPATA MIRANDA', '1997-10-23', 'Carrera 75A No.40 A 1077', 11113, 1100001, 5008),
(52710415, 'JHOAN SEBASIAN', 'DIAZ NUMPAQUE', '1997-10-24', 'Carrera 75A No.40 A 1078', 11113, 1100002, 5007),
(52710416, 'JAVIER DAVID', 'GUTIERREZ USECHE', '1997-10-25', 'Carrera 75A No.40 A 1079', 11113, 1100003, 5008),
(52710417, 'SANTIAGO ANDRES', 'GONZALEZ URREGO', '1997-10-26', 'Carrera 75A No.40 A 1080', 11113, 1100001, 5007),
(52710418, 'VANESA ALEXANDRA', 'MOLINA SOLER', '1997-10-27', 'Carrera 75A No.40 A 1081', 11113, 1100002, 5008),
(52710419, 'JENIFFER MARCELA', 'MORALES VARÓN', '1997-10-28', 'Carrera 75A No.40 A 1082', 11113, 1100003, 5007),
(52710420, 'CAMILO ANDRES', 'MORENO LEMUS', '1997-10-29', 'Carrera 75A No.40 A 1083', 11113, 1100001, 5008),
(52710421, 'FELIPE', 'GAITAN RIOS', '1997-10-30', 'Carrera 75A No.40 A 1084', 11113, 1100002, 5007),
(52710422, 'JHOAN MANUEL', 'SALAMANCA GARCIA', '1997-10-31', 'Carrera 75A No.40 A 1085', 11113, 1100003, 5008),
(52710423, 'DIEGO ALEJANDRO', 'GUTIERREZ CAPERA', '1997-11-01', 'Carrera 75A No.40 A 1086', 11113, 1100001, 5007),
(52710424, 'YURLEY MARIANA', 'CARRILLO SOTO', '1997-11-02', 'Carrera 75A No.40 A 1087', 11113, 1100002, 5008),
(52710425, 'YURY ALEXANDRA', 'CACERES ROJAS', '1997-11-03', 'Carrera 75A No.40 A 1088', 11113, 1100003, 5007),
(52710426, 'DANIEL STEVEN', 'AGUILAR HERNANDEZ', '1997-11-04', 'Carrera 75A No.40 A 1089', 11113, 1100001, 5008),
(52710427, 'JUAN ALFONSO', 'PEREZ HERNANDEZ', '1997-11-05', 'Carrera 75A No.40 A 1090', 11113, 1100002, 5007),
(52710428, 'DERLY YULIETH', 'CHAVEZ GAITAN', '1997-11-06', 'Carrera 75A No.40 A 1091', 11113, 1100003, 5008),
(52710429, 'JUAN FELIPE', 'URIBE DIAZ', '1997-11-07', 'Carrera 75A No.40 A 1092', 11113, 1100001, 5007),
(52710430, 'CRISTIAN ESTEBAN', 'VALENCIA CASTILLO', '1997-11-08', 'Carrera 75A No.40 A 1093', 11113, 1100002, 5008),
(52710431, 'SIMON MATEO', 'DIAZ CAMACHO', '1997-11-09', 'Carrera 75A No.40 A 1094', 11113, 1100003, 5007),
(52710432, 'BRAYAN CAMILO', 'PRADA GARCIA', '1997-11-10', 'Carrera 75A No.40 A 1095', 11113, 1100001, 5008),
(52710433, 'DERLY VALENTINA', 'ESPEJO SILVA', '1997-11-11', 'Carrera 75A No.40 A 1096', 11113, 1100002, 5007),
(52710434, 'JUAN DAVID', 'ARELLANO NUÑEZ', '1997-11-12', 'Carrera 75A No.40 A 1097', 11113, 1100003, 5008),
(52710435, 'CAMILO STEVEN', 'OSPINA MONTAÑA', '1997-11-13', 'Carrera 75A No.40 A 1098', 11113, 1100001, 5007);
INSERT INTO `paciente` (`id`, `nombre`, `apellido`, `fecha_nto`, `direccion`, `id_municipio`, `id_tipo_id`, `id_estado`) VALUES
(52710436, 'DANIEL', 'GONZALEZ PEREZ', '1997-11-14', 'Carrera 75A No.40 A 1099', 11113, 1100002, 5008),
(52710437, 'LUZ ANGELA', 'VALERO HUERTAS', '1997-11-15', 'Carrera 75A No.40 A 1100', 11113, 1100003, 5007),
(52710438, 'JULIANA NICOLL', 'ARIZA PERDOMO', '1997-11-16', 'Carrera 75A No.40 A 1101', 11113, 1100001, 5008),
(52710439, 'KEVIN SEBASTIAN', 'URREGO CASTAÑO', '1997-11-17', 'Carrera 75A No.40 A 1102', 11113, 1100002, 5007),
(52710440, 'MIGUEL ANGEL', 'VEGA MARTINEZ', '1997-11-18', 'Carrera 75A No.40 A 1103', 11113, 1100003, 5008),
(52710441, 'YURI JULIANA', 'HUERTAS GOMEZ', '1997-11-19', 'Carrera 75A No.40 A 1104', 11113, 1100001, 5007),
(52710442, 'KAREN SELENA', 'PIRACUN PEREZ', '1997-11-20', 'Carrera 75A No.40 A 1105', 11113, 1100002, 5008),
(52710443, 'MARLON JAVIER', 'BARBOSA UBAQUE', '1997-11-21', 'Carrera 75A No.40 A 1106', 11113, 1100003, 5007),
(52710444, 'ANDRES FELIPE', 'SANCHEZ RUBIO', '1997-11-22', 'Carrera 75A No.40 A 1107', 11113, 1100001, 5008),
(52710445, 'HERMAN', 'HERNANDEZ HERNANDEZ', '1997-11-23', 'Carrera 75A No.40 A 1108', 11113, 1100002, 5007),
(52710446, 'ANGIE LORENA', 'RAMOS GARAY', '1997-11-24', 'Carrera 75A No.40 A 1109', 11113, 1100003, 5008),
(52710447, 'ROGELIO ANTONIO', 'CAMPIÑO CADAVID', '1997-11-25', 'Carrera 75A No.40 A 1110', 11113, 1100001, 5007),
(52710448, 'JENNIFFER PATRICIA', 'BARRETO ROLDAN', '1997-11-26', 'Carrera 75A No.40 A 1111', 11113, 1100002, 5008),
(52710449, 'JINETH DAYANA', 'CRUZ GOMEZ', '1997-11-27', 'Carrera 75A No.40 A 1112', 11113, 1100003, 5007),
(52710450, 'JAIDER DAVID', 'CRUZ MARTINEZ', '1997-11-28', 'Carrera 75A No.40 A 1113', 11113, 1100001, 5008),
(52710451, 'DAYRON MANUEL', 'ALARCON SIERRA', '1997-11-29', 'Carrera 75A No.40 A 1114', 11113, 1100002, 5007),
(52710452, 'IVAN CAMILO', 'GUALTEROS DIAZ', '1997-11-30', 'Carrera 75A No.40 A 1115', 11113, 1100003, 5008),
(52710453, 'ANDREY ORLANDO', 'PINEDA ARIAS', '1997-12-01', 'Carrera 75A No.40 A 1116', 11113, 1100001, 5007),
(52710454, 'GIOVANNI ANDRES', 'PACHECO FIGUEROA', '1997-12-02', 'Carrera 75A No.40 A 1117', 11113, 1100002, 5008),
(52710455, 'JULIANA', 'ARCINIEGAS HIDALGO', '1997-12-03', 'Carrera 75A No.40 A 1118', 11113, 1100003, 5007),
(52710456, 'JHON SEBASTIAN', 'LEMUS LINARES', '1997-12-04', 'Carrera 75A No.40 A 1119', 11113, 1100001, 5008),
(52710457, 'OMAR CAMILO', 'BLANCO LESMES', '1997-12-05', 'Carrera 75A No.40 A 1120', 11113, 1100002, 5007),
(52710458, 'JEIMY ALEJANDRA', 'MARTINEZ MUÑOZ', '1997-12-06', 'Carrera 75A No.40 A 1121', 11113, 1100003, 5008),
(52710459, 'PAULA ANDREA', 'SOCHA NIÑO', '1997-12-07', 'Carrera 75A No.40 A 1122', 11113, 1100001, 5007),
(52710460, 'JOSE DANIEL', 'PALACIOS ROCHA', '1997-12-08', 'Carrera 75A No.40 A 1123', 11113, 1100002, 5008),
(52710461, 'REYES CORREDOR', 'MAICOL ANDRES', '1997-12-09', 'Carrera 75A No.40 A 1124', 11113, 1100003, 5007),
(52710462, 'SANTIAGO', 'TORRES HERRERA', '1997-12-10', 'Carrera 75A No.40 A 1125', 11113, 1100001, 5008),
(52710463, 'ANGIE PAOLA', 'GONZALEZ PULIDO', '1997-12-11', 'Carrera 75A No.40 A 1126', 11113, 1100002, 5007),
(52710464, 'YINTHEN MILENA', 'JIMENEZ MOLINA', '1997-12-12', 'Carrera 75A No.40 A 1127', 11113, 1100003, 5008),
(52710465, 'MARIA PAULA', 'MUÑOZ MESA', '1997-12-13', 'Carrera 75A No.40 A 1128', 11113, 1100001, 5007),
(52710466, 'DILAN ALEJANDRO', 'MENDEZ SERNA', '1997-12-14', 'Carrera 75A No.40 A 1129', 11113, 1100002, 5008),
(52710467, 'KAROL NATALIA', 'PIÑEROS RODRIGUEZ', '1997-12-15', 'Carrera 75A No.40 A 1130', 11113, 1100003, 5007),
(52710468, 'ACEVEDO BRENDA', 'BUSTOS', '1997-12-16', 'Carrera 75A No.40 A 1131', 11113, 1100001, 5008),
(52710469, 'DIANA JINETH', 'CRUZ VARGAS', '1997-12-17', 'Carrera 75A No.40 A 1132', 11113, 1100002, 5007),
(52710470, 'KEVIN ANDRES', 'BELTRAN CANCELADO', '1997-12-18', 'Carrera 75A No.40 A 1133', 11113, 1100003, 5008),
(52710471, 'OSCAR DANIEL', 'ORDOÑEZ LOPEZ', '1997-12-19', 'Carrera 75A No.40 A 1134', 11113, 1100001, 5007),
(52710472, 'KELVIN SANTIAGO', 'PEÑA DIAZ', '1997-12-20', 'Carrera 75A No.40 A 1135', 11113, 1100002, 5008),
(52710473, 'BRYAN FELIPE', 'MEDINA DONATO', '1997-12-21', 'Carrera 75A No.40 A 1136', 11113, 1100003, 5007),
(52710474, 'OMAR ALEJANDRO', 'PULGA BARAJAS', '1997-12-22', 'Carrera 75A No.40 A 1137', 11113, 1100001, 5008),
(52710475, 'DAVID ESTEBAN', 'ORJUELA MAYORGA', '1997-12-23', 'Carrera 75A No.40 A 1138', 11113, 1100002, 5007),
(52710476, 'HELEN MICHEL', 'FAJARDO ARIAS', '1997-12-24', 'Carrera 75A No.40 A 1139', 11113, 1100003, 5008),
(52710477, 'LUISA FERNANDA', 'CASTAÑEDA AGUIAR', '1997-12-25', 'Carrera 75A No.40 A 1140', 11113, 1100001, 5007),
(52710478, 'JOHAN ARTURO', 'CHAVES RODRIGUEZ', '1997-12-26', 'Carrera 75A No.40 A 1141', 11113, 1100002, 5008),
(52710479, 'DIEGO ALEJANDRO', 'ROMERO GAMBA', '1997-12-27', 'Carrera 75A No.40 A 1142', 11113, 1100003, 5007),
(52710480, 'JEAN MATEO', 'PINZON BARRIOS', '1997-12-28', 'Carrera 75A No.40 A 1143', 11113, 1100001, 5008),
(52710481, 'KEVIN ARLEY', 'BUSTOS PINILLA', '1997-12-29', 'Carrera 75A No.40 A 1144', 11113, 1100002, 5007),
(52710482, 'SANTIAGO', 'CELY MELO', '1997-12-30', 'Carrera 75A No.40 A 1145', 11113, 1100003, 5008),
(52710483, 'EDIER ARLEY', 'BUITRAGO MATALLANA', '1997-12-31', 'Carrera 75A No.40 A 1146', 11113, 1100001, 5007),
(52710484, 'YEIDDY', 'BEJARANO BECERRA', '1998-01-01', 'Carrera 75A No.40 A 1147', 11113, 1100002, 5008),
(52710485, 'JESUS EMMANUEL', 'VASQUEZ LOPEZ', '1998-01-02', 'Carrera 75A No.40 A 1148', 11113, 1100003, 5007),
(52710486, 'CAMILO ANDRES', 'GARZON SAENZ', '1998-01-03', 'Carrera 75A No.40 A 1149', 11113, 1100001, 5008),
(52710487, 'JUAN CAMILO', 'INOCENCIO PORTILLA', '1998-01-04', 'Carrera 75A No.40 A 1150', 11113, 1100002, 5007),
(52710488, 'JORGE LUIZ', 'CORTES TOVAR', '1998-01-05', 'Carrera 75A No.40 A 1151', 11113, 1100003, 5008),
(52710489, 'MARLON MATEO', 'HERNANDEZ PATIÑO', '1998-01-06', 'Carrera 75A No.40 A 1152', 11113, 1100001, 5007),
(52710490, 'FABIAN GUILLERMO', 'RODRIGUEZ MUÑOZ', '1998-01-07', 'Carrera 75A No.40 A 1153', 11113, 1100002, 5008),
(52710491, 'JUAN SEBASTIAN', 'CONTENTO ORDOÑEZ', '1998-01-08', 'Carrera 75A No.40 A 1154', 11113, 1100003, 5007),
(52710492, 'JULIANA', 'TORRES DUARTE', '1998-01-09', 'Carrera 75A No.40 A 1155', 11113, 1100001, 5008),
(52710493, 'ANETH SOLANGY', 'QUEVEDO HERNANDEZ', '1998-01-10', 'Carrera 75A No.40 A 1156', 11113, 1100002, 5007),
(52710494, 'CARLOS ANDRES', 'VILLALBA ACOSTA', '1998-01-11', 'Carrera 75A No.40 A 1157', 11113, 1100003, 5008),
(52710495, 'HERLEY', 'DIAZ ACOSTA', '1998-01-12', 'Carrera 75A No.40 A 1158', 11113, 1100001, 5007),
(52710496, 'HARIS DANIELA', 'AYALA ALVAREZ', '1998-01-13', 'Carrera 75A No.40 A 1159', 11113, 1100002, 5008),
(52710497, 'CARLOS SANTIAGO', 'GONZALEZ TEQUE', '1998-01-14', 'Carrera 75A No.40 A 1160', 11113, 1100003, 5007),
(52710498, 'CRISTIAN ALEXANDER', 'DIAZ AREYANO', '1998-01-15', 'Carrera 75A No.40 A 1161', 11113, 1100001, 5008),
(52710499, 'JUAN PABLO', 'HERNADEZ MANRIQUE', '1998-01-16', 'Carrera 75A No.40 A 1162', 11113, 1100002, 5007),
(52710500, 'DANIEL', 'LOAIZA SILVA', '1998-01-17', 'Carrera 75A No.40 A 1163', 11113, 1100003, 5008),
(52710501, 'CHELSIN JIRETH', 'GOMEZ RAMIREZ', '1998-01-18', 'Carrera 75A No.40 A 1164', 11113, 1100001, 5007),
(52710502, 'YONATHAN', 'PONTON PEREZ', '1998-01-19', 'Carrera 75A No.40 A 1165', 11113, 1100002, 5008),
(52710503, 'BETSABE', 'BUSTOS SALDAÑA', '1998-01-20', 'Carrera 75A No.40 A 1166', 11113, 1100003, 5007),
(52710504, 'MANUEL ALEXIS', 'CAMARGO CEPEDA', '1998-01-21', 'Carrera 75A No.40 A 1167', 11113, 1100001, 5008),
(52710505, 'JAVIER SANTIAGO', 'DAZA HERRERA', '1998-01-22', 'Carrera 75A No.40 A 1168', 11113, 1100002, 5007),
(52710506, 'MANUEL RICARDO', 'HERNANDEZ MANRIQUE', '1998-01-23', 'Carrera 75A No.40 A 1169', 11113, 1100003, 5008),
(52710507, 'KEVIN ANDRES', 'ALARCON RAMOS', '1998-01-24', 'Carrera 75A No.40 A 1170', 11113, 1100001, 5007),
(52710508, 'RAFAEL HERNANDO', 'RIVEROS CHUNZA', '1998-01-25', 'Carrera 75A No.40 A 1171', 11113, 1100002, 5008),
(52710509, 'IVAN ALEJANDRO', 'BRAVO URREA', '1998-01-26', 'Carrera 75A No.40 A 1172', 11113, 1100003, 5007),
(52710510, 'GABRIEL JUNIOR', 'GUIZA APONTE', '1998-01-27', 'Carrera 75A No.40 A 1173', 11113, 1100001, 5008),
(52710511, 'LIZETH JULIANA', 'RODRIGUEZ MESA', '1998-01-28', 'Carrera 75A No.40 A 1174', 11113, 1100002, 5007),
(52710512, 'LAURA TATIANA', 'PARDO VANEGAS', '1998-01-29', 'Carrera 75A No.40 A 1175', 11113, 1100003, 5008),
(52710513, 'JOHAN STIVEN', 'ARREGOCES TORRES', '1998-01-30', 'Carrera 75A No.40 A 1176', 11113, 1100001, 5007),
(52710514, 'MARTHA', 'GUTIERREZ OLIVEROS', '1998-01-31', 'Carrera 75A No.40 A 1177', 11113, 1100002, 5008),
(52710515, 'LAURA VALENTINA', 'COCA', '1998-02-01', 'Carrera 75A No.40 A 1178', 11113, 1100003, 5007),
(52710516, 'LAURA VALENTINA', 'PARRADO PEDRAZA', '1998-02-02', 'Carrera 75A No.40 A 1179', 11113, 1100001, 5008),
(52710517, 'YEISSON ANDRES', 'RUIZ SAENZ', '1998-02-03', 'Carrera 75A No.40 A 1180', 11113, 1100002, 5007),
(52710518, 'JUAN DIEGO', 'MORALES LEGUIZAMON', '1998-02-04', 'Carrera 75A No.40 A 1181', 11113, 1100003, 5008),
(52710519, 'PULGAR ENNA', 'LUNA', '1998-02-05', 'Carrera 75A No.40 A 1182', 11113, 1100001, 5007),
(52710520, 'DANIELA VALENTINA', 'ROJAS GALINDO', '1998-02-06', 'Carrera 75A No.40 A 1183', 11113, 1100002, 5008),
(52710521, 'JUAN JOSE', 'TURRIAGO GARZON', '1998-02-07', 'Carrera 75A No.40 A 1184', 11113, 1100003, 5007),
(52710522, 'MARITZA ISABEL', 'BONIFACIO VARELA', '1998-02-08', 'Carrera 75A No.40 A 1185', 11113, 1100001, 5008),
(52710523, 'DANIEL FERNANDO', 'LOPEZ ARIAS', '1998-02-09', 'Carrera 75A No.40 A 1186', 11113, 1100002, 5007),
(52710524, 'SEBASTIAN', 'BERNAL CORTEZ', '1998-02-10', 'Carrera 75A No.40 A 1187', 11113, 1100003, 5008),
(52710525, 'MARIA ALEJANDRA', 'ROMERO PERILLA', '1998-02-11', 'Carrera 75A No.40 A 1188', 11113, 1100001, 5007),
(52710526, 'JOHN SEBASTIAN', 'TUTA LINARES', '1998-02-12', 'Carrera 75A No.40 A 1189', 11113, 1100002, 5008),
(52710527, 'HENRY MAURICIO', 'JARAMILLO BASTIDAS', '1998-02-13', 'Carrera 75A No.40 A 1190', 11113, 1100003, 5007),
(52710528, 'DANNY YAHIR', 'RAMIREZ PAJA', '1998-02-14', 'Carrera 75A No.40 A 1191', 11113, 1100001, 5008),
(52710529, 'VALENTINA', 'RODRIGUEZ CASTELLANOS', '1998-02-15', 'Carrera 75A No.40 A 1192', 11113, 1100002, 5007),
(52710530, 'NICOL VALENTINA', 'GARCIA MARTIN', '1998-02-16', 'Carrera 75A No.40 A 1193', 11113, 1100003, 5008),
(52710531, 'KEVIN SANTIAGO', 'HERRERA CRUZ', '1998-02-17', 'Carrera 75A No.40 A 1194', 11113, 1100001, 5007),
(52710532, 'SERGIO ARTURO', 'CRISTANCHO DAZA', '1998-02-18', 'Carrera 75A No.40 A 1195', 11113, 1100002, 5008),
(52710533, 'DALLANA ALEXANDRA', 'RICO CAMARGO', '1998-02-19', 'Carrera 75A No.40 A 1196', 11113, 1100003, 5007),
(52710534, 'JAIDER ANDRES', 'CASTAÑEDA BARRANTES', '1998-02-20', 'Carrera 75A No.40 A 1197', 11113, 1100001, 5008),
(52710535, 'JAIDER CAMILO', 'ARISTIZABAL LARA', '1998-02-21', 'Carrera 75A No.40 A 1198', 11113, 1100002, 5007),
(52710536, 'BRANDON EDUARDO', 'BETANCOURT CANDELA', '1998-02-22', 'Carrera 75A No.40 A 1199', 11113, 1100003, 5008),
(52710537, 'SEBASTIAN', 'MARTINEZ HERNANDEZ', '1998-02-23', 'Carrera 75A No.40 A 1200', 11113, 1100001, 5007),
(52710538, 'NICOLAS DAVID', 'CASTILLO CAMACHO', '1998-02-24', 'Carrera 75A No.40 A 1201', 11113, 1100002, 5008),
(52710539, 'JEAN PAUL', 'SALINAS CABRERA', '1998-02-25', 'Carrera 75A No.40 A 1202', 11113, 1100003, 5007),
(52710540, 'YEYMY KATHERINE', 'DUARTE WILCHES', '1998-02-26', 'Carrera 75A No.40 A 1203', 11113, 1100001, 5008),
(52710541, 'AYLIN YULIANA', 'CANDELA BERMUDEZ', '1998-02-27', 'Carrera 75A No.40 A 1204', 11113, 1100002, 5007),
(52710542, 'NATALIA CAROLINA', 'SANCHEZ FRANCO', '1998-02-28', 'Carrera 75A No.40 A 1205', 11113, 1100003, 5008),
(52710543, 'JULIAN CAMILO', 'PACHECO CUADROS', '1998-03-01', 'Carrera 75A No.40 A 1206', 11113, 1100001, 5007),
(52710544, 'JUAN SEBASTIAN', 'CHAVARRO SOLORZANO', '1998-03-02', 'Carrera 75A No.40 A 1207', 11113, 1100002, 5008),
(52710545, 'CRISTIAN STEVEN', 'AMEZQUITA REYES', '1998-03-03', 'Carrera 75A No.40 A 1208', 11113, 1100003, 5007),
(52710546, 'DUVAN ENRIQUE', 'SUA DURAN', '1998-03-04', 'Carrera 75A No.40 A 1209', 11113, 1100001, 5008),
(52710547, 'LISBETH JANNETH', 'DELGADO DELACRUZ', '1998-03-05', 'Carrera 75A No.40 A 1210', 11113, 1100002, 5007),
(52710548, 'FABIAN EDUARDO', 'CAJAMARCA REYES', '1998-03-06', 'Carrera 75A No.40 A 1211', 11113, 1100003, 5008),
(52710549, 'JUAN DIEGO', 'GARCIA COTRINI', '1998-03-07', 'Carrera 75A No.40 A 1212', 11113, 1100001, 5007),
(52710550, 'BRAYAN YESID', 'SANTOS GONZALEZ', '1998-03-08', 'Carrera 75A No.40 A 1213', 11113, 1100002, 5008),
(52710551, 'JESUS DAVID', 'CHOACHI PINZON', '1998-03-09', 'Carrera 75A No.40 A 1214', 11113, 1100003, 5007),
(52710552, 'LESLY DANIELA', 'HERNANDEZ BOHORQUEZ', '1998-03-10', 'Carrera 75A No.40 A 1215', 11113, 1100001, 5008),
(52710553, 'FABIAN', 'PERDOMO BORJA', '1998-03-11', 'Carrera 75A No.40 A 1216', 11113, 1100002, 5007),
(52710554, 'DEIBY EDILSON', 'MARROQUIN CARRILLO', '1998-03-12', 'Carrera 75A No.40 A 1217', 11113, 1100003, 5008),
(52710555, 'LINA MARIA', 'SERRANO GIRALDO', '1998-03-13', 'Carrera 75A No.40 A 1218', 11113, 1100001, 5007),
(52710556, 'DAVID ESTEBAN', 'PALACIOS TORRES', '1998-03-14', 'Carrera 75A No.40 A 1219', 11113, 1100002, 5008),
(52710557, 'JHON PAOLO', 'OSORIO ROJAS', '1998-03-15', 'Carrera 75A No.40 A 1220', 11113, 1100003, 5007),
(52710558, 'DIEGO NICOLÁS', 'ROBLES BENITEZ', '1998-03-16', 'Carrera 75A No.40 A 1221', 11113, 1100001, 5008),
(52710559, 'ANDRES FELIPE', 'DEVIA DUQUE', '1998-03-17', 'Carrera 75A No.40 A 1222', 11113, 1100002, 5007),
(52710560, 'ZHARIT KARINA', 'GUEVARA ORTIZ', '1998-03-18', 'Carrera 75A No.40 A 1223', 11113, 1100003, 5008),
(52710561, 'SEBASTIAN', 'RODRIGUEZ MORENO', '1998-03-19', 'Carrera 75A No.40 A 1224', 11113, 1100001, 5007),
(52710562, 'CRISTIAN DAVID', 'ASTORQUIZA PACHECO', '1998-03-20', 'Carrera 75A No.40 A 1225', 11113, 1100002, 5008),
(52710563, 'BRAYAN STEVEN', 'RUIZ BAZURDO', '1998-03-21', 'Carrera 75A No.40 A 1226', 11113, 1100003, 5007),
(52710564, 'JOSE DANIEL', 'GIRALDO GLORIA', '1998-03-22', 'Carrera 75A No.40 A 1227', 11113, 1100001, 5008),
(52710565, 'MARLON SLEYDER', 'BAUTISTA BENITEZ', '1998-03-23', 'Carrera 75A No.40 A 1228', 11113, 1100002, 5007),
(52710566, 'KEVIN SANTIAGO', 'BAUTISTA VERGARA', '1998-03-24', 'Carrera 75A No.40 A 1229', 11113, 1100003, 5008),
(52710567, 'ANDRES FELIPE', 'VEGA FIERRO', '1998-03-25', 'Carrera 75A No.40 A 1230', 11113, 1100001, 5007),
(52710568, 'VALENTINA', 'PILLIMUE BONILLA', '1998-03-26', 'Carrera 75A No.40 A 1231', 11113, 1100002, 5008),
(52710569, 'JHOJAN SEBASTIAN', 'RODRIGUEZ HERNANDEZ', '1998-03-27', 'Carrera 75A No.40 A 1232', 11113, 1100003, 5007),
(52710570, 'JAIRO STIVEN', 'VERA ROJAS', '1998-03-28', 'Carrera 75A No.40 A 1233', 11113, 1100001, 5008),
(52710571, 'ANDRES FELIPE', 'LUQUE CAMERA', '1998-03-29', 'Carrera 75A No.40 A 1234', 11113, 1100002, 5007),
(52710572, 'JUAN DIEGO', 'HEREDIA LARIOS', '1998-03-30', 'Carrera 75A No.40 A 1235', 11113, 1100003, 5008),
(52710573, 'JUAN PABLO', 'NIÑO TORRES', '1998-03-31', 'Carrera 75A No.40 A 1236', 11113, 1100001, 5007),
(52710574, 'JUAN DIEGO', 'SILVA PATIÑO', '1998-04-01', 'Carrera 75A No.40 A 1237', 11113, 1100002, 5008),
(52710575, 'EDDIE SANTIAGO', 'RUIZ GUALTEROS', '1998-04-02', 'Carrera 75A No.40 A 1238', 11113, 1100003, 5007),
(52710576, 'JEAN CARLOS', 'MARROQUIN MELGAREJO', '1998-04-03', 'Carrera 75A No.40 A 1239', 11113, 1100001, 5008),
(52710577, 'SANTIAGO', 'SANCHEZ USMA', '1998-04-04', 'Carrera 75A No.40 A 1240', 11113, 1100002, 5007),
(52710578, 'ANGEL FELIPE', 'BECERRA LATORRE', '1998-04-05', 'Carrera 75A No.40 A 1241', 11113, 1100003, 5008),
(52710579, 'JUAN DAVID', 'ORTIZ NOVOA', '1998-04-06', 'Carrera 75A No.40 A 1242', 11113, 1100001, 5007),
(52710580, 'JULIAN ESTEBAN', 'RUIZ DIAZ', '1998-04-07', 'Carrera 75A No.40 A 1243', 11113, 1100002, 5008),
(52710581, 'CAROLINA', 'SALAZAR PACHON', '1998-04-08', 'Carrera 75A No.40 A 1244', 11113, 1100003, 5007),
(52710582, 'JERSONN SAMIR', 'CHAVES SUAREZ', '1998-04-09', 'Carrera 75A No.40 A 1245', 11113, 1100001, 5008),
(52710583, 'HANTZEL', 'CAPACHO CORTES', '1998-04-10', 'Carrera 75A No.40 A 1246', 11113, 1100002, 5007),
(52710584, 'EMMANUEL', 'SEGURA BUELVAS', '1998-04-11', 'Carrera 75A No.40 A 1247', 11113, 1100003, 5008),
(52710585, 'BRYAN EDUARDO', 'CASTILLO VANEGAS', '1998-04-12', 'Carrera 75A No.40 A 1248', 11113, 1100001, 5007),
(52710586, 'JUAN FELIPE', 'ESPINOSA SOLARTE', '1998-04-13', 'Carrera 75A No.40 A 1249', 11113, 1100002, 5008),
(52710587, 'ANAMARIA', 'ROJAS ROZO', '1998-04-14', 'Carrera 75A No.40 A 1250', 11113, 1100003, 5007),
(52710588, 'JUAN PABLO', 'CANTILLO HUERFANO', '1998-04-15', 'Carrera 75A No.40 A 1251', 11113, 1100001, 5008),
(52710589, 'DANNA VALENTINA', 'LONDOÑO SUANCHA', '1998-04-16', 'Carrera 75A No.40 A 1252', 11113, 1100002, 5007),
(52710590, 'JUAN JOSE', 'VERGARA BUITRAGO', '1998-04-17', 'Carrera 75A No.40 A 1253', 11113, 1100003, 5008),
(52710591, 'SIMON FELIPE', 'RODRIGUEZ GARCIA', '1998-04-18', 'Carrera 75A No.40 A 1254', 11114, 1100001, 5007),
(52710592, 'ANDRES FELIPE', 'GONGORA TORRES', '1998-04-19', 'Carrera 75A No.40 A 1255', 11114, 1100002, 5008),
(52710593, 'LEONARDO ALEXANDER', 'GUERRERO ESCOBAR', '1998-04-20', 'Carrera 75A No.40 A 1256', 11114, 1100003, 5007),
(52710594, 'BRAYAN SMITH', 'DELGADO RODRIGUEZ', '1998-04-21', 'Carrera 75A No.40 A 1257', 11114, 1100001, 5008),
(52710595, 'LEIDER HUMBERTO', 'MORA GAONA', '1998-04-22', 'Carrera 75A No.40 A 1258', 11114, 1100002, 5007),
(52710596, 'SAHIAN VALERIA', 'SICHACA RODRIGUEZ', '1998-04-23', 'Carrera 75A No.40 A 1259', 11114, 1100003, 5008),
(52710597, 'JUAN PABLO', 'SERNA MARIN', '1998-04-24', 'Carrera 75A No.40 A 1260', 11114, 1100001, 5007),
(52710598, 'JOHAN SEBASTIAN', 'LUQUE GOMEZ', '1998-04-25', 'Carrera 75A No.40 A 1261', 11114, 1100002, 5008),
(52710599, 'LAURA FERNANDA', 'MORENO CONTRERAS', '1998-04-26', 'Carrera 75A No.40 A 1262', 11114, 1100003, 5007),
(52710600, 'JUAN MANUEL', 'MESA OLAYA', '1998-04-27', 'Carrera 75A No.40 A 1263', 11114, 1100001, 5008),
(52710601, 'MARIA GABRIELA', 'RIAÑO MENDEZ', '1998-04-28', 'Carrera 75A No.40 A 1264', 11114, 1100002, 5007),
(52710602, 'JAIDER CAMILO', 'BARRETO BARAJAS', '1998-04-29', 'Carrera 75A No.40 A 1265', 11114, 1100003, 5008),
(52710603, 'IVON NATHALIA', 'TORRES LEON', '1998-04-30', 'Carrera 75A No.40 A 1266', 11114, 1100001, 5007),
(52710604, 'MARIA JOSE', 'GOMEZ CAMPUZANO', '1998-05-01', 'Carrera 75A No.40 A 1267', 11114, 1100002, 5008),
(52710605, 'NICOLAS NOREGISTRA', 'RODRIGUEZ GALVIS', '1998-05-02', 'Carrera 75A No.40 A 1268', 11114, 1100003, 5007),
(52710606, 'BLEYMER SANTIAGO', 'TORRES ORTEGA', '1998-05-03', 'Carrera 75A No.40 A 1269', 11114, 1100001, 5008),
(52710607, 'NESTOR DAVID', 'LOPEZ CASTILLO', '1998-05-04', 'Carrera 75A No.40 A 1270', 11114, 1100002, 5007),
(52710608, 'MATEO', 'ROMERO HERNANDEZ', '1998-05-05', 'Carrera 75A No.40 A 1271', 11114, 1100003, 5008),
(52710609, 'JHOASBLEIDY', 'PARDO TORRES', '1998-05-06', 'Carrera 75A No.40 A 1272', 11114, 1100001, 5007),
(52710610, 'ESTEBAN ALEJANDRO', 'PEÑA MACIAS', '1998-05-07', 'Carrera 75A No.40 A 1273', 11114, 1100002, 5008),
(52710611, 'MARIA JULIANA', 'PETRO NIÑO', '1998-05-08', 'Carrera 75A No.40 A 1274', 11114, 1100003, 5007),
(52710612, 'SERGIO ALEJANDRO', 'LOZANO CHAPARRO', '1998-05-09', 'Carrera 75A No.40 A 1275', 11114, 1100001, 5008),
(52710613, 'PEDRO NEL', 'RAMIREZ HERNANDEZ', '1998-05-10', 'Carrera 75A No.40 A 1276', 11114, 1100002, 5007),
(52710614, 'KEVIN SANTIAGO', 'CARREÑO VARGAS', '1998-05-11', 'Carrera 75A No.40 A 1277', 11114, 1100003, 5008),
(52710615, 'ANDRES FELIPE', 'VITERI RINCON', '1998-05-12', 'Carrera 75A No.40 A 1278', 11114, 1100001, 5007),
(52710616, 'MIYER FERNANDO', 'SANCHEZ SANCHEZ', '1998-05-13', 'Carrera 75A No.40 A 1279', 11114, 1100002, 5008),
(52710617, 'EMILY JOHANNA', 'NARVAEZ BORDA', '1998-05-14', 'Carrera 75A No.40 A 1280', 11114, 1100003, 5007),
(52710618, 'DANIELA', 'RAMIREZ SALAS', '1998-05-15', 'Carrera 75A No.40 A 1281', 11114, 1100001, 5008),
(52710619, 'BRAYAN STEVEN', 'RAMIREZ DIAZ', '1998-05-16', 'Carrera 75A No.40 A 1282', 11114, 1100002, 5007),
(52710620, 'DANIEL CAMILO', 'TOVAR CHARRY', '1998-05-17', 'Carrera 75A No.40 A 1283', 11114, 1100003, 5008),
(52710621, 'LAURA ALEJANDRA', 'GOMEZ TORRENTE', '1998-05-18', 'Carrera 75A No.40 A 1284', 11114, 1100001, 5007),
(52710622, 'CRISTHIAN CAMILO', 'UNAS OCAÑA', '1998-05-19', 'Carrera 75A No.40 A 1285', 11114, 1100002, 5008),
(52710623, 'NICOLAS', 'HOLGUIN BARRERA', '1998-05-20', 'Carrera 75A No.40 A 1286', 11114, 1100003, 5007),
(52710624, 'DIANA CAROLINA', 'ACEVEDO CASTILLO', '1998-05-21', 'Carrera 75A No.40 A 1287', 11114, 1100001, 5008),
(52710625, 'JUAN SNEYDER', 'CACERES HERNANDEZ', '1998-05-22', 'Carrera 75A No.40 A 1288', 11114, 1100002, 5007),
(52710626, 'DAMIAN CAMILO', 'ROJAS MARTINEZ', '1998-05-23', 'Carrera 75A No.40 A 1289', 11114, 1100003, 5008),
(52710627, 'DAVID ESTEBAN', 'ORTIZ WILCHES', '1998-05-24', 'Carrera 75A No.40 A 1290', 11114, 1100001, 5007),
(52710628, 'DIEGO ANDRES', 'HERNANDEZ OLAYA', '1998-05-25', 'Carrera 75A No.40 A 1291', 11114, 1100002, 5008),
(52710629, 'ANGELICA JURANY', 'CASTRO POVEDA', '1998-05-26', 'Carrera 75A No.40 A 1292', 11114, 1100003, 5007),
(52710630, 'CRISTIAN LEONARDO', 'CERQUERA CABRERA', '1998-05-27', 'Carrera 75A No.40 A 1293', 11114, 1100001, 5008),
(52710631, 'SEBASTIAN DAVID', 'RUIZ SOLIS', '1998-05-28', 'Carrera 75A No.40 A 1294', 11114, 1100002, 5007),
(52710632, 'JORGE ELIECER', 'NIETO FIGUEROA', '1998-05-29', 'Carrera 75A No.40 A 1295', 11114, 1100003, 5008),
(52710633, 'JOAN NICOLAS', 'ROLDAN RODRIGUEZ', '1998-05-30', 'Carrera 75A No.40 A 1296', 11114, 1100001, 5007),
(52710634, 'SANTIAGO', 'BASTIDAS CRUZ', '1998-05-31', 'Carrera 75A No.40 A 1297', 11114, 1100002, 5008),
(52710635, 'DAVID', 'RODRIGUEZ SANABRIA', '1998-06-01', 'Carrera 75A No.40 A 1298', 11114, 1100003, 5007),
(52710636, 'THOMAS ALEJANDRO', 'SALAZAR BELLO', '1998-06-02', 'Carrera 75A No.40 A 1299', 11114, 1100001, 5008),
(52710637, 'NIKOLE YULIANA', 'MENDEZ GAMBA', '1998-06-03', 'Carrera 75A No.40 A 1300', 11114, 1100002, 5007),
(52710638, 'LUCAS MATEO', 'ESCOBAR PALACIO', '1998-06-04', 'Carrera 75A No.40 A 1301', 11114, 1100003, 5008),
(52710639, 'ANDRES FELIPE', 'CAMARGO FARIGUA', '1998-06-05', 'Carrera 75A No.40 A 1302', 11114, 1100001, 5007),
(52710640, 'MAIKER ALEJANDRO', 'HERNANDEZ ARCHILA', '1998-06-06', 'Carrera 75A No.40 A 1303', 11114, 1100002, 5008),
(52710641, 'ANDRES FELIPE', 'SALAZAR MONCADA', '1998-06-07', 'Carrera 75A No.40 A 1304', 11114, 1100003, 5007),
(52710642, 'JULIAN DAVID', 'GUERRA MARTINEZ', '1998-06-08', 'Carrera 75A No.40 A 1305', 11114, 1100001, 5008),
(52710643, 'JOHANS SEBASTIAN', 'HOLGUIN PARRA', '1998-06-09', 'Carrera 75A No.40 A 1306', 11114, 1100002, 5007),
(52710644, 'KAREN DANIELA', 'TALERO RIANO', '1998-06-10', 'Carrera 75A No.40 A 1307', 11114, 1100003, 5008),
(52710645, 'MICHAEL STEVEN', 'AMAYA GUAYACAN', '1998-06-11', 'Carrera 75A No.40 A 1308', 11114, 1100001, 5007),
(52710646, 'KEVIN SANTIAGO', 'MORENO TORRES', '1998-06-12', 'Carrera 75A No.40 A 1309', 11114, 1100002, 5008),
(52710647, 'VALENTINA', 'SOTO CIFUENTES', '1998-06-13', 'Carrera 75A No.40 A 1310', 11114, 1100003, 5007),
(52710648, 'FREDY ALEJANDRO', 'BOHORQUEZ CANCHON', '1998-06-14', 'Carrera 75A No.40 A 1311', 11114, 1100001, 5008),
(52710649, 'DANIEL SANTIAGO', 'ARIZA LUGO', '1998-06-15', 'Carrera 75A No.40 A 1312', 11114, 1100002, 5007),
(52710650, 'NATALIA DENYS', 'ROJAS GOMEZ', '1998-06-16', 'Carrera 75A No.40 A 1313', 11114, 1100003, 5008),
(52710651, 'SIMON', 'AYA GALVIS', '1998-06-17', 'Carrera 75A No.40 A 1314', 11114, 1100001, 5007),
(52710652, 'JOSE LUIS', 'CARDENAS MARTINEZ', '1998-06-18', 'Carrera 75A No.40 A 1315', 11114, 1100002, 5008),
(52710653, 'ARLLOL STEWARD', 'GONZALEZ PARRA', '1998-06-19', 'Carrera 75A No.40 A 1316', 11114, 1100003, 5007),
(52710654, 'LUIS DANIELSTEVEN', 'JIMENEZ RICO', '1998-06-20', 'Carrera 75A No.40 A 1317', 11114, 1100001, 5008),
(52710655, 'JHON SEBASTIAN', 'MOQUE SALAMANCA', '1998-06-21', 'Carrera 75A No.40 A 1318', 11114, 1100002, 5007),
(52710656, 'MARIA CAMILA', 'URREGO MUÑETON', '1998-06-22', 'Carrera 75A No.40 A 1319', 11114, 1100003, 5008),
(52710657, 'ALFER SNEIDER', 'LINARES VELAZCO', '1998-06-23', 'Carrera 75A No.40 A 1320', 11114, 1100001, 5007),
(52710658, 'DANIEL ALEXANDER', 'TORRES DIAZ', '1998-06-24', 'Carrera 75A No.40 A 1321', 11114, 1100002, 5008),
(52710659, 'JUAN SEBASTIAN', 'GARCIA PRADA', '1998-06-25', 'Carrera 75A No.40 A 1322', 11114, 1100003, 5007),
(52710660, 'ALEXANDER', 'BERMEO MOTTA', '1998-06-26', 'Carrera 75A No.40 A 1323', 11114, 1100001, 5008),
(52710661, 'MARLON STEVEN', 'URQUIJO TABARES', '1998-06-27', 'Carrera 75A No.40 A 1324', 11114, 1100002, 5007),
(52710662, 'CARLOS STEVEN', 'ARREDONDO GARZON', '1998-06-28', 'Carrera 75A No.40 A 1325', 11114, 1100003, 5008),
(52710663, 'CAMILA DEL', 'SALAZAR ARIAS', '1998-06-29', 'Carrera 75A No.40 A 1326', 11114, 1100001, 5007),
(52710664, 'PAULA LIZETH', 'GIL LAITON', '1998-06-30', 'Carrera 75A No.40 A 1327', 11114, 1100002, 5008),
(52710665, 'JHONNATAN JAVIER', 'LEGUIZAMO VILLALOBOS', '1998-07-01', 'Carrera 75A No.40 A 1328', 11114, 1100003, 5007),
(52710666, 'CRISTIAN FELIPE', 'ROA RINCON', '1998-07-02', 'Carrera 75A No.40 A 1329', 11114, 1100001, 5008),
(52710667, 'KAROL MELISSA', 'BELTRAN FERNANDEZ', '1998-07-03', 'Carrera 75A No.40 A 1330', 11114, 1100002, 5007),
(52710668, 'MARLON YESID', 'OCHOA MEDINA', '1998-07-04', 'Carrera 75A No.40 A 1331', 11114, 1100003, 5008),
(52710669, 'FELIPE', 'LOPEZ MANTILLA', '1998-07-05', 'Carrera 75A No.40 A 1332', 11114, 1100001, 5007),
(52710670, 'HELMER ANDRES', 'CUBIDES SIABATO', '1998-07-06', 'Carrera 75A No.40 A 1333', 11114, 1100002, 5008),
(52710671, 'HELLEN GISSEL', 'RAMIREZ MOTTA', '1998-07-07', 'Carrera 75A No.40 A 1334', 11114, 1100003, 5007),
(52710672, 'JULIANA', 'ARDILA CELY', '1998-07-08', 'Carrera 75A No.40 A 1335', 11114, 1100001, 5008),
(52710673, 'ANGELA ALEXANDRA', 'LOPEZ GARZON', '1998-07-09', 'Carrera 75A No.40 A 1336', 11114, 1100002, 5007),
(52710674, 'JUAN SEBASTIAN', 'CARVAJAL CADENA', '1998-07-10', 'Carrera 75A No.40 A 1337', 11114, 1100003, 5008),
(52710675, 'OSCAR YESID', 'HERNANDEZ BERMUDEZ', '1998-07-11', 'Carrera 75A No.40 A 1338', 11114, 1100001, 5007),
(52710676, 'CARLOS YERAY', 'HORMIZDA BETANCOURT', '1998-07-12', 'Carrera 75A No.40 A 1339', 11114, 1100002, 5008),
(52710677, 'JEFFRY ANTONIO', 'SANCHEZ HERRERA', '1998-07-13', 'Carrera 75A No.40 A 1340', 11114, 1100003, 5007),
(52710678, 'LUIS ESTEBAN', 'PERDOMO ESPITIA', '1998-07-14', 'Carrera 75A No.40 A 1341', 11114, 1100001, 5008),
(52710679, 'DANIEL ALEJANDRO', 'CASANOVA RODRIGUEZ', '1998-07-15', 'Carrera 75A No.40 A 1342', 11114, 1100002, 5007),
(52710680, 'CAROL DANIELA', 'PAEZ RADA', '1998-07-16', 'Carrera 75A No.40 A 1343', 11114, 1100003, 5008),
(52710681, 'JUAN SEBASTIAN', 'ACOSTA BARRETO', '1998-07-17', 'Carrera 75A No.40 A 1344', 11114, 1100001, 5007),
(52710682, 'WILLIAM FERNANDO', 'CEPEDA GIRATA', '1998-07-18', 'Carrera 75A No.40 A 1345', 11114, 1100002, 5008),
(52710683, 'MAROLY ALEJANDRA', 'ROMERO OSPINA', '1998-07-19', 'Carrera 75A No.40 A 1346', 11114, 1100003, 5007),
(52710684, 'JONATHAN', 'QUIMBAYA SEPULVEDA', '1998-07-20', 'Carrera 75A No.40 A 1347', 11114, 1100001, 5008),
(52710685, 'HASBLEIDY SOLANGE', 'QUINTERO RODRIGUEZ', '1998-07-21', 'Carrera 75A No.40 A 1348', 11114, 1100002, 5007),
(52710686, 'VALERIA', 'RODRIGUEZ CORREAL', '1998-07-22', 'Carrera 75A No.40 A 1349', 11114, 1100003, 5008),
(52710687, 'KEVIN SANTIAGO', 'ROMERO BERNAL', '1998-07-23', 'Carrera 75A No.40 A 1350', 11114, 1100001, 5007),
(52710688, 'KAREN JULIANA', 'RODRIGUEZ RAMIREZ', '1998-07-24', 'Carrera 75A No.40 A 1351', 11114, 1100002, 5008),
(52710689, 'RICHARD DAVID', 'RAMIREZ MONCAYO', '1998-07-25', 'Carrera 75A No.40 A 1352', 11114, 1100003, 5007),
(52710690, 'LAURA MARIA', 'OSORIO ACEVEDO', '1998-07-26', 'Carrera 75A No.40 A 1353', 11114, 1100001, 5008),
(52710691, 'MARTINEZ ALEJANDRO', 'MARROQUIN', '1998-07-27', 'Carrera 75A No.40 A 1354', 11114, 1100002, 5007),
(52710692, 'ANDRES CAMILO', 'GORDILLO SILVA', '1998-07-28', 'Carrera 75A No.40 A 1355', 11114, 1100003, 5008),
(52710693, 'ANDRES FELIPE', 'SANCHEZ JARAMILLO', '1998-07-29', 'Carrera 75A No.40 A 1356', 11114, 1100001, 5007),
(52710694, 'JAIDER YESID', 'MEDINA LINARES', '1998-07-30', 'Carrera 75A No.40 A 1357', 11114, 1100002, 5008),
(52710695, 'ANTHONY RUBEN', 'MEDINA AGUILAR', '1998-07-31', 'Carrera 75A No.40 A 1358', 11114, 1100003, 5007),
(52710696, 'PAULA ANDREA', 'ESTUPIÑAN RIAÑO', '1998-08-01', 'Carrera 75A No.40 A 1359', 11114, 1100001, 5008),
(52710697, 'DIEGO ANDRES', 'LEIVA JIMENEZ', '1998-08-02', 'Carrera 75A No.40 A 1360', 11114, 1100002, 5007),
(52710698, 'LISETH NATHALIA', 'GOMEZ CAICEDO', '1998-08-03', 'Carrera 75A No.40 A 1361', 11114, 1100003, 5008),
(52710699, 'LUIS FERNANDO', 'LOPEZ PARRA', '1998-08-04', 'Carrera 75A No.40 A 1362', 11114, 1100001, 5007),
(52710700, 'HERNÁN DARÍO', 'GUARNIZO BUITRAGO', '1998-08-05', 'Carrera 75A No.40 A 1363', 11114, 1100002, 5008),
(52710701, 'CRISTIAN CAMILO', 'ROMERO ROMERO', '1998-08-06', 'Carrera 75A No.40 A 1364', 11114, 1100003, 5007),
(52710702, 'JULIAN CAMILO', 'MACIAS MARTINEZ', '1998-08-07', 'Carrera 75A No.40 A 1365', 11114, 1100001, 5008),
(52710703, 'NICOLAS', 'GOMEZ MILA', '1998-08-08', 'Carrera 75A No.40 A 1366', 11114, 1100002, 5007),
(52710704, 'EMANUEL STEVEN', 'MESA VILLAMOR', '1998-08-09', 'Carrera 75A No.40 A 1367', 11114, 1100003, 5008),
(52710705, 'LAURA VALENTINA', 'BELTRAN SANCHEZ', '1998-08-10', 'Carrera 75A No.40 A 1368', 11114, 1100001, 5007),
(52710706, 'JONATHAN RICARDO', 'ARAQUE ALONSO', '1998-08-11', 'Carrera 75A No.40 A 1369', 11114, 1100002, 5008),
(52710707, 'JULIAN RICARDO', 'CORREDOR BELTRAN', '1998-08-12', 'Carrera 75A No.40 A 1370', 11114, 1100003, 5007),
(52710708, 'DANILO STEVEN', 'MORENO GONZALEZ', '1998-08-13', 'Carrera 75A No.40 A 1371', 11114, 1100001, 5008),
(52710709, 'ERIKKA JOHANA', 'LOPEZ GAMBOA', '1998-08-14', 'Carrera 75A No.40 A 1372', 11114, 1100002, 5007),
(52710710, 'ALISSON DALLAN', 'ARIAS OTALORA', '1998-08-15', 'Carrera 75A No.40 A 1373', 11114, 1100003, 5008),
(52710711, 'ERIKA XIMENA', 'NITOLA MUÑOZ', '1998-08-16', 'Carrera 75A No.40 A 1374', 11114, 1100001, 5007),
(52710712, 'JUAN SEBASTIAN', 'QUINTERO GALINDO', '1998-08-17', 'Carrera 75A No.40 A 1375', 11114, 1100002, 5008),
(52710713, 'GIOVANNY SNEIDER', 'SALAMANCA TRIANA', '1998-08-18', 'Carrera 75A No.40 A 1376', 11114, 1100003, 5007),
(52710714, 'RUTH DANIELA', 'SOLER CASTRO', '1998-08-19', 'Carrera 75A No.40 A 1377', 11114, 1100001, 5008),
(52710715, 'DANNA LORENA', 'TORO TOVAR', '1998-08-20', 'Carrera 75A No.40 A 1378', 11114, 1100002, 5007),
(52710716, 'KEVIN ALEJANDRO', 'SILVA MALOTT', '1998-08-21', 'Carrera 75A No.40 A 1379', 11114, 1100003, 5008),
(52710717, 'DANIEL ESTIVEN', 'BOLIVAR ECHEVERRIA', '1998-08-22', 'Carrera 75A No.40 A 1380', 11114, 1100001, 5007),
(52710718, 'JUAN JOSE', 'ANAYA VILLAMIZAR', '1998-08-23', 'Carrera 75A No.40 A 1381', 11114, 1100002, 5008),
(52710719, 'EDWIN SANTIAGO', 'CARDENAS PEREZ', '1998-08-24', 'Carrera 75A No.40 A 1382', 11114, 1100003, 5007),
(52710720, 'SEBASTIAN', 'HERRERA TELLEZ', '1998-08-25', 'Carrera 75A No.40 A 1383', 11114, 1100001, 5008),
(52710721, 'BRANDON JAVIER', 'CAMPOS RUIZ', '1998-08-26', 'Carrera 75A No.40 A 1384', 11114, 1100002, 5007),
(52710722, 'SANTIAGO ANDRES', 'VASQUEZ VARGAS', '1998-08-27', 'Carrera 75A No.40 A 1385', 11114, 1100003, 5008),
(52710723, 'BRANDON FELIPE', 'CARDENAS URREGO', '1998-08-28', 'Carrera 75A No.40 A 1386', 11114, 1100001, 5007),
(52710724, 'JULIO CESAR', 'HERRERA MORENO', '1998-08-29', 'Carrera 75A No.40 A 1387', 11114, 1100002, 5008),
(52710725, 'MIGUEL ANGEL', 'REY CUARTAS', '1998-08-30', 'Carrera 75A No.40 A 1388', 11114, 1100003, 5007),
(52710726, 'MARIA FERNANDA', 'RIAÑO GUTIERREZ', '1998-08-31', 'Carrera 75A No.40 A 1389', 11114, 1100001, 5008),
(52710727, 'KARINA SAMANTA', 'MARTINEZ ALVAREZ', '1998-09-01', 'Carrera 75A No.40 A 1390', 11114, 1100002, 5007),
(52710728, 'ANDRES FELIPE', 'LADINO BERNAL', '1998-09-02', 'Carrera 75A No.40 A 1391', 11114, 1100003, 5008),
(52710729, 'DANIEL SANTIAGO', 'COLMENARES MARTINEZ', '1998-09-03', 'Carrera 75A No.40 A 1392', 11114, 1100001, 5007),
(52710730, 'KAREN JULIETH', 'AGUAZACO RAMIREZ', '1998-09-04', 'Carrera 75A No.40 A 1393', 11114, 1100002, 5008),
(52710731, 'LAURA STEFANIA', 'BARBOSA MENESES', '1998-09-05', 'Carrera 75A No.40 A 1394', 11114, 1100003, 5007),
(52710732, 'JULIO ANDRES', 'CARVAJAL CALDERON', '1998-09-06', 'Carrera 75A No.40 A 1395', 11114, 1100001, 5008),
(52710733, 'ESTEBAN CAMILO', 'RODRIGUEZ GARZON', '1998-09-07', 'Carrera 75A No.40 A 1396', 11114, 1100002, 5007),
(52710734, 'MARIANA', 'TELLEZ MORENO', '1998-09-08', 'Carrera 75A No.40 A 1397', 11114, 1100003, 5008),
(52710735, 'DIEGO ALEJANDRO', 'GUERRERO RAMIREZ', '1998-09-09', 'Carrera 75A No.40 A 1398', 11114, 1100001, 5007),
(52710736, 'KAREN BRIYID', 'FRANCO BELTRAN', '1998-09-10', 'Carrera 75A No.40 A 1399', 11114, 1100002, 5008),
(52710737, 'RUBERT EDUARDO', 'HUERFANO MORENO', '1998-09-11', 'Carrera 75A No.40 A 1400', 11114, 1100003, 5007),
(52710738, 'JANELEE KAROLAYN', 'BARREÑO TORRES', '1998-09-12', 'Carrera 75A No.40 A 1401', 11114, 1100001, 5008),
(52710739, 'ALLISON JULIANA', 'RINCON MOYA', '1998-09-13', 'Carrera 75A No.40 A 1402', 11114, 1100002, 5007),
(52710740, 'MICHELL DAYANA', 'PEREZ ARIAS', '1998-09-14', 'Carrera 75A No.40 A 1403', 11114, 1100003, 5008),
(52710741, 'JULIAN ESTEBAN', 'CASTRO CIFUENTES', '1998-09-15', 'Carrera 75A No.40 A 1404', 11114, 1100001, 5007),
(52710742, 'DAVID SANTIAGO', 'PEREZ NIETO', '1998-09-16', 'Carrera 75A No.40 A 1405', 11114, 1100002, 5008),
(52710743, 'STEVAN SEBASTIAN', 'SUAREZ JUNCO', '1998-09-17', 'Carrera 75A No.40 A 1406', 11114, 1100003, 5007),
(52710744, 'SERGIO ANDRÉS', 'MORENO ORTÍZ', '1998-09-18', 'Carrera 75A No.40 A 1407', 11114, 1100001, 5008),
(52710745, 'ANDRES FELIPE', 'PLAZAS HERRERA', '1998-09-19', 'Carrera 75A No.40 A 1408', 11114, 1100002, 5007),
(52710746, 'JEFERSON FABIAN', 'MORA GAONA', '1998-09-20', 'Carrera 75A No.40 A 1409', 11114, 1100003, 5008),
(52710747, 'ANDRES FELIPE', 'LOPEZ ALDANA', '1998-09-21', 'Carrera 75A No.40 A 1410', 11114, 1100001, 5007),
(52710748, 'LUIS ANGEL', 'RUIZ ROJAS', '1998-09-22', 'Carrera 75A No.40 A 1411', 11114, 1100002, 5008),
(52710749, 'ANTHONY EMANUEL', 'PERILLA MORA', '1998-09-23', 'Carrera 75A No.40 A 1412', 11114, 1100003, 5007),
(52710750, 'ANDREA GERALDINE', 'MERCADO MONTES', '1998-09-24', 'Carrera 75A No.40 A 1413', 11114, 1100001, 5008),
(52710751, 'DAVID LEONARDO', 'MOJICA MEDINA', '1998-09-25', 'Carrera 75A No.40 A 1414', 11114, 1100002, 5007),
(52710752, 'JOHN JAMES', 'GOMEZ SANCHEZ', '1998-09-26', 'Carrera 75A No.40 A 1415', 11114, 1100003, 5008),
(52710753, 'WALTER ANDRES', 'GUZMAN BLANCO', '1998-09-27', 'Carrera 75A No.40 A 1416', 11114, 1100001, 5007),
(52710754, 'GINETH TATIANA', 'MOGOLLON BAQUERO', '1998-09-28', 'Carrera 75A No.40 A 1417', 11114, 1100002, 5008),
(52710755, 'ANDRES FELIPE', 'ROA MONDRAGON', '1998-09-29', 'Carrera 75A No.40 A 1418', 11114, 1100003, 5007),
(52710756, 'NIKOLL STEFANNY', 'PEREZ MARROQUIN', '1998-09-30', 'Carrera 75A No.40 A 1419', 11114, 1100001, 5008),
(52710757, 'LUNA SOFIA', 'LUENGAS ARIZA', '1998-10-01', 'Carrera 75A No.40 A 1420', 11114, 1100002, 5007),
(52710758, 'JORGE ALFREDO', 'RODRIGUEZ BECERRA', '1998-10-02', 'Carrera 75A No.40 A 1421', 11114, 1100003, 5008),
(52710759, 'KEANU NARNOVARICK', 'GUERRERO CASTRO', '1998-10-03', 'Carrera 75A No.40 A 1422', 11114, 1100001, 5007),
(52710760, 'JEREMY', 'LEGUIZAMON NEVA', '1998-10-04', 'Carrera 75A No.40 A 1423', 11114, 1100002, 5008),
(52710761, 'KEVYN SNADER', 'MORENO CAMACHO', '1998-10-05', 'Carrera 75A No.40 A 1424', 11114, 1100003, 5007),
(52710762, 'HEYSSON CAMILO', 'DAZA USA', '1998-10-06', 'Carrera 75A No.40 A 1425', 11114, 1100001, 5008),
(52710763, 'MARIA ALEJANDRA', 'MIRANDA GONZALEZ', '1998-10-07', 'Carrera 75A No.40 A 1426', 11114, 1100002, 5007),
(52710764, 'JUAN DIEGO', 'ARIAS MUÑOZ', '1998-10-08', 'Carrera 75A No.40 A 1427', 11114, 1100003, 5008),
(52710765, 'DANIEL FELIPE', 'GONZALEZ RUIZ', '1998-10-09', 'Carrera 75A No.40 A 1428', 11114, 1100001, 5007),
(52710766, 'OSCAR ANDRES', 'ZARATE MENDIVELSO', '1998-10-10', 'Carrera 75A No.40 A 1429', 11114, 1100002, 5008),
(52710767, 'FARID ESTIDUAR', 'SABOGAL ARIAS', '1998-10-11', 'Carrera 75A No.40 A 1430', 11114, 1100003, 5007),
(52710768, 'ISABELLA', 'PEÑA MORA', '1998-10-12', 'Carrera 75A No.40 A 1431', 11114, 1100001, 5008),
(52710769, 'DEIVID JULIAN', 'CORREA CORTES', '1998-10-13', 'Carrera 75A No.40 A 1432', 11114, 1100002, 5007),
(52710770, 'STEFANIA', 'RODRIGUEZ GONZALEZ', '1998-10-14', 'Carrera 75A No.40 A 1433', 11114, 1100003, 5008),
(52710771, 'pepita', 'perez', '1998-12-11', 'callefalsa123', 11114, 1100002, 5008);

-- --------------------------------------------------------

--
-- Estructura de tabla para la tabla `pacientes`
--

CREATE TABLE `pacientes` (
  `id` int(11) NOT NULL,
  `dato1` varchar(45) DEFAULT NULL,
  `dato2` varchar(45) DEFAULT NULL,
  `dato3` varchar(45) DEFAULT NULL,
  `id_medicoenc` int(11) DEFAULT NULL,
  `create_at` timestamp NOT NULL DEFAULT CURRENT_TIMESTAMP
) ENGINE=InnoDB DEFAULT CHARSET=latin1;

--
-- Volcado de datos para la tabla `pacientes`
--

INSERT INTO `pacientes` (`id`, `dato1`, `dato2`, `dato3`, `id_medicoenc`, `create_at`) VALUES
(8, 'viejo', 'viejo1', 'viejo2', NULL, '2019-11-08 00:13:00'),
(10, 'nuevo', 'nuevo1', 'nuevo2', NULL, '2020-03-28 06:57:34');

-- --------------------------------------------------------

--
-- Estructura de tabla para la tabla `sessions`
--

CREATE TABLE `sessions` (
  `session_id` varchar(128) CHARACTER SET utf8mb4 COLLATE utf8mb4_bin NOT NULL,
  `expires` int(11) UNSIGNED NOT NULL,
  `data` text CHARACTER SET utf8mb4 COLLATE utf8mb4_bin
) ENGINE=InnoDB DEFAULT CHARSET=latin1;

--
-- Volcado de datos para la tabla `sessions`
--

INSERT INTO `sessions` (`session_id`, `expires`, `data`) VALUES
('L6VCniMnYFmLyONrr2R7IXwRYqwT32nd', 1585695076, '{\"cookie\":{\"originalMaxAge\":null,\"expires\":null,\"httpOnly\":true,\"path\":\"/\"},\"flash\":{},\"passport\":{}}'),
('dDcViyEAO7pxzq9l4HKAnTzRmeuwOVXT', 1592272942, '{\"cookie\":{\"originalMaxAge\":null,\"expires\":null,\"httpOnly\":true,\"path\":\"/\"},\"flash\":{}}');

-- --------------------------------------------------------

--
-- Estructura de tabla para la tabla `sucursal_hospital_cita`
--

CREATE TABLE `sucursal_hospital_cita` (
  `id` int(11) NOT NULL,
  `direccion` varchar(50) DEFAULT NULL,
  `id_municipio` int(11) DEFAULT NULL
) ENGINE=InnoDB DEFAULT CHARSET=latin1;

--
-- Volcado de datos para la tabla `sucursal_hospital_cita`
--

INSERT INTO `sucursal_hospital_cita` (`id`, `direccion`, `id_municipio`) VALUES
(1022, 'calle 2 # 11-45', 11101),
(1023, 'carrera 11 # 12-49', 11101),
(1024, 'calle 111 # 73-28', 11101),
(1025, 'carrera 16 este # 44-12', 11102),
(1026, 'carrera 74 sur # 22-17', 11102),
(1027, 'calle 21 este # 15 -85', 11102),
(1028, 'calle 17 sur # 45-25', 11103),
(1029, 'calle 3 # 15-29', 11103),
(1030, 'calle 38 sur # 45-55', 11103),
(1031, 'carrera 14 sur  # 91-20', 11104),
(1032, 'calle 35 a sur # 71-91', 11104),
(1033, 'calle 20 # 45-25', 11104),
(1034, 'calle 21 # 35-26', 11105),
(1035, 'calle 18 # 35-26', 11105),
(1036, 'calle 19 # 45-27', 11105),
(1037, 'calle 92 # 35-28', 11106),
(1038, 'calle 118 # 35-29', 11106),
(1039, 'calle 86 # 35-30', 11106),
(1040, 'calle 138 # 50-31', 11107),
(1041, 'carrera 91 # 35-32', 11107),
(1042, 'carrera 118 # 45-33', 11107);

-- --------------------------------------------------------

--
-- Estructura de tabla para la tabla `sucursal_hospital_hospitalizacion`
--

CREATE TABLE `sucursal_hospital_hospitalizacion` (
  `id` int(11) NOT NULL,
  `id_municipio` int(11) DEFAULT NULL,
  `direccion` varchar(50) DEFAULT NULL
) ENGINE=InnoDB DEFAULT CHARSET=latin1;

--
-- Volcado de datos para la tabla `sucursal_hospital_hospitalizacion`
--

INSERT INTO `sucursal_hospital_hospitalizacion` (`id`, `id_municipio`, `direccion`) VALUES
(1001, 11101, 'calle 1 # 11-45'),
(1002, 11101, 'carrera 12 # 12-49'),
(1003, 11101, 'calle 101 # 73-28'),
(1004, 11102, 'carrera 15 este # 44-12'),
(1005, 11102, 'carrera 73 sur # 22-17'),
(1006, 11102, 'calle 23 este # 15 -85'),
(1007, 11103, 'calle 15 sur # 45-25'),
(1008, 11103, 'calle 2 # 15-29'),
(1009, 11103, 'calle 36 sur # 45-55'),
(1010, 11104, 'carrera 15 sur  # 91-20'),
(1011, 11104, 'calle 36 a sur # 71-91'),
(1012, 11104, 'calle 19 # 45-25'),
(1013, 11105, 'calle 18 # 35-26'),
(1014, 11105, 'calle 17 # 35-26'),
(1015, 11105, 'calle 19 # 45-27'),
(1016, 11106, 'calle 91 # 35-28'),
(1017, 11106, 'calle 119 # 35-29'),
(1018, 11106, 'calle 85 # 35-30'),
(1019, 11107, 'calle 139 # 50-31'),
(1020, 11107, 'carrera 92 # 35-32'),
(1021, 11107, 'carrera 119 # 45-33');

-- --------------------------------------------------------

--
-- Estructura de tabla para la tabla `telefono_enfermera`
--

CREATE TABLE `telefono_enfermera` (
  `id` int(11) NOT NULL,
  `telefono` int(11) NOT NULL
) ENGINE=InnoDB DEFAULT CHARSET=latin1;

-- --------------------------------------------------------

--
-- Estructura de tabla para la tabla `telefono_medico`
--

CREATE TABLE `telefono_medico` (
  `id` int(11) NOT NULL,
  `telefono` int(11) NOT NULL
) ENGINE=InnoDB DEFAULT CHARSET=latin1;

--
-- Volcado de datos para la tabla `telefono_medico`
--

INSERT INTO `telefono_medico` (`id`, `telefono`) VALUES
(80001, 37308961),
(80001, 37308962),
(80002, 37308963),
(80002, 37308964),
(80003, 37308965),
(80003, 37308966),
(80004, 37308967),
(80004, 37308968),
(80005, 37308969),
(80005, 37308970),
(80006, 37308971),
(80006, 37308972),
(80007, 37308973),
(80007, 37308974),
(80008, 37308975),
(80008, 37308976),
(80009, 37308977),
(80009, 37308978),
(80010, 37308979),
(80010, 37308980),
(80011, 37308981),
(80011, 37308982),
(80012, 37308983),
(80012, 37308984),
(80013, 37308985),
(80013, 37308986),
(80014, 37308987),
(80014, 37308988),
(80015, 37308989),
(80015, 37308990),
(80016, 37308991),
(80016, 37308992),
(80017, 37308993),
(80017, 37308994),
(80018, 37308995),
(80018, 37308996),
(80019, 37308997),
(80019, 37308998),
(80020, 37308999),
(80020, 37309000),
(80021, 37309001),
(80021, 37309002),
(80022, 37309003),
(80022, 37309004),
(80023, 37309005),
(80023, 37309006),
(80024, 37309007),
(80024, 37309008),
(80025, 37309009),
(80025, 37309010),
(80026, 37309011),
(80026, 37309012),
(80027, 37309013),
(80027, 37309014),
(80028, 37309015),
(80028, 37309016),
(80029, 37309017),
(80029, 37309018),
(80030, 37309019),
(80030, 37309020),
(80031, 37309021),
(80031, 37309022),
(80032, 37309023),
(80032, 37309024),
(80033, 37309025),
(80033, 37309026),
(80034, 37309027),
(80034, 37309028),
(80035, 37309029),
(80035, 37309030),
(80036, 37309031),
(80036, 37309032),
(80037, 37309033),
(80037, 37309034),
(80038, 37309035),
(80038, 37309036),
(80039, 37309037),
(80039, 37309038),
(80040, 37309039),
(80040, 37309040),
(80041, 37309041),
(80041, 37309042),
(80042, 37309043),
(80042, 37309044),
(80043, 37309045),
(80043, 37309046),
(80044, 37309047),
(80044, 37309048),
(80045, 37309049),
(80045, 37309050),
(80046, 37309051),
(80046, 37309052),
(80047, 37309053),
(80047, 37309054),
(80048, 37309055),
(80048, 37309056),
(80049, 37309057),
(80049, 37309058),
(80050, 37309059),
(80050, 37309060),
(80051, 37309061),
(80051, 37309062),
(80052, 37309063),
(80052, 37309064),
(80053, 37309065),
(80053, 37309066),
(80054, 37309067),
(80054, 37309068),
(80055, 37309069),
(80055, 37309070),
(80056, 37309071),
(80056, 37309072),
(80057, 37309073),
(80057, 37309074),
(80058, 37309075),
(80058, 37309076),
(80059, 37309077),
(80059, 37309078),
(80060, 37309079),
(80060, 37309080),
(80061, 37309081),
(80061, 37309082),
(80062, 37309083),
(80062, 37309084),
(80063, 37309085),
(80063, 37309086),
(80064, 37309087),
(80064, 37309088),
(80065, 37309089),
(80065, 37309090),
(80066, 37309091),
(80066, 37309092),
(80067, 37309093),
(80067, 37309094),
(80068, 37309095),
(80068, 37309096),
(80069, 37309097),
(80069, 37309098),
(80070, 37309099),
(80070, 37309100),
(80071, 37309101),
(80071, 37309102),
(80072, 37309103),
(80072, 37309104),
(80073, 37309105),
(80073, 37309106),
(80074, 37309107),
(80074, 37309108),
(80075, 37309109),
(80075, 37309110),
(80076, 37309111),
(80076, 37309112),
(80077, 37309113),
(80077, 37309114),
(80078, 37309115),
(80078, 37309116),
(80079, 37309117),
(80079, 37309118),
(80080, 37309119),
(80080, 37309120),
(80081, 37309121),
(80081, 37309122),
(80082, 37309123),
(80082, 37309124),
(80083, 37309125),
(80083, 37309126),
(80084, 37309127),
(80084, 37309128),
(80085, 37309129),
(80085, 37309130),
(80086, 37309131),
(80086, 37309132),
(80087, 37309133),
(80087, 37309134),
(80088, 37309135),
(80088, 37309136),
(80089, 37309137),
(80089, 37309138),
(80090, 37309139),
(80090, 37309140),
(80091, 37309141),
(80091, 37309142),
(80092, 37309143),
(80092, 37309144),
(80093, 37309145),
(80093, 37309146),
(80094, 37309147),
(80094, 37309148),
(80095, 37309149),
(80095, 37309150),
(80096, 37309151),
(80096, 37309152),
(80097, 37309153),
(80097, 37309154),
(80098, 37309155),
(80098, 37309156),
(80099, 37309157),
(80099, 37309158),
(80100, 37309159),
(80100, 37309160),
(80101, 37309161),
(80101, 37309162),
(80102, 37309163),
(80102, 37309164),
(80103, 37309165),
(80103, 37309166),
(80104, 37309167),
(80104, 37309168),
(80105, 37309169),
(80105, 37309170),
(80106, 37309171),
(80106, 37309172),
(80107, 37309173),
(80107, 37309174),
(80108, 37309175),
(80108, 37309176),
(80109, 37309177),
(80109, 37309178),
(80110, 37309179),
(80110, 37309180),
(80111, 37309181),
(80111, 37309182),
(80112, 37309183),
(80112, 37309184),
(80113, 37309185),
(80113, 37309186),
(80114, 37309187),
(80114, 37309188),
(80115, 37309189),
(80115, 37309190),
(80116, 37309191),
(80116, 37309192),
(80117, 37309193),
(80117, 37309194),
(80118, 37309195),
(80118, 37309196),
(80119, 37309197),
(80119, 37309198),
(80120, 37309199),
(80120, 37309200),
(80121, 37309201),
(80121, 37309202),
(80122, 37309203),
(80122, 37309204),
(80123, 37309205),
(80123, 37309206),
(80124, 37309207),
(80124, 37309208),
(80125, 37309209),
(80125, 37309210),
(80126, 37309211),
(80126, 37309212),
(80127, 37309213),
(80127, 37309214),
(80128, 37309215),
(80128, 37309216),
(80129, 37309217),
(80129, 37309218),
(80130, 37309219),
(80130, 37309220),
(80131, 37309221),
(80131, 37309222),
(80132, 37309223),
(80132, 37309224),
(80133, 37309225),
(80133, 37309226),
(80134, 37309227),
(80134, 37309228),
(80135, 37309229),
(80135, 37309230),
(80136, 37309231),
(80136, 37309232),
(80137, 37309233),
(80137, 37309234),
(80138, 37309235),
(80138, 37309236),
(80139, 37309237),
(80139, 37309238),
(80140, 37309239),
(80140, 37309240),
(80141, 37309241),
(80141, 37309242),
(80142, 37309243),
(80142, 37309244),
(80143, 37309245),
(80143, 37309246),
(80144, 37309247),
(80144, 37309248),
(80145, 37309249),
(80145, 37309250),
(80146, 37309251),
(80146, 37309252),
(80147, 37309253),
(80147, 37309254);

-- --------------------------------------------------------

--
-- Estructura de tabla para la tabla `telefono_paciente`
--

CREATE TABLE `telefono_paciente` (
  `id` int(11) NOT NULL,
  `telefono` int(11) NOT NULL
) ENGINE=InnoDB DEFAULT CHARSET=latin1;

--
-- Volcado de datos para la tabla `telefono_paciente`
--

INSERT INTO `telefono_paciente` (`id`, `telefono`) VALUES
(52709511, 313089620),
(52709511, 313089621),
(52709512, 313089622),
(52709512, 313089623),
(52709513, 313089624),
(52709513, 313089625),
(52709513, 313089626),
(52709514, 313089627),
(52709514, 313089628),
(52709515, 313089629),
(52709515, 313089630),
(52709515, 313089631),
(52709516, 313089632),
(52709516, 313089633),
(52709517, 313089634),
(52709517, 313089635),
(52709517, 313089636),
(52709518, 313089637),
(52709518, 313089638),
(52709519, 313089639),
(52709519, 313089640),
(52709519, 313089641),
(52709520, 313089642),
(52709520, 313089643),
(52709521, 313089644),
(52709521, 313089645),
(52709521, 313089646),
(52709522, 313089647),
(52709522, 313089648),
(52709523, 313089649),
(52709523, 313089650),
(52709523, 313089651),
(52709524, 313089652),
(52709524, 313089653),
(52709525, 313089654),
(52709525, 313089655),
(52709525, 313089656),
(52709526, 313089657),
(52709526, 313089658),
(52709527, 313089659),
(52709527, 313089660),
(52709527, 313089661),
(52709528, 313089662),
(52709528, 313089663),
(52709529, 313089664),
(52709529, 313089665),
(52709529, 313089666),
(52709530, 313089667),
(52709530, 313089668),
(52709531, 313089669),
(52709531, 313089670),
(52709531, 313089671),
(52709532, 313089672),
(52709532, 313089673),
(52709533, 313089674),
(52709533, 313089675),
(52709533, 313089676),
(52709534, 313089677),
(52709534, 313089678),
(52709535, 313089679),
(52709535, 313089680),
(52709535, 313089681),
(52709536, 313089682),
(52709536, 313089683),
(52709537, 313089684),
(52709537, 313089685),
(52709537, 313089686),
(52709538, 313089687),
(52709538, 313089688),
(52709539, 313089689),
(52709539, 313089690),
(52709539, 313089691),
(52709540, 313089692),
(52709540, 313089693),
(52709541, 313089694),
(52709541, 313089695),
(52709541, 313089696),
(52709542, 313089697),
(52709542, 313089698),
(52709543, 313089699),
(52709543, 313089700),
(52709543, 313089701),
(52709544, 313089702),
(52709544, 313089703),
(52709545, 313089704),
(52709545, 313089705),
(52709545, 313089706),
(52709546, 313089707),
(52709546, 313089708),
(52709547, 313089709),
(52709547, 313089710),
(52709547, 313089711),
(52709548, 313089712),
(52709548, 313089713),
(52709549, 313089714),
(52709549, 313089715),
(52709549, 313089716),
(52709550, 313089717),
(52709550, 313089718),
(52709551, 313089719),
(52709551, 313089720),
(52709551, 313089721),
(52709552, 313089722),
(52709552, 313089723),
(52709553, 313089724),
(52709553, 313089725),
(52709553, 313089726),
(52709554, 313089727),
(52709554, 313089728),
(52709555, 313089729),
(52709555, 313089730),
(52709555, 313089731),
(52709556, 313089732),
(52709556, 313089733),
(52709557, 313089734),
(52709557, 313089735),
(52709557, 313089736),
(52709558, 313089737),
(52709558, 313089738),
(52709559, 313089739),
(52709559, 313089740),
(52709559, 313089741),
(52709560, 313089742),
(52709560, 313089743),
(52709561, 313089744),
(52709561, 313089745),
(52709561, 313089746),
(52709562, 313089747),
(52709562, 313089748),
(52709563, 313089749),
(52709563, 313089750),
(52709563, 313089751),
(52709564, 313089752),
(52709564, 313089753),
(52709565, 313089754),
(52709565, 313089755),
(52709565, 313089756),
(52709566, 313089757),
(52709566, 313089758),
(52709567, 313089759),
(52709567, 313089760),
(52709567, 313089761),
(52709568, 313089762),
(52709568, 313089763),
(52709569, 313089764),
(52709569, 313089765),
(52709569, 313089766),
(52709570, 313089767),
(52709570, 313089768),
(52709571, 313089769),
(52709571, 313089770),
(52709571, 313089771),
(52709572, 313089772),
(52709572, 313089773),
(52709573, 313089774),
(52709573, 313089775),
(52709573, 313089776),
(52709574, 313089777),
(52709574, 313089778),
(52709575, 313089779),
(52709575, 313089780),
(52709575, 313089781),
(52709576, 313089782),
(52709576, 313089783),
(52709577, 313089784),
(52709577, 313089785),
(52709577, 313089786),
(52709578, 313089787),
(52709578, 313089788),
(52709579, 313089789),
(52709579, 313089790),
(52709579, 313089791),
(52709580, 313089792),
(52709580, 313089793),
(52709581, 313089794),
(52709581, 313089795),
(52709581, 313089796),
(52709582, 313089797),
(52709582, 313089798),
(52709583, 313089799),
(52709583, 313089800),
(52709583, 313089801),
(52709584, 313089802),
(52709584, 313089803),
(52709585, 313089804),
(52709585, 313089805),
(52709585, 313089806),
(52709586, 313089807),
(52709586, 313089808),
(52709587, 313089809),
(52709587, 313089810),
(52709587, 313089811),
(52709588, 313089812),
(52709588, 313089813),
(52709589, 313089814),
(52709589, 313089815),
(52709589, 313089816),
(52709590, 313089817),
(52709590, 313089818),
(52709591, 313089819),
(52709591, 313089820),
(52709591, 313089821),
(52709592, 313089822),
(52709592, 313089823),
(52709593, 313089824),
(52709593, 313089825),
(52709593, 313089826),
(52709594, 313089827),
(52709594, 313089828),
(52709595, 313089829),
(52709595, 313089830),
(52709595, 313089831),
(52709596, 313089832),
(52709596, 313089833),
(52709597, 313089834),
(52709597, 313089835),
(52709597, 313089836),
(52709598, 313089837),
(52709598, 313089838),
(52709599, 313089839),
(52709599, 313089840),
(52709599, 313089841),
(52709600, 313089842),
(52709600, 313089843),
(52709601, 313089844),
(52709601, 313089845),
(52709601, 313089846),
(52709602, 313089847),
(52709602, 313089848),
(52709603, 313089849),
(52709603, 313089850),
(52709603, 313089851),
(52709604, 313089852),
(52709604, 313089853),
(52709605, 313089854),
(52709605, 313089855),
(52709605, 313089856),
(52709606, 313089857),
(52709606, 313089858),
(52709607, 313089859),
(52709607, 313089860),
(52709607, 313089861),
(52709608, 313089862),
(52709608, 313089863),
(52709609, 313089864),
(52709609, 313089865),
(52709609, 313089866),
(52709610, 313089867),
(52709610, 313089868),
(52709611, 313089869),
(52709611, 313089870),
(52709611, 313089871),
(52709612, 313089872),
(52709612, 313089873),
(52709613, 313089874),
(52709613, 313089875),
(52709613, 313089876),
(52709614, 313089877),
(52709614, 313089878),
(52709615, 313089879),
(52709615, 313089880),
(52709615, 313089881),
(52709616, 313089882),
(52709616, 313089883),
(52709617, 313089884),
(52709617, 313089885),
(52709617, 313089886),
(52709618, 313089887),
(52709618, 313089888),
(52709619, 313089889),
(52709619, 313089890),
(52709619, 313089891),
(52709620, 313089892),
(52709620, 313089893),
(52709621, 313089894),
(52709621, 313089895),
(52709621, 313089896),
(52709622, 313089897),
(52709622, 313089898),
(52709623, 313089899),
(52709623, 313089900),
(52709623, 313089901),
(52709624, 313089902),
(52709624, 313089903),
(52709625, 313089904),
(52709625, 313089905),
(52709625, 313089906),
(52709626, 313089907),
(52709626, 313089908),
(52709627, 313089909),
(52709627, 313089910),
(52709627, 313089911),
(52709628, 313089912),
(52709628, 313089913),
(52709629, 313089914),
(52709629, 313089915),
(52709629, 313089916),
(52709630, 313089917),
(52709630, 313089918),
(52709631, 313089919),
(52709631, 313089920),
(52709631, 313089921),
(52709632, 313089922),
(52709632, 313089923),
(52709633, 313089924),
(52709633, 313089925),
(52709633, 313089926),
(52709634, 313089927),
(52709634, 313089928),
(52709635, 313089929),
(52709635, 313089930),
(52709635, 313089931),
(52709636, 313089932),
(52709636, 313089933),
(52709637, 313089934),
(52709637, 313089935),
(52709637, 313089936),
(52709638, 313089937),
(52709638, 313089938),
(52709639, 313089939),
(52709639, 313089940),
(52709639, 313089941),
(52709640, 313089942),
(52709640, 313089943),
(52709641, 313089944),
(52709641, 313089945),
(52709641, 313089946),
(52709642, 313089947),
(52709642, 313089948),
(52709643, 313089949),
(52709643, 313089950),
(52709643, 313089951),
(52709644, 313089952),
(52709644, 313089953),
(52709645, 313089954),
(52709645, 313089955),
(52709645, 313089956),
(52709646, 313089957),
(52709646, 313089958),
(52709647, 313089959),
(52709647, 313089960),
(52709647, 313089961),
(52709648, 313089962),
(52709648, 313089963),
(52709649, 313089964),
(52709649, 313089965),
(52709649, 313089966),
(52709650, 313089967),
(52709650, 313089968),
(52709651, 313089969),
(52709651, 313089970),
(52709651, 313089971),
(52709652, 313089972),
(52709652, 313089973),
(52709653, 313089974),
(52709653, 313089975),
(52709653, 313089976),
(52709654, 313089977),
(52709654, 313089978),
(52709655, 313089979),
(52709655, 313089980),
(52709655, 313089981),
(52709656, 313089982),
(52709656, 313089983),
(52709656, 313089984),
(52709657, 313089985),
(52709657, 313089986),
(52709658, 313089987),
(52709658, 313089988),
(52709658, 313089989),
(52709659, 313089990),
(52709659, 313089991),
(52709660, 313089992),
(52709660, 313089993),
(52709660, 313089994),
(52709661, 313089995),
(52709661, 313089996),
(52709662, 313089997),
(52709662, 313089998),
(52709662, 313089999),
(52709663, 313090000),
(52709663, 313090001),
(52709664, 313090002),
(52709664, 313090003),
(52709664, 313090004),
(52709665, 313090005),
(52709665, 313090006),
(52709666, 313090007),
(52709666, 313090008),
(52709666, 313090009),
(52709667, 313090010),
(52709667, 313090011),
(52709668, 313090012),
(52709668, 313090013),
(52709668, 313090014),
(52709669, 313090015),
(52709669, 313090016),
(52709670, 313090017),
(52709670, 313090018),
(52709670, 313090019),
(52709671, 313090020),
(52709671, 313090021),
(52709672, 313090022),
(52709672, 313090023),
(52709672, 313090024),
(52709673, 313090025),
(52709673, 313090026),
(52709674, 313090027),
(52709674, 313090028),
(52709674, 313090029),
(52709675, 313090030),
(52709675, 313090031),
(52709676, 313090032),
(52709676, 313090033),
(52709676, 313090034),
(52709677, 313090035),
(52709677, 313090036),
(52709678, 313090037),
(52709678, 313090038),
(52709678, 313090039),
(52709679, 313090040),
(52709679, 313090041),
(52709680, 313090042),
(52709680, 313090043),
(52709680, 313090044),
(52709681, 313090045),
(52709681, 313090046),
(52709682, 313090047),
(52709682, 313090048),
(52709682, 313090049),
(52709683, 313090050),
(52709683, 313090051),
(52709684, 313090052),
(52709684, 313090053),
(52709684, 313090054),
(52709685, 313090055),
(52709685, 313090056),
(52709686, 313090057),
(52709686, 313090058),
(52709686, 313090059),
(52709687, 313090060),
(52709687, 313090061),
(52709688, 313090062),
(52709688, 313090063),
(52709688, 313090064),
(52709689, 313090065),
(52709689, 313090066),
(52709690, 313090067),
(52709690, 313090068),
(52709690, 313090069),
(52709691, 313090070),
(52709691, 313090071),
(52709692, 313090072),
(52709692, 313090073),
(52709692, 313090074),
(52709693, 313090075),
(52709693, 313090076),
(52709694, 313090077),
(52709694, 313090078),
(52709694, 313090079),
(52709695, 313090080),
(52709695, 313090081),
(52709696, 313090082),
(52709696, 313090083),
(52709696, 313090084),
(52709697, 313090085),
(52709697, 313090086),
(52709698, 313090087),
(52709698, 313090088),
(52709698, 313090089),
(52709699, 313090090),
(52709699, 313090091),
(52709700, 313090092),
(52709700, 313090093),
(52709700, 313090094),
(52709701, 313090095),
(52709701, 313090096),
(52709702, 313090097),
(52709702, 313090098),
(52709702, 313090099),
(52709703, 313090100),
(52709703, 313090101),
(52709704, 313090102),
(52709704, 313090103),
(52709704, 313090104),
(52709705, 313090105),
(52709705, 313090106),
(52709706, 313090107),
(52709706, 313090108),
(52709706, 313090109),
(52709707, 313090110),
(52709707, 313090111),
(52709708, 313090112),
(52709708, 313090113),
(52709708, 313090114),
(52709709, 313090115),
(52709709, 313090116),
(52709710, 313090117),
(52709710, 313090118),
(52709710, 313090119),
(52709711, 313090120),
(52709711, 313090121),
(52709712, 313090122),
(52709712, 313090123),
(52709712, 313090124),
(52709713, 313090125),
(52709713, 313090126),
(52709714, 313090127),
(52709714, 313090128),
(52709714, 313090129),
(52709715, 313090130),
(52709715, 313090131),
(52709716, 313090132),
(52709716, 313090133),
(52709716, 313090134),
(52709717, 313090135),
(52709717, 313090136),
(52709718, 313090137),
(52709718, 313090138),
(52709718, 313090139),
(52709719, 313090140),
(52709719, 313090141),
(52709720, 313090142),
(52709720, 313090143),
(52709720, 313090144),
(52709721, 313090145),
(52709721, 313090146),
(52709722, 313090147),
(52709722, 313090148),
(52709722, 313090149),
(52709723, 313090150),
(52709723, 313090151),
(52709724, 313090152),
(52709724, 313090153),
(52709724, 313090154),
(52709725, 313090155),
(52709725, 313090156),
(52709726, 313090157),
(52709726, 313090158),
(52709726, 313090159),
(52709727, 313090160),
(52709727, 313090161),
(52709728, 313090162),
(52709728, 313090163),
(52709728, 313090164),
(52709729, 313090165),
(52709729, 313090166),
(52709730, 313090167),
(52709730, 313090168),
(52709730, 313090169),
(52709731, 313090170),
(52709731, 313090171),
(52709732, 313090172),
(52709732, 313090173),
(52709732, 313090174),
(52709733, 313090175),
(52709733, 313090176),
(52709734, 313090177),
(52709734, 313090178),
(52709734, 313090179),
(52709735, 313090180),
(52709735, 313090181),
(52709736, 313090182),
(52709736, 313090183),
(52709736, 313090184),
(52709737, 313090185),
(52709737, 313090186),
(52709738, 313090187),
(52709738, 313090188),
(52709738, 313090189),
(52709739, 313090190),
(52709739, 313090191),
(52709740, 313090192),
(52709740, 313090193),
(52709740, 313090194),
(52709741, 313090195),
(52709741, 313090196),
(52709742, 313090197),
(52709742, 313090198),
(52709742, 313090199),
(52709743, 313090200),
(52709743, 313090201),
(52709744, 313090202),
(52709744, 313090203),
(52709744, 313090204),
(52709745, 313090205),
(52709745, 313090206),
(52709746, 313090207),
(52709746, 313090208),
(52709746, 313090209),
(52709747, 313090210),
(52709747, 313090211),
(52709748, 313090212),
(52709748, 313090213),
(52709748, 313090214),
(52709749, 313090215),
(52709749, 313090216),
(52709750, 313090217),
(52709750, 313090218),
(52709750, 313090219),
(52709751, 313090220),
(52709751, 313090221),
(52709752, 313090222),
(52709752, 313090223),
(52709752, 313090224),
(52709753, 313090225),
(52709753, 313090226),
(52709754, 313090227),
(52709754, 313090228),
(52709754, 313090229),
(52709755, 313090230),
(52709755, 313090231),
(52709756, 313090232),
(52709756, 313090233),
(52709756, 313090234),
(52709757, 313090235),
(52709757, 313090236),
(52709758, 313090237),
(52709758, 313090238),
(52709758, 313090239),
(52709759, 313090240),
(52709759, 313090241),
(52709760, 313090242),
(52709760, 313090243),
(52709760, 313090244),
(52709761, 313090245),
(52709761, 313090246),
(52709762, 313090247),
(52709762, 313090248),
(52709762, 313090249),
(52709763, 313090250),
(52709763, 313090251),
(52709764, 313090252),
(52709764, 313090253),
(52709764, 313090254),
(52709765, 313090255),
(52709765, 313090256),
(52709766, 313090257),
(52709766, 313090258),
(52709766, 313090259),
(52709767, 313090260),
(52709767, 313090261),
(52709768, 313090262),
(52709768, 313090263),
(52709768, 313090264),
(52709769, 313090265),
(52709769, 313090266),
(52709770, 313090267),
(52709770, 313090268),
(52709770, 313090269),
(52709771, 313090270),
(52709771, 313090271),
(52709772, 313090272),
(52709772, 313090273),
(52709772, 313090274),
(52709773, 313090275),
(52709773, 313090276),
(52709774, 313090277),
(52709774, 313090278),
(52709774, 313090279),
(52709775, 313090280),
(52709775, 313090281),
(52709776, 313090282),
(52709776, 313090283),
(52709776, 313090284),
(52709777, 313090285),
(52709777, 313090286),
(52709778, 313090287),
(52709778, 313090288),
(52709778, 313090289),
(52709779, 313090290),
(52709779, 313090291),
(52709780, 313090292),
(52709780, 313090293),
(52709780, 313090294),
(52709781, 313090295),
(52709781, 313090296),
(52709782, 313090297),
(52709782, 313090298),
(52709782, 313090299),
(52709783, 313090300),
(52709783, 313090301),
(52709784, 313090302),
(52709784, 313090303),
(52709784, 313090304),
(52709785, 313090305),
(52709785, 313090306),
(52709786, 313090307),
(52709786, 313090308),
(52709786, 313090309),
(52709787, 313090310),
(52709787, 313090311),
(52709788, 313090312),
(52709788, 313090313),
(52709788, 313090314),
(52709789, 313090315),
(52709789, 313090316),
(52709790, 313090317),
(52709790, 313090318),
(52709790, 313090319),
(52709791, 313090320),
(52709791, 313090321),
(52709792, 313090322),
(52709792, 313090323),
(52709792, 313090324),
(52709793, 313090325),
(52709793, 313090326),
(52709794, 313090327),
(52709794, 313090328),
(52709794, 313090329),
(52709795, 313090330),
(52709795, 313090331),
(52709796, 313090332),
(52709796, 313090333),
(52709796, 313090334),
(52709797, 313090335),
(52709797, 313090336),
(52709798, 313090337),
(52709798, 313090338),
(52709798, 313090339),
(52709799, 313090340),
(52709799, 313090341),
(52709800, 313090342),
(52709800, 313090343),
(52709800, 313090344),
(52709801, 313090345),
(52709801, 313090346),
(52709802, 313090347),
(52709802, 313090348),
(52709802, 313090349),
(52709803, 313090350),
(52709803, 313090351),
(52709804, 313090352),
(52709804, 313090353),
(52709804, 313090354),
(52709805, 313090355),
(52709805, 313090356),
(52709806, 313090357),
(52709806, 313090358),
(52709806, 313090359),
(52709807, 313090360),
(52709807, 313090361),
(52709808, 313090362),
(52709808, 313090363),
(52709808, 313090364),
(52709809, 313090365),
(52709809, 313090366),
(52709810, 313090367),
(52709810, 313090368),
(52709810, 313090369),
(52709811, 313090370),
(52709811, 313090371),
(52709812, 313090372),
(52709812, 313090373),
(52709812, 313090374),
(52709813, 313090375),
(52709813, 313090376),
(52709814, 313090377),
(52709814, 313090378),
(52709814, 313090379),
(52709815, 313090380),
(52709815, 313090381),
(52709816, 313090382),
(52709816, 313090383),
(52709816, 313090384),
(52709817, 313090385),
(52709817, 313090386),
(52709818, 313090387),
(52709818, 313090388),
(52709818, 313090389),
(52709819, 313090390),
(52709819, 313090391),
(52709820, 313090392),
(52709820, 313090393),
(52709820, 313090394),
(52709821, 313090395),
(52709821, 313090396),
(52709822, 313090397),
(52709822, 313090398),
(52709822, 313090399),
(52709823, 313090400),
(52709823, 313090401),
(52709824, 313090402),
(52709824, 313090403),
(52709824, 313090404),
(52709825, 313090405),
(52709825, 313090406),
(52709826, 313090407),
(52709826, 313090408),
(52709826, 313090409),
(52709827, 313090410),
(52709827, 313090411),
(52709828, 313090412),
(52709828, 313090413),
(52709828, 313090414),
(52709829, 313090415),
(52709829, 313090416),
(52709830, 313090417),
(52709830, 313090418),
(52709830, 313090419),
(52709831, 313090420),
(52709831, 313090421),
(52709832, 313090422),
(52709832, 313090423),
(52709832, 313090424),
(52709833, 313090425),
(52709833, 313090426),
(52709834, 313090427),
(52709834, 313090428),
(52709834, 313090429),
(52709835, 313090430),
(52709835, 313090431),
(52709836, 313090432),
(52709836, 313090433),
(52709836, 313090434),
(52709837, 313090435),
(52709837, 313090436),
(52709838, 313090437),
(52709838, 313090438),
(52709838, 313090439),
(52709839, 313090440),
(52709839, 313090441),
(52709840, 313090442),
(52709840, 313090443),
(52709840, 313090444),
(52709841, 313090445),
(52709841, 313090446),
(52709842, 313090447),
(52709842, 313090448),
(52709842, 313090449),
(52709843, 313090450),
(52709843, 313090451),
(52709844, 313090452),
(52709844, 313090453),
(52709844, 313090454),
(52709845, 313090455),
(52709845, 313090456),
(52709846, 313090457),
(52709846, 313090458),
(52709846, 313090459),
(52709847, 313090460),
(52709847, 313090461),
(52709848, 313090462),
(52709848, 313090463),
(52709848, 313090464),
(52709849, 313090465),
(52709849, 313090466),
(52709850, 313090467),
(52709850, 313090468),
(52709850, 313090469),
(52709851, 313090470),
(52709851, 313090471),
(52709852, 313090472),
(52709852, 313090473),
(52709852, 313090474),
(52709853, 313090475),
(52709853, 313090476),
(52709854, 313090477),
(52709854, 313090478),
(52709854, 313090479),
(52709855, 313090480),
(52709855, 313090481),
(52709856, 313090482),
(52709856, 313090483),
(52709856, 313090484),
(52709857, 313090485),
(52709857, 313090486),
(52709858, 313090487),
(52709858, 313090488),
(52709858, 313090489),
(52709859, 313090490),
(52709859, 313090491),
(52709860, 313090492),
(52709860, 313090493),
(52709860, 313090494),
(52709861, 313090495),
(52709861, 313090496),
(52709862, 313090497),
(52709862, 313090498),
(52709862, 313090499),
(52709863, 313090500),
(52709863, 313090501),
(52709864, 313090502),
(52709864, 313090503),
(52709864, 313090504),
(52709865, 313090505),
(52709865, 313090506),
(52709866, 313090507),
(52709866, 313090508),
(52709866, 313090509),
(52709867, 313090510),
(52709867, 313090511),
(52709868, 313090512),
(52709868, 313090513),
(52709868, 313090514),
(52709869, 313090515),
(52709869, 313090516),
(52709870, 313090517),
(52709870, 313090518),
(52709870, 313090519),
(52709871, 313090520),
(52709871, 313090521),
(52709872, 313090522),
(52709872, 313090523),
(52709872, 313090524),
(52709873, 313090525),
(52709873, 313090526),
(52709874, 313090527),
(52709874, 313090528),
(52709874, 313090529),
(52709875, 313090530),
(52709875, 313090531),
(52709876, 313090532),
(52709876, 313090533),
(52709876, 313090534),
(52709877, 313090535),
(52709877, 313090536),
(52709878, 313090537),
(52709878, 313090538),
(52709878, 313090539),
(52709879, 313090540),
(52709879, 313090541),
(52709880, 313090542),
(52709880, 313090543),
(52709880, 313090544),
(52709881, 313090545),
(52709881, 313090546),
(52709882, 313090547),
(52709882, 313090548),
(52709882, 313090549),
(52709883, 313090550),
(52709883, 313090551),
(52709884, 313090552),
(52709884, 313090553),
(52709884, 313090554),
(52709885, 313090555),
(52709885, 313090556),
(52709886, 313090557),
(52709886, 313090558),
(52709886, 313090559),
(52709887, 313090560),
(52709887, 313090561),
(52709888, 313090562),
(52709888, 313090563),
(52709888, 313090564),
(52709889, 313090565),
(52709889, 313090566),
(52709890, 313090567),
(52709890, 313090568),
(52709890, 313090569),
(52709891, 313090570),
(52709891, 313090571),
(52709892, 313090572),
(52709892, 313090573),
(52709892, 313090574),
(52709893, 313090575),
(52709893, 313090576),
(52709894, 313090577),
(52709894, 313090578),
(52709894, 313090579),
(52709895, 313090580),
(52709895, 313090581),
(52709896, 313090582),
(52709896, 313090583),
(52709896, 313090584),
(52709897, 313090585),
(52709897, 313090586),
(52709898, 313090587),
(52709898, 313090588),
(52709898, 313090589),
(52709899, 313090590),
(52709899, 313090591),
(52709900, 313090592),
(52709900, 313090593),
(52709900, 313090594),
(52709901, 313090595),
(52709901, 313090596),
(52709902, 313090597),
(52709902, 313090598),
(52709902, 313090599),
(52709903, 313090600),
(52709903, 313090601),
(52709904, 313090602),
(52709904, 313090603),
(52709904, 313090604),
(52709905, 313090605),
(52709905, 313090606),
(52709906, 313090607),
(52709906, 313090608),
(52709906, 313090609),
(52709907, 313090610),
(52709907, 313090611),
(52709908, 313090612),
(52709908, 313090613),
(52709908, 313090614),
(52709909, 313090615),
(52709909, 313090616),
(52709910, 313090617),
(52709910, 313090618),
(52709910, 313090619),
(52709911, 313090620),
(52709911, 313090621),
(52709912, 313090622),
(52709912, 313090623),
(52709912, 313090624),
(52709913, 313090625),
(52709913, 313090626),
(52709914, 313090627),
(52709914, 313090628),
(52709914, 313090629),
(52709915, 313090630),
(52709915, 313090631),
(52709916, 313090632),
(52709916, 313090633),
(52709916, 313090634),
(52709917, 313090635),
(52709917, 313090636),
(52709918, 313090637),
(52709918, 313090638),
(52709918, 313090639),
(52709919, 313090640),
(52709919, 313090641),
(52709920, 313090642),
(52709920, 313090643),
(52709920, 313090644),
(52709921, 313090645),
(52709921, 313090646),
(52709922, 313090647),
(52709922, 313090648),
(52709922, 313090649),
(52709923, 313090650),
(52709923, 313090651),
(52709924, 313090652),
(52709924, 313090653),
(52709924, 313090654),
(52709925, 313090655),
(52709925, 313090656),
(52709926, 313090657),
(52709926, 313090658),
(52709926, 313090659),
(52709927, 313090660),
(52709927, 313090661),
(52709928, 313090662),
(52709928, 313090663),
(52709928, 313090664),
(52709929, 313090665),
(52709929, 313090666),
(52709930, 313090667),
(52709930, 313090668),
(52709930, 313090669),
(52709931, 313090670),
(52709931, 313090671),
(52709932, 313090672),
(52709932, 313090673),
(52709932, 313090674),
(52709933, 313090675),
(52709933, 313090676),
(52709934, 313090677),
(52709934, 313090678),
(52709934, 313090679),
(52709935, 313090680),
(52709935, 313090681),
(52709936, 313090682),
(52709936, 313090683),
(52709936, 313090684),
(52709937, 313090685),
(52709937, 313090686),
(52709938, 313090687),
(52709938, 313090688),
(52709938, 313090689),
(52709939, 313090690),
(52709939, 313090691),
(52709940, 313090692),
(52709940, 313090693),
(52709940, 313090694),
(52709941, 313090695),
(52709941, 313090696),
(52709942, 313090697),
(52709942, 313090698),
(52709942, 313090699),
(52709943, 313090700),
(52709943, 313090701),
(52709944, 313090702),
(52709944, 313090703),
(52709944, 313090704),
(52709945, 313090705),
(52709945, 313090706),
(52709946, 313090707),
(52709946, 313090708),
(52709946, 313090709),
(52709947, 313090710),
(52709947, 313090711),
(52709948, 313090712),
(52709948, 313090713),
(52709948, 313090714),
(52709949, 313090715),
(52709949, 313090716),
(52709950, 313090717),
(52709950, 313090718),
(52709950, 313090719),
(52709951, 313090720),
(52709951, 313090721),
(52709952, 313090722),
(52709952, 313090723),
(52709952, 313090724),
(52709953, 313090725),
(52709953, 313090726),
(52709954, 313090727),
(52709954, 313090728),
(52709954, 313090729),
(52709955, 313090730),
(52709955, 313090731),
(52709956, 313090732),
(52709956, 313090733),
(52709956, 313090734),
(52709957, 313090735),
(52709957, 313090736),
(52709958, 313090737),
(52709958, 313090738),
(52709958, 313090739),
(52709959, 313090740),
(52709959, 313090741),
(52709960, 313090742),
(52709960, 313090743),
(52709960, 313090744),
(52709961, 313090745),
(52709961, 313090746),
(52709962, 313090747),
(52709962, 313090748),
(52709962, 313090749),
(52709963, 313090750),
(52709963, 313090751),
(52709964, 313090752),
(52709964, 313090753),
(52709964, 313090754),
(52709965, 313090755),
(52709965, 313090756),
(52709966, 313090757),
(52709966, 313090758),
(52709966, 313090759),
(52709967, 313090760),
(52709967, 313090761),
(52709968, 313090762),
(52709968, 313090763),
(52709968, 313090764),
(52709969, 313090765),
(52709969, 313090766),
(52709970, 313090767),
(52709970, 313090768),
(52709970, 313090769),
(52709971, 313090770),
(52709971, 313090771),
(52709972, 313090772),
(52709972, 313090773),
(52709972, 313090774),
(52709973, 313090775),
(52709973, 313090776),
(52709974, 313090777),
(52709974, 313090778),
(52709974, 313090779),
(52709975, 313090780),
(52709975, 313090781),
(52709976, 313090782),
(52709976, 313090783),
(52709976, 313090784),
(52709977, 313090785),
(52709977, 313090786),
(52709978, 313090787),
(52709978, 313090788),
(52709978, 313090789),
(52709979, 313090790),
(52709979, 313090791),
(52709980, 313090792),
(52709980, 313090793),
(52709980, 313090794),
(52709981, 313090795),
(52709981, 313090796),
(52709982, 313090797),
(52709982, 313090798),
(52709982, 313090799),
(52709983, 313090800),
(52709983, 313090801),
(52709984, 313090802),
(52709984, 313090803),
(52709984, 313090804),
(52709985, 313090805),
(52709985, 313090806),
(52709986, 313090807),
(52709986, 313090808),
(52709986, 313090809),
(52709987, 313090810),
(52709987, 313090811),
(52709988, 313090812),
(52709988, 313090813),
(52709988, 313090814),
(52709989, 313090815),
(52709989, 313090816),
(52709990, 313090817),
(52709990, 313090818),
(52709990, 313090819),
(52709991, 313090820),
(52709991, 313090821),
(52709992, 313090822),
(52709992, 313090823),
(52709992, 313090824),
(52709993, 313090825),
(52709993, 313090826),
(52709994, 313090827),
(52709994, 313090828),
(52709994, 313090829),
(52709995, 313090830),
(52709995, 313090831),
(52709996, 313090832),
(52709996, 313090833),
(52709996, 313090834),
(52709997, 313090835),
(52709997, 313090836),
(52709998, 313090837),
(52709998, 313090838),
(52709998, 313090839),
(52709999, 313090840),
(52709999, 313090841),
(52710000, 313090842),
(52710000, 313090843),
(52710000, 313090844),
(52710001, 313090845),
(52710001, 313090846),
(52710002, 313090847),
(52710002, 313090848),
(52710002, 313090849),
(52710003, 313090850),
(52710003, 313090851),
(52710004, 313090852),
(52710004, 313090853),
(52710004, 313090854),
(52710005, 313090855),
(52710005, 313090856),
(52710006, 313090857),
(52710006, 313090858),
(52710006, 313090859),
(52710007, 313090860),
(52710007, 313090861),
(52710008, 313090862),
(52710008, 313090863),
(52710008, 313090864),
(52710009, 313090865),
(52710009, 313090866),
(52710010, 313090867),
(52710010, 313090868),
(52710010, 313090869),
(52710011, 313090870),
(52710011, 313090871),
(52710012, 313090872),
(52710012, 313090873),
(52710012, 313090874),
(52710013, 313090875),
(52710013, 313090876),
(52710014, 313090877),
(52710014, 313090878),
(52710014, 313090879),
(52710015, 313090880),
(52710015, 313090881),
(52710016, 313090882),
(52710016, 313090883),
(52710016, 313090884),
(52710017, 313090885),
(52710017, 313090886),
(52710018, 313090887),
(52710018, 313090888),
(52710018, 313090889),
(52710019, 313090890),
(52710019, 313090891),
(52710020, 313090892),
(52710020, 313090893),
(52710020, 313090894),
(52710021, 313090895),
(52710021, 313090896),
(52710022, 313090897),
(52710022, 313090898),
(52710022, 313090899),
(52710023, 313090900),
(52710023, 313090901),
(52710024, 313090902),
(52710024, 313090903),
(52710024, 313090904),
(52710025, 313090905),
(52710025, 313090906),
(52710026, 313090907),
(52710026, 313090908),
(52710026, 313090909),
(52710027, 313090910),
(52710027, 313090911),
(52710028, 313090912),
(52710028, 313090913),
(52710028, 313090914),
(52710029, 313090915),
(52710029, 313090916),
(52710030, 313090917),
(52710030, 313090918),
(52710030, 313090919),
(52710031, 313090920),
(52710031, 313090921),
(52710032, 313090922),
(52710032, 313090923),
(52710032, 313090924),
(52710033, 313090925),
(52710033, 313090926),
(52710034, 313090927),
(52710034, 313090928),
(52710034, 313090929),
(52710035, 313090930),
(52710035, 313090931),
(52710036, 313090932),
(52710036, 313090933),
(52710036, 313090934),
(52710037, 313090935),
(52710037, 313090936),
(52710038, 313090937),
(52710038, 313090938),
(52710038, 313090939),
(52710039, 313090940),
(52710039, 313090941),
(52710040, 313090942),
(52710040, 313090943),
(52710040, 313090944),
(52710041, 313090945),
(52710041, 313090946),
(52710042, 313090947),
(52710042, 313090948),
(52710042, 313090949),
(52710043, 313090950),
(52710043, 313090951),
(52710044, 313090952),
(52710044, 313090953),
(52710044, 313090954),
(52710045, 313090955),
(52710045, 313090956),
(52710046, 313090957),
(52710046, 313090958),
(52710046, 313090959),
(52710047, 313090960),
(52710047, 313090961),
(52710048, 313090962),
(52710048, 313090963),
(52710048, 313090964),
(52710049, 313090965),
(52710049, 313090966),
(52710050, 313090967),
(52710050, 313090968),
(52710050, 313090969),
(52710051, 313090970),
(52710051, 313090971),
(52710052, 313090972),
(52710052, 313090973),
(52710052, 313090974),
(52710053, 313090975),
(52710053, 313090976),
(52710054, 313090977),
(52710054, 313090978),
(52710054, 313090979),
(52710055, 313090980),
(52710055, 313090981),
(52710056, 313090982),
(52710056, 313090983),
(52710056, 313090984),
(52710057, 313090985),
(52710057, 313090986),
(52710058, 313090987),
(52710058, 313090988),
(52710058, 313090989),
(52710059, 313090990),
(52710059, 313090991),
(52710060, 313090992),
(52710060, 313090993),
(52710060, 313090994),
(52710061, 313090995),
(52710061, 313090996),
(52710062, 313090997),
(52710062, 313090998),
(52710062, 313090999),
(52710063, 313091000),
(52710063, 313091001),
(52710064, 313091002),
(52710064, 313091003),
(52710064, 313091004),
(52710065, 313091005),
(52710065, 313091006),
(52710066, 313091007),
(52710066, 313091008),
(52710066, 313091009),
(52710067, 313091010),
(52710067, 313091011),
(52710068, 313091012),
(52710068, 313091013),
(52710068, 313091014),
(52710069, 313091015),
(52710069, 313091016),
(52710070, 313091017),
(52710070, 313091018),
(52710070, 313091019),
(52710071, 313091020),
(52710071, 313091021),
(52710072, 313091022),
(52710072, 313091023),
(52710072, 313091024),
(52710073, 313091025),
(52710073, 313091026),
(52710074, 313091027),
(52710074, 313091028),
(52710074, 313091029),
(52710075, 313091030),
(52710075, 313091031),
(52710076, 313091032),
(52710076, 313091033),
(52710076, 313091034),
(52710077, 313091035),
(52710077, 313091036),
(52710078, 313091037),
(52710078, 313091038),
(52710078, 313091039),
(52710079, 313091040),
(52710079, 313091041),
(52710080, 313091042),
(52710080, 313091043),
(52710080, 313091044),
(52710081, 313091045),
(52710081, 313091046),
(52710082, 313091047),
(52710082, 313091048),
(52710082, 313091049),
(52710083, 313091050),
(52710083, 313091051),
(52710084, 313091052),
(52710084, 313091053),
(52710084, 313091054),
(52710085, 313091055),
(52710085, 313091056),
(52710086, 313091057),
(52710086, 313091058),
(52710086, 313091059),
(52710087, 313091060),
(52710087, 313091061),
(52710088, 313091062),
(52710088, 313091063),
(52710088, 313091064),
(52710089, 313091065),
(52710089, 313091066),
(52710090, 313091067),
(52710090, 313091068),
(52710090, 313091069),
(52710091, 313091070),
(52710091, 313091071),
(52710092, 313091072),
(52710092, 313091073),
(52710092, 313091074),
(52710093, 313091075),
(52710093, 313091076),
(52710094, 313091077),
(52710094, 313091078),
(52710094, 313091079),
(52710095, 313091080),
(52710095, 313091081),
(52710096, 313091082),
(52710096, 313091083),
(52710096, 313091084),
(52710097, 313091085),
(52710097, 313091086),
(52710098, 313091087),
(52710098, 313091088),
(52710098, 313091089),
(52710099, 313091090),
(52710099, 313091091),
(52710100, 313091092),
(52710100, 313091093),
(52710100, 313091094),
(52710101, 313091095),
(52710101, 313091096),
(52710102, 313091097),
(52710102, 313091098),
(52710102, 313091099),
(52710103, 313091100),
(52710103, 313091101),
(52710104, 313091102),
(52710104, 313091103),
(52710104, 313091104),
(52710105, 313091105),
(52710105, 313091106),
(52710106, 313091107),
(52710106, 313091108),
(52710106, 313091109),
(52710107, 313091110),
(52710107, 313091111),
(52710108, 313091112),
(52710108, 313091113),
(52710108, 313091114),
(52710109, 313091115),
(52710109, 313091116),
(52710110, 313091117),
(52710110, 313091118),
(52710110, 313091119),
(52710111, 313091120),
(52710111, 313091121),
(52710112, 313091122),
(52710112, 313091123),
(52710112, 313091124),
(52710113, 313091125),
(52710113, 313091126),
(52710114, 313091127),
(52710114, 313091128),
(52710114, 313091129),
(52710115, 313091130),
(52710115, 313091131),
(52710116, 313091132),
(52710116, 313091133),
(52710116, 313091134),
(52710117, 313091135),
(52710117, 313091136),
(52710118, 313091137),
(52710118, 313091138),
(52710118, 313091139),
(52710119, 313091140),
(52710119, 313091141),
(52710120, 313091142),
(52710120, 313091143),
(52710120, 313091144),
(52710121, 313091145),
(52710121, 313091146),
(52710122, 313091147),
(52710122, 313091148),
(52710122, 313091149),
(52710123, 313091150),
(52710123, 313091151),
(52710124, 313091152),
(52710124, 313091153),
(52710124, 313091154),
(52710125, 313091155),
(52710125, 313091156),
(52710126, 313091157),
(52710126, 313091158),
(52710126, 313091159),
(52710127, 313091160),
(52710127, 313091161),
(52710128, 313091162),
(52710128, 313091163),
(52710128, 313091164),
(52710129, 313091165),
(52710129, 313091166),
(52710130, 313091167),
(52710130, 313091168),
(52710130, 313091169),
(52710131, 313091170),
(52710131, 313091171),
(52710132, 313091172),
(52710132, 313091173),
(52710132, 313091174),
(52710133, 313091175),
(52710133, 313091176),
(52710134, 313091177),
(52710134, 313091178),
(52710134, 313091179),
(52710135, 313091180),
(52710135, 313091181),
(52710136, 313091182),
(52710136, 313091183),
(52710136, 313091184),
(52710137, 313091185),
(52710137, 313091186),
(52710138, 313091187),
(52710138, 313091188),
(52710138, 313091189),
(52710139, 313091190),
(52710139, 313091191),
(52710140, 313091192),
(52710140, 313091193),
(52710140, 313091194),
(52710141, 313091195),
(52710141, 313091196),
(52710142, 313091197),
(52710142, 313091198),
(52710142, 313091199),
(52710143, 313091200),
(52710143, 313091201),
(52710144, 313091202),
(52710144, 313091203),
(52710144, 313091204),
(52710145, 313091205),
(52710145, 313091206),
(52710146, 313091207),
(52710146, 313091208),
(52710146, 313091209),
(52710147, 313091210),
(52710147, 313091211),
(52710148, 313091212),
(52710148, 313091213),
(52710148, 313091214),
(52710149, 313091215),
(52710149, 313091216),
(52710150, 313091217),
(52710150, 313091218),
(52710150, 313091219),
(52710151, 313091220),
(52710151, 313091221),
(52710152, 313091222),
(52710152, 313091223),
(52710152, 313091224),
(52710153, 313091225),
(52710153, 313091226),
(52710154, 313091227),
(52710154, 313091228),
(52710154, 313091229),
(52710155, 313091230),
(52710155, 313091231),
(52710156, 313091232),
(52710156, 313091233),
(52710156, 313091234),
(52710157, 313091235),
(52710157, 313091236),
(52710158, 313091237),
(52710158, 313091238),
(52710158, 313091239),
(52710159, 313091240),
(52710159, 313091241),
(52710160, 313091242),
(52710160, 313091243),
(52710160, 313091244),
(52710161, 313091245),
(52710161, 313091246),
(52710162, 313091247),
(52710162, 313091248),
(52710162, 313091249),
(52710163, 313091250),
(52710163, 313091251),
(52710164, 313091252),
(52710164, 313091253),
(52710164, 313091254),
(52710165, 313091255),
(52710165, 313091256),
(52710166, 313091257),
(52710166, 313091258),
(52710166, 313091259),
(52710167, 313091260),
(52710167, 313091261),
(52710168, 313091262),
(52710168, 313091263),
(52710168, 313091264),
(52710169, 313091265),
(52710169, 313091266),
(52710170, 313091267),
(52710170, 313091268),
(52710170, 313091269),
(52710171, 313091270),
(52710171, 313091271),
(52710172, 313091272),
(52710172, 313091273),
(52710172, 313091274),
(52710173, 313091275),
(52710173, 313091276),
(52710174, 313091277),
(52710174, 313091278),
(52710174, 313091279),
(52710175, 313091280),
(52710175, 313091281),
(52710176, 313091282),
(52710176, 313091283),
(52710176, 313091284),
(52710177, 313091285),
(52710177, 313091286),
(52710178, 313091287),
(52710178, 313091288),
(52710178, 313091289),
(52710179, 313091290),
(52710179, 313091291),
(52710180, 313091292),
(52710180, 313091293),
(52710180, 313091294),
(52710181, 313091295),
(52710181, 313091296),
(52710182, 313091297),
(52710182, 313091298),
(52710182, 313091299),
(52710183, 313091300),
(52710183, 313091301),
(52710184, 313091302),
(52710184, 313091303),
(52710184, 313091304),
(52710185, 313091305),
(52710185, 313091306),
(52710186, 313091307),
(52710186, 313091308),
(52710186, 313091309),
(52710187, 313091310),
(52710187, 313091311),
(52710188, 313091312),
(52710188, 313091313),
(52710188, 313091314),
(52710189, 313091315),
(52710189, 313091316),
(52710190, 313091317),
(52710190, 313091318),
(52710190, 313091319),
(52710191, 313091320),
(52710191, 313091321),
(52710192, 313091322),
(52710192, 313091323),
(52710192, 313091324),
(52710193, 313091325),
(52710193, 313091326),
(52710194, 313091327),
(52710194, 313091328),
(52710194, 313091329),
(52710195, 313091330),
(52710195, 313091331),
(52710196, 313091332),
(52710196, 313091333),
(52710196, 313091334),
(52710197, 313091335),
(52710197, 313091336),
(52710198, 313091337),
(52710198, 313091338),
(52710198, 313091339),
(52710199, 313091340),
(52710199, 313091341),
(52710200, 313091342),
(52710200, 313091343),
(52710200, 313091344),
(52710201, 313091345),
(52710201, 313091346),
(52710202, 313091347),
(52710202, 313091348),
(52710202, 313091349),
(52710203, 313091350),
(52710203, 313091351),
(52710204, 313091352),
(52710204, 313091353),
(52710204, 313091354),
(52710205, 313091355),
(52710205, 313091356),
(52710206, 313091357),
(52710206, 313091358),
(52710206, 313091359),
(52710207, 313091360),
(52710207, 313091361),
(52710208, 313091362),
(52710208, 313091363),
(52710208, 313091364),
(52710209, 313091365),
(52710209, 313091366),
(52710210, 313091367),
(52710210, 313091368),
(52710210, 313091369),
(52710211, 313091370),
(52710211, 313091371),
(52710212, 313091372),
(52710212, 313091373),
(52710212, 313091374),
(52710213, 313091375),
(52710213, 313091376),
(52710214, 313091377),
(52710214, 313091378),
(52710214, 313091379),
(52710215, 313091380),
(52710215, 313091381),
(52710216, 313091382),
(52710216, 313091383),
(52710216, 313091384),
(52710217, 313091385),
(52710217, 313091386),
(52710218, 313091387),
(52710218, 313091388),
(52710218, 313091389),
(52710219, 313091390),
(52710219, 313091391),
(52710220, 313091392),
(52710220, 313091393),
(52710220, 313091394),
(52710221, 313091395),
(52710221, 313091396),
(52710222, 313091397),
(52710222, 313091398),
(52710222, 313091399),
(52710223, 313091400),
(52710223, 313091401),
(52710224, 313091402),
(52710224, 313091403),
(52710224, 313091404),
(52710225, 313091405),
(52710225, 313091406),
(52710226, 313091407),
(52710226, 313091408),
(52710226, 313091409),
(52710227, 313091410),
(52710227, 313091411),
(52710228, 313091412),
(52710228, 313091413),
(52710228, 313091414),
(52710229, 313091415),
(52710229, 313091416),
(52710230, 313091417),
(52710230, 313091418),
(52710230, 313091419),
(52710231, 313091420),
(52710231, 313091421),
(52710232, 313091422),
(52710232, 313091423),
(52710232, 313091424),
(52710233, 313091425),
(52710233, 313091426),
(52710234, 313091427),
(52710234, 313091428),
(52710234, 313091429),
(52710235, 313091430),
(52710235, 313091431),
(52710236, 313091432),
(52710236, 313091433),
(52710236, 313091434),
(52710237, 313091435),
(52710237, 313091436),
(52710238, 313091437),
(52710238, 313091438),
(52710238, 313091439),
(52710239, 313091440),
(52710239, 313091441),
(52710240, 313091442),
(52710240, 313091443),
(52710240, 313091444),
(52710241, 313091445),
(52710241, 313091446),
(52710242, 313091447),
(52710242, 313091448),
(52710242, 313091449),
(52710243, 313091450),
(52710243, 313091451),
(52710244, 313091452),
(52710244, 313091453),
(52710244, 313091454),
(52710245, 313091455),
(52710245, 313091456),
(52710246, 313091457),
(52710246, 313091458),
(52710246, 313091459),
(52710247, 313091460),
(52710247, 313091461),
(52710248, 313091462),
(52710248, 313091463),
(52710248, 313091464),
(52710249, 313091465),
(52710249, 313091466),
(52710250, 313091467),
(52710250, 313091468),
(52710250, 313091469),
(52710251, 313091470),
(52710251, 313091471),
(52710252, 313091472),
(52710252, 313091473),
(52710252, 313091474),
(52710253, 313091475),
(52710253, 313091476),
(52710254, 313091477),
(52710254, 313091478),
(52710254, 313091479),
(52710255, 313091480),
(52710255, 313091481),
(52710256, 313091482),
(52710256, 313091483),
(52710256, 313091484),
(52710257, 313091485),
(52710257, 313091486),
(52710258, 313091487),
(52710258, 313091488),
(52710258, 313091489),
(52710259, 313091490),
(52710259, 313091491),
(52710260, 313091492),
(52710260, 313091493),
(52710260, 313091494),
(52710261, 313091495),
(52710261, 313091496),
(52710262, 313091497),
(52710262, 313091498),
(52710262, 313091499),
(52710263, 313091500),
(52710263, 313091501),
(52710264, 313091502),
(52710264, 313091503),
(52710264, 313091504),
(52710265, 313091505),
(52710265, 313091506),
(52710266, 313091507),
(52710266, 313091508),
(52710266, 313091509),
(52710267, 313091510),
(52710267, 313091511),
(52710268, 313091512),
(52710268, 313091513),
(52710268, 313091514),
(52710269, 313091515),
(52710269, 313091516),
(52710270, 313091517),
(52710270, 313091518),
(52710270, 313091519),
(52710271, 313091520),
(52710271, 313091521),
(52710272, 313091522),
(52710272, 313091523),
(52710272, 313091524),
(52710273, 313091525),
(52710273, 313091526),
(52710274, 313091527),
(52710274, 313091528),
(52710274, 313091529),
(52710275, 313091530),
(52710275, 313091531),
(52710276, 313091532),
(52710276, 313091533),
(52710276, 313091534),
(52710277, 313091535),
(52710277, 313091536),
(52710278, 313091537),
(52710278, 313091538),
(52710278, 313091539),
(52710279, 313091540),
(52710279, 313091541),
(52710280, 313091542),
(52710280, 313091543),
(52710280, 313091544),
(52710281, 313091545),
(52710281, 313091546),
(52710282, 313091547),
(52710282, 313091548),
(52710282, 313091549),
(52710283, 313091550),
(52710283, 313091551),
(52710284, 313091552),
(52710284, 313091553),
(52710284, 313091554),
(52710285, 313091555),
(52710285, 313091556),
(52710286, 313091557),
(52710286, 313091558),
(52710286, 313091559),
(52710287, 313091560),
(52710287, 313091561),
(52710288, 313091562),
(52710288, 313091563),
(52710288, 313091564),
(52710289, 313091565),
(52710289, 313091566),
(52710290, 313091567),
(52710290, 313091568),
(52710290, 313091569),
(52710291, 313091570),
(52710291, 313091571),
(52710292, 313091572),
(52710292, 313091573),
(52710292, 313091574),
(52710293, 313091575),
(52710293, 313091576),
(52710294, 313091577),
(52710294, 313091578),
(52710294, 313091579),
(52710295, 313091580),
(52710295, 313091581),
(52710296, 313091582),
(52710296, 313091583),
(52710296, 313091584),
(52710297, 313091585),
(52710297, 313091586),
(52710298, 313091587),
(52710298, 313091588),
(52710298, 313091589),
(52710299, 313091590),
(52710299, 313091591),
(52710300, 313091592),
(52710300, 313091593),
(52710300, 313091594),
(52710301, 313091595),
(52710301, 313091596),
(52710302, 313091597),
(52710302, 313091598),
(52710302, 313091599),
(52710303, 313091600),
(52710303, 313091601),
(52710304, 313091602),
(52710304, 313091603),
(52710304, 313091604),
(52710305, 313091605),
(52710305, 313091606),
(52710306, 313091607),
(52710306, 313091608),
(52710306, 313091609),
(52710307, 313091610),
(52710307, 313091611),
(52710308, 313091612),
(52710308, 313091613),
(52710308, 313091614),
(52710309, 313091615),
(52710309, 313091616),
(52710310, 313091617),
(52710310, 313091618),
(52710310, 313091619),
(52710311, 313091620),
(52710311, 313091621),
(52710312, 313091622),
(52710312, 313091623),
(52710312, 313091624),
(52710313, 313091625),
(52710313, 313091626),
(52710314, 313091627),
(52710314, 313091628),
(52710314, 313091629),
(52710315, 313091630),
(52710315, 313091631),
(52710316, 313091632),
(52710316, 313091633),
(52710316, 313091634),
(52710317, 313091635),
(52710317, 313091636),
(52710318, 313091637),
(52710318, 313091638),
(52710318, 313091639),
(52710319, 313091640),
(52710319, 313091641),
(52710320, 313091642),
(52710320, 313091643),
(52710320, 313091644),
(52710321, 313091645),
(52710321, 313091646),
(52710322, 313091647),
(52710322, 313091648),
(52710322, 313091649),
(52710323, 313091650),
(52710323, 313091651),
(52710324, 313091652),
(52710324, 313091653),
(52710324, 313091654),
(52710325, 313091655),
(52710325, 313091656),
(52710326, 313091657),
(52710326, 313091658),
(52710326, 313091659),
(52710327, 313091660),
(52710327, 313091661),
(52710328, 313091662),
(52710328, 313091663),
(52710328, 313091664),
(52710329, 313091665),
(52710329, 313091666),
(52710330, 313091667),
(52710330, 313091668),
(52710330, 313091669),
(52710331, 313091670),
(52710331, 313091671),
(52710332, 313091672),
(52710332, 313091673),
(52710332, 313091674),
(52710333, 313091675),
(52710333, 313091676),
(52710334, 313091677),
(52710334, 313091678),
(52710334, 313091679),
(52710335, 313091680),
(52710335, 313091681),
(52710336, 313091682),
(52710336, 313091683),
(52710336, 313091684),
(52710337, 313091685),
(52710337, 313091686),
(52710338, 313091687),
(52710338, 313091688),
(52710338, 313091689),
(52710339, 313091690),
(52710339, 313091691),
(52710340, 313091692),
(52710340, 313091693),
(52710340, 313091694),
(52710341, 313091695),
(52710341, 313091696),
(52710342, 313091697),
(52710342, 313091698),
(52710342, 313091699),
(52710343, 313091700),
(52710343, 313091701),
(52710344, 313091702),
(52710344, 313091703),
(52710344, 313091704),
(52710345, 313091705),
(52710345, 313091706),
(52710346, 313091707),
(52710346, 313091708),
(52710346, 313091709),
(52710347, 313091710),
(52710347, 313091711),
(52710348, 313091712),
(52710348, 313091713),
(52710348, 313091714),
(52710349, 313091715),
(52710349, 313091716),
(52710350, 313091717),
(52710350, 313091718),
(52710350, 313091719),
(52710351, 313091720),
(52710351, 313091721),
(52710352, 313091722),
(52710352, 313091723),
(52710352, 313091724),
(52710353, 313091725),
(52710353, 313091726),
(52710354, 313091727),
(52710354, 313091728),
(52710354, 313091729),
(52710355, 313091730),
(52710355, 313091731),
(52710356, 313091732),
(52710356, 313091733),
(52710356, 313091734),
(52710357, 313091735),
(52710357, 313091736),
(52710358, 313091737),
(52710358, 313091738),
(52710358, 313091739),
(52710359, 313091740),
(52710359, 313091741),
(52710360, 313091742),
(52710360, 313091743),
(52710360, 313091744),
(52710361, 313091745),
(52710361, 313091746),
(52710362, 313091747),
(52710362, 313091748),
(52710362, 313091749),
(52710363, 313091750),
(52710363, 313091751),
(52710364, 313091752),
(52710364, 313091753),
(52710364, 313091754),
(52710365, 313091755),
(52710365, 313091756),
(52710366, 313091757),
(52710366, 313091758),
(52710366, 313091759),
(52710367, 313091760),
(52710367, 313091761),
(52710368, 313091762),
(52710368, 313091763),
(52710368, 313091764),
(52710369, 313091765),
(52710369, 313091766),
(52710370, 313091767),
(52710370, 313091768),
(52710370, 313091769),
(52710371, 313091770),
(52710371, 313091771),
(52710372, 313091772),
(52710372, 313091773),
(52710372, 313091774),
(52710373, 313091775),
(52710373, 313091776),
(52710374, 313091777),
(52710374, 313091778),
(52710374, 313091779),
(52710375, 313091780),
(52710375, 313091781),
(52710376, 313091782),
(52710376, 313091783),
(52710376, 313091784),
(52710377, 313091785),
(52710377, 313091786),
(52710378, 313091787),
(52710378, 313091788),
(52710378, 313091789),
(52710379, 313091790),
(52710379, 313091791),
(52710380, 313091792),
(52710380, 313091793),
(52710380, 313091794),
(52710381, 313091795),
(52710381, 313091796),
(52710382, 313091797),
(52710382, 313091798),
(52710382, 313091799),
(52710383, 313091800),
(52710383, 313091801),
(52710384, 313091802),
(52710384, 313091803),
(52710384, 313091804),
(52710385, 313091805),
(52710385, 313091806),
(52710386, 313091807),
(52710386, 313091808),
(52710386, 313091809),
(52710387, 313091810),
(52710387, 313091811),
(52710388, 313091812),
(52710388, 313091813),
(52710388, 313091814),
(52710389, 313091815),
(52710389, 313091816),
(52710390, 313091817),
(52710390, 313091818),
(52710390, 313091819),
(52710391, 313091820),
(52710391, 313091821),
(52710392, 313091822),
(52710392, 313091823),
(52710392, 313091824),
(52710393, 313091825),
(52710393, 313091826),
(52710394, 313091827),
(52710394, 313091828),
(52710394, 313091829),
(52710395, 313091830),
(52710395, 313091831),
(52710396, 313091832),
(52710396, 313091833),
(52710396, 313091834),
(52710397, 313091835),
(52710397, 313091836),
(52710398, 313091837),
(52710398, 313091838),
(52710398, 313091839),
(52710399, 313091840),
(52710399, 313091841),
(52710400, 313091842),
(52710400, 313091843),
(52710400, 313091844),
(52710401, 313091845),
(52710401, 313091846),
(52710402, 313091847),
(52710402, 313091848),
(52710402, 313091849),
(52710403, 313091850),
(52710403, 313091851),
(52710404, 313091852),
(52710404, 313091853),
(52710404, 313091854),
(52710405, 313091855),
(52710405, 313091856),
(52710406, 313091857),
(52710406, 313091858),
(52710406, 313091859),
(52710407, 313091860),
(52710407, 313091861),
(52710408, 313091862),
(52710408, 313091863),
(52710408, 313091864),
(52710409, 313091865),
(52710409, 313091866),
(52710410, 313091867),
(52710410, 313091868),
(52710410, 313091869),
(52710411, 313091870),
(52710411, 313091871),
(52710412, 313091872),
(52710412, 313091873),
(52710412, 313091874),
(52710413, 313091875),
(52710413, 313091876),
(52710414, 313091877),
(52710414, 313091878),
(52710414, 313091879),
(52710415, 313091880),
(52710415, 313091881),
(52710416, 313091882),
(52710416, 313091883),
(52710416, 313091884),
(52710417, 313091885),
(52710417, 313091886),
(52710418, 313091887),
(52710418, 313091888),
(52710418, 313091889),
(52710419, 313091890),
(52710419, 313091891),
(52710420, 313091892),
(52710420, 313091893),
(52710420, 313091894),
(52710421, 313091895),
(52710421, 313091896),
(52710422, 313091897),
(52710422, 313091898),
(52710422, 313091899),
(52710423, 313091900),
(52710423, 313091901),
(52710424, 313091902),
(52710424, 313091903),
(52710424, 313091904),
(52710425, 313091905),
(52710425, 313091906),
(52710426, 313091907),
(52710426, 313091908),
(52710426, 313091909),
(52710427, 313091910),
(52710427, 313091911),
(52710428, 313091912),
(52710428, 313091913),
(52710428, 313091914),
(52710429, 313091915),
(52710429, 313091916),
(52710430, 313091917),
(52710430, 313091918),
(52710430, 313091919),
(52710431, 313091920),
(52710431, 313091921),
(52710432, 313091922),
(52710432, 313091923),
(52710432, 313091924),
(52710433, 313091925),
(52710433, 313091926),
(52710434, 313091927),
(52710434, 313091928),
(52710434, 313091929),
(52710435, 313091930),
(52710435, 313091931),
(52710436, 313091932),
(52710436, 313091933),
(52710436, 313091934),
(52710437, 313091935),
(52710437, 313091936),
(52710438, 313091937),
(52710438, 313091938),
(52710438, 313091939),
(52710439, 313091940),
(52710439, 313091941),
(52710440, 313091942),
(52710440, 313091943),
(52710440, 313091944),
(52710441, 313091945),
(52710441, 313091946),
(52710442, 313091947),
(52710442, 313091948),
(52710442, 313091949),
(52710443, 313091950),
(52710443, 313091951),
(52710444, 313091952),
(52710444, 313091953),
(52710444, 313091954),
(52710445, 313091955),
(52710445, 313091956),
(52710446, 313091957),
(52710446, 313091958),
(52710446, 313091959),
(52710447, 313091960),
(52710447, 313091961),
(52710448, 313091962),
(52710448, 313091963),
(52710448, 313091964),
(52710449, 313091965),
(52710449, 313091966),
(52710450, 313091967),
(52710450, 313091968),
(52710450, 313091969),
(52710451, 313091970),
(52710451, 313091971),
(52710452, 313091972),
(52710452, 313091973),
(52710452, 313091974),
(52710453, 313091975),
(52710453, 313091976),
(52710454, 313091977),
(52710454, 313091978),
(52710454, 313091979),
(52710455, 313091980),
(52710455, 313091981),
(52710456, 313091982),
(52710456, 313091983),
(52710456, 313091984),
(52710457, 313091985),
(52710457, 313091986),
(52710458, 313091987),
(52710458, 313091988),
(52710458, 313091989),
(52710459, 313091990),
(52710459, 313091991),
(52710460, 313091992),
(52710460, 313091993),
(52710460, 313091994),
(52710461, 313091995),
(52710461, 313091996),
(52710462, 313091997);
INSERT INTO `telefono_paciente` (`id`, `telefono`) VALUES
(52710462, 313091998),
(52710462, 313091999),
(52710463, 313092000),
(52710463, 313092001),
(52710464, 313092002),
(52710464, 313092003),
(52710464, 313092004),
(52710465, 313092005),
(52710465, 313092006),
(52710466, 313092007),
(52710466, 313092008),
(52710466, 313092009),
(52710467, 313092010),
(52710467, 313092011),
(52710468, 313092012),
(52710468, 313092013),
(52710468, 313092014),
(52710469, 313092015),
(52710469, 313092016),
(52710470, 313092017),
(52710470, 313092018),
(52710470, 313092019),
(52710471, 313092020),
(52710471, 313092021),
(52710472, 313092022),
(52710472, 313092023),
(52710472, 313092024),
(52710473, 313092025),
(52710473, 313092026),
(52710474, 313092027),
(52710474, 313092028),
(52710474, 313092029),
(52710475, 313092030),
(52710475, 313092031),
(52710476, 313092032),
(52710476, 313092033),
(52710476, 313092034),
(52710477, 313092035),
(52710477, 313092036),
(52710478, 313092037),
(52710478, 313092038),
(52710478, 313092039),
(52710479, 313092040),
(52710479, 313092041),
(52710480, 313092042),
(52710480, 313092043),
(52710480, 313092044),
(52710481, 313092045),
(52710481, 313092046),
(52710482, 313092047),
(52710482, 313092048),
(52710482, 313092049),
(52710483, 313092050),
(52710483, 313092051),
(52710484, 313092052),
(52710484, 313092053),
(52710484, 313092054),
(52710485, 313092055),
(52710485, 313092056),
(52710486, 313092057),
(52710486, 313092058),
(52710486, 313092059),
(52710487, 313092060),
(52710487, 313092061),
(52710488, 313092062),
(52710488, 313092063),
(52710488, 313092064),
(52710489, 313092065),
(52710489, 313092066),
(52710490, 313092067),
(52710490, 313092068),
(52710490, 313092069),
(52710491, 313092070),
(52710491, 313092071),
(52710492, 313092072),
(52710492, 313092073),
(52710492, 313092074),
(52710493, 313092075),
(52710493, 313092076),
(52710494, 313092077),
(52710494, 313092078),
(52710494, 313092079),
(52710495, 313092080),
(52710495, 313092081),
(52710496, 313092082),
(52710496, 313092083),
(52710496, 313092084),
(52710497, 313092085),
(52710497, 313092086),
(52710498, 313092087),
(52710498, 313092088),
(52710498, 313092089),
(52710499, 313092090),
(52710499, 313092091),
(52710500, 313092092),
(52710500, 313092093),
(52710500, 313092094),
(52710501, 313092095),
(52710501, 313092096),
(52710502, 313092097),
(52710502, 313092098),
(52710502, 313092099),
(52710503, 313092100),
(52710503, 313092101),
(52710504, 313092102),
(52710504, 313092103),
(52710504, 313092104),
(52710505, 313092105),
(52710505, 313092106),
(52710506, 313092107),
(52710506, 313092108),
(52710506, 313092109),
(52710507, 313092110),
(52710507, 313092111),
(52710508, 313092112),
(52710508, 313092113),
(52710508, 313092114),
(52710509, 313092115),
(52710509, 313092116),
(52710510, 313092117),
(52710510, 313092118),
(52710510, 313092119),
(52710511, 313092120),
(52710511, 313092121),
(52710512, 313092122),
(52710512, 313092123),
(52710512, 313092124),
(52710513, 313092125),
(52710513, 313092126),
(52710514, 313092127),
(52710514, 313092128),
(52710514, 313092129),
(52710515, 313092130),
(52710515, 313092131),
(52710516, 313092132),
(52710516, 313092133),
(52710516, 313092134),
(52710517, 313092135),
(52710517, 313092136),
(52710518, 313092137),
(52710518, 313092138),
(52710518, 313092139),
(52710519, 313092140),
(52710519, 313092141),
(52710520, 313092142),
(52710520, 313092143),
(52710520, 313092144),
(52710521, 313092145),
(52710521, 313092146),
(52710522, 313092147),
(52710522, 313092148),
(52710522, 313092149),
(52710523, 313092150),
(52710523, 313092151),
(52710524, 313092152),
(52710524, 313092153),
(52710524, 313092154),
(52710525, 313092155),
(52710525, 313092156),
(52710526, 313092157),
(52710526, 313092158),
(52710526, 313092159),
(52710527, 313092160),
(52710527, 313092161),
(52710528, 313092162),
(52710528, 313092163),
(52710528, 313092164),
(52710529, 313092165),
(52710529, 313092166),
(52710530, 313092167),
(52710530, 313092168),
(52710530, 313092169),
(52710531, 313092170),
(52710531, 313092171),
(52710532, 313092172),
(52710532, 313092173),
(52710532, 313092174),
(52710533, 313092175),
(52710533, 313092176),
(52710534, 313092177),
(52710534, 313092178),
(52710534, 313092179),
(52710535, 313092180),
(52710535, 313092181),
(52710536, 313092182),
(52710536, 313092183),
(52710536, 313092184),
(52710537, 313092185),
(52710537, 313092186),
(52710538, 313092187),
(52710538, 313092188),
(52710538, 313092189),
(52710539, 313092190),
(52710539, 313092191),
(52710540, 313092192),
(52710540, 313092193),
(52710540, 313092194),
(52710541, 313092195),
(52710541, 313092196),
(52710542, 313092197),
(52710542, 313092198),
(52710542, 313092199),
(52710543, 313092200),
(52710543, 313092201),
(52710544, 313092202),
(52710544, 313092203),
(52710544, 313092204),
(52710545, 313092205),
(52710545, 313092206),
(52710546, 313092207),
(52710546, 313092208),
(52710546, 313092209),
(52710547, 313092210),
(52710547, 313092211),
(52710548, 313092212),
(52710548, 313092213),
(52710548, 313092214),
(52710549, 313092215),
(52710549, 313092216),
(52710550, 313092217),
(52710550, 313092218),
(52710550, 313092219),
(52710551, 313092220),
(52710551, 313092221),
(52710552, 313092222),
(52710552, 313092223),
(52710552, 313092224),
(52710553, 313092225),
(52710553, 313092226),
(52710554, 313092227),
(52710554, 313092228),
(52710554, 313092229),
(52710555, 313092230),
(52710555, 313092231),
(52710556, 313092232),
(52710556, 313092233),
(52710556, 313092234),
(52710557, 313092235),
(52710557, 313092236),
(52710558, 313092237),
(52710558, 313092238),
(52710558, 313092239),
(52710559, 313092240),
(52710559, 313092241),
(52710560, 313092242),
(52710560, 313092243),
(52710560, 313092244),
(52710561, 313092245),
(52710561, 313092246),
(52710562, 313092247),
(52710562, 313092248),
(52710562, 313092249),
(52710563, 313092250),
(52710563, 313092251),
(52710564, 313092252),
(52710564, 313092253),
(52710564, 313092254),
(52710565, 313092255),
(52710565, 313092256),
(52710566, 313092257),
(52710566, 313092258),
(52710566, 313092259),
(52710567, 313092260),
(52710567, 313092261),
(52710568, 313092262),
(52710568, 313092263),
(52710568, 313092264),
(52710569, 313092265),
(52710569, 313092266),
(52710570, 313092267),
(52710570, 313092268),
(52710570, 313092269),
(52710571, 313092270),
(52710571, 313092271),
(52710572, 313092272),
(52710572, 313092273),
(52710572, 313092274),
(52710573, 313092275),
(52710573, 313092276),
(52710574, 313092277),
(52710574, 313092278),
(52710574, 313092279),
(52710575, 313092280),
(52710575, 313092281),
(52710576, 313092282),
(52710576, 313092283),
(52710576, 313092284),
(52710577, 313092285),
(52710577, 313092286),
(52710578, 313092287),
(52710578, 313092288),
(52710578, 313092289),
(52710579, 313092290),
(52710579, 313092291),
(52710580, 313092292),
(52710580, 313092293),
(52710580, 313092294),
(52710581, 313092295),
(52710581, 313092296),
(52710582, 313092297),
(52710582, 313092298),
(52710582, 313092299),
(52710583, 313092300),
(52710583, 313092301),
(52710584, 313092302),
(52710584, 313092303),
(52710584, 313092304),
(52710585, 313092305),
(52710585, 313092306),
(52710586, 313092307),
(52710586, 313092308),
(52710586, 313092309),
(52710587, 313092310),
(52710587, 313092311),
(52710588, 313092312),
(52710588, 313092313),
(52710588, 313092314),
(52710589, 313092315),
(52710589, 313092316),
(52710590, 313092317),
(52710590, 313092318),
(52710590, 313092319),
(52710591, 313092320),
(52710591, 313092321),
(52710592, 313092322),
(52710592, 313092323),
(52710592, 313092324),
(52710593, 313092325),
(52710593, 313092326),
(52710594, 313092327),
(52710594, 313092328),
(52710594, 313092329),
(52710595, 313092330),
(52710595, 313092331),
(52710596, 313092332),
(52710596, 313092333),
(52710596, 313092334),
(52710597, 313092335),
(52710597, 313092336),
(52710598, 313092337),
(52710598, 313092338),
(52710598, 313092339),
(52710599, 313092340),
(52710599, 313092341),
(52710600, 313092342),
(52710600, 313092343),
(52710600, 313092344),
(52710601, 313092345),
(52710601, 313092346),
(52710602, 313092347),
(52710602, 313092348),
(52710602, 313092349),
(52710603, 313092350),
(52710603, 313092351),
(52710604, 313092352),
(52710604, 313092353),
(52710604, 313092354),
(52710605, 313092355),
(52710605, 313092356),
(52710606, 313092357),
(52710606, 313092358),
(52710606, 313092359),
(52710607, 313092360),
(52710607, 313092361),
(52710608, 313092362),
(52710608, 313092363),
(52710608, 313092364),
(52710609, 313092365),
(52710609, 313092366),
(52710610, 313092367),
(52710610, 313092368),
(52710610, 313092369),
(52710611, 313092370),
(52710611, 313092371),
(52710612, 313092372),
(52710612, 313092373),
(52710612, 313092374),
(52710613, 313092375),
(52710613, 313092376),
(52710614, 313092377),
(52710614, 313092378),
(52710614, 313092379),
(52710615, 313092380),
(52710615, 313092381),
(52710616, 313092382),
(52710616, 313092383),
(52710616, 313092384),
(52710617, 313092385),
(52710617, 313092386),
(52710618, 313092387),
(52710618, 313092388),
(52710618, 313092389),
(52710619, 313092390),
(52710619, 313092391),
(52710620, 313092392),
(52710620, 313092393),
(52710620, 313092394),
(52710621, 313092395),
(52710621, 313092396),
(52710622, 313092397),
(52710622, 313092398),
(52710622, 313092399),
(52710623, 313092400),
(52710623, 313092401),
(52710624, 313092402),
(52710624, 313092403),
(52710624, 313092404),
(52710625, 313092405),
(52710625, 313092406),
(52710626, 313092407),
(52710626, 313092408),
(52710626, 313092409),
(52710627, 313092410),
(52710627, 313092411),
(52710628, 313092412),
(52710628, 313092413),
(52710628, 313092414),
(52710629, 313092415),
(52710629, 313092416),
(52710630, 313092417),
(52710630, 313092418),
(52710630, 313092419),
(52710631, 313092420),
(52710631, 313092421),
(52710632, 313092422),
(52710632, 313092423),
(52710632, 313092424),
(52710633, 313092425),
(52710633, 313092426),
(52710634, 313092427),
(52710634, 313092428),
(52710634, 313092429),
(52710635, 313092430),
(52710635, 313092431),
(52710636, 313092432),
(52710636, 313092433),
(52710636, 313092434),
(52710637, 313092435),
(52710637, 313092436),
(52710638, 313092437),
(52710638, 313092438),
(52710638, 313092439),
(52710639, 313092440),
(52710639, 313092441),
(52710640, 313092442),
(52710640, 313092443),
(52710640, 313092444),
(52710641, 313092445),
(52710641, 313092446),
(52710642, 313092447),
(52710642, 313092448),
(52710642, 313092449),
(52710643, 313092450),
(52710643, 313092451),
(52710644, 313092452),
(52710644, 313092453),
(52710644, 313092454),
(52710645, 313092455),
(52710645, 313092456),
(52710646, 313092457),
(52710646, 313092458),
(52710646, 313092459),
(52710647, 313092460),
(52710647, 313092461),
(52710648, 313092462),
(52710648, 313092463),
(52710648, 313092464),
(52710649, 313092465),
(52710649, 313092466),
(52710650, 313092467),
(52710650, 313092468),
(52710650, 313092469),
(52710651, 313092470),
(52710651, 313092471),
(52710652, 313092472),
(52710652, 313092473),
(52710652, 313092474),
(52710653, 313092475),
(52710653, 313092476),
(52710654, 313092477),
(52710654, 313092478),
(52710654, 313092479),
(52710655, 313092480),
(52710655, 313092481),
(52710656, 313092482),
(52710656, 313092483),
(52710656, 313092484),
(52710657, 313092485),
(52710657, 313092486),
(52710658, 313092487),
(52710658, 313092488),
(52710658, 313092489),
(52710659, 313092490),
(52710659, 313092491),
(52710660, 313092492),
(52710660, 313092493),
(52710660, 313092494),
(52710661, 313092495),
(52710661, 313092496),
(52710662, 313092497),
(52710662, 313092498),
(52710662, 313092499),
(52710663, 313092500),
(52710663, 313092501),
(52710664, 313092502),
(52710664, 313092503),
(52710664, 313092504),
(52710665, 313092505),
(52710665, 313092506),
(52710666, 313092507),
(52710666, 313092508),
(52710666, 313092509),
(52710667, 313092510),
(52710667, 313092511),
(52710668, 313092512),
(52710668, 313092513),
(52710668, 313092514),
(52710669, 313092515),
(52710669, 313092516),
(52710670, 313092517),
(52710670, 313092518),
(52710670, 313092519),
(52710671, 313092520),
(52710671, 313092521),
(52710672, 313092522),
(52710672, 313092523),
(52710672, 313092524),
(52710673, 313092525),
(52710673, 313092526),
(52710674, 313092527),
(52710674, 313092528),
(52710674, 313092529),
(52710675, 313092530),
(52710675, 313092531),
(52710676, 313092532),
(52710676, 313092533),
(52710676, 313092534),
(52710677, 313092535),
(52710677, 313092536),
(52710678, 313092537),
(52710678, 313092538),
(52710678, 313092539),
(52710679, 313092540),
(52710679, 313092541),
(52710680, 313092542),
(52710680, 313092543),
(52710680, 313092544),
(52710681, 313092545),
(52710681, 313092546),
(52710682, 313092547),
(52710682, 313092548),
(52710682, 313092549),
(52710683, 313092550),
(52710683, 313092551),
(52710684, 313092552),
(52710684, 313092553),
(52710684, 313092554),
(52710685, 313092555),
(52710685, 313092556),
(52710686, 313092557),
(52710686, 313092558),
(52710686, 313092559),
(52710687, 313092560),
(52710687, 313092561),
(52710688, 313092562),
(52710688, 313092563),
(52710688, 313092564),
(52710689, 313092565),
(52710689, 313092566),
(52710690, 313092567),
(52710690, 313092568),
(52710690, 313092569),
(52710691, 313092570),
(52710691, 313092571),
(52710692, 313092572),
(52710692, 313092573),
(52710692, 313092574),
(52710693, 313092575),
(52710693, 313092576),
(52710694, 313092577),
(52710694, 313092578),
(52710694, 313092579),
(52710695, 313092580),
(52710695, 313092581),
(52710696, 313092582),
(52710696, 313092583),
(52710696, 313092584),
(52710697, 313092585),
(52710697, 313092586),
(52710698, 313092587),
(52710698, 313092588),
(52710698, 313092589),
(52710699, 313092590),
(52710699, 313092591),
(52710700, 313092592),
(52710700, 313092593),
(52710700, 313092594),
(52710701, 313092595),
(52710701, 313092596),
(52710702, 313092597),
(52710702, 313092598),
(52710702, 313092599),
(52710703, 313092600),
(52710703, 313092601),
(52710704, 313092602),
(52710704, 313092603),
(52710704, 313092604),
(52710705, 313092605),
(52710705, 313092606),
(52710706, 313092607),
(52710706, 313092608),
(52710706, 313092609),
(52710707, 313092610),
(52710707, 313092611),
(52710708, 313092612),
(52710708, 313092613),
(52710708, 313092614),
(52710709, 313092615),
(52710709, 313092616),
(52710710, 313092617),
(52710710, 313092618),
(52710710, 313092619),
(52710711, 313092620),
(52710711, 313092621),
(52710712, 313092622),
(52710712, 313092623),
(52710712, 313092624),
(52710713, 313092625),
(52710713, 313092626),
(52710714, 313092627),
(52710714, 313092628),
(52710714, 313092629),
(52710715, 313092630),
(52710715, 313092631),
(52710716, 313092632),
(52710716, 313092633),
(52710716, 313092634),
(52710717, 313092635),
(52710717, 313092636),
(52710718, 313092637),
(52710718, 313092638),
(52710718, 313092639),
(52710719, 313092640),
(52710719, 313092641),
(52710720, 313092642),
(52710720, 313092643),
(52710720, 313092644),
(52710721, 313092645),
(52710721, 313092646),
(52710722, 313092647),
(52710722, 313092648),
(52710722, 313092649),
(52710723, 313092650),
(52710723, 313092651),
(52710724, 313092652),
(52710724, 313092653),
(52710724, 313092654),
(52710725, 313092655),
(52710725, 313092656),
(52710726, 313092657),
(52710726, 313092658),
(52710726, 313092659),
(52710727, 313092660),
(52710727, 313092661),
(52710728, 313092662),
(52710728, 313092663),
(52710728, 313092664),
(52710729, 313092665),
(52710729, 313092666),
(52710730, 313092667),
(52710730, 313092668),
(52710730, 313092669),
(52710731, 313092670),
(52710731, 313092671),
(52710732, 313092672),
(52710732, 313092673),
(52710732, 313092674),
(52710733, 313092675),
(52710733, 313092676),
(52710734, 313092677),
(52710734, 313092678),
(52710734, 313092679),
(52710735, 313092680),
(52710735, 313092681),
(52710736, 313092682),
(52710736, 313092683),
(52710736, 313092684),
(52710737, 313092685),
(52710737, 313092686),
(52710738, 313092687),
(52710738, 313092688),
(52710738, 313092689),
(52710739, 313092690),
(52710739, 313092691),
(52710740, 313092692),
(52710740, 313092693),
(52710740, 313092694),
(52710741, 313092695),
(52710741, 313092696),
(52710742, 313092697),
(52710742, 313092698),
(52710742, 313092699),
(52710743, 313092700),
(52710743, 313092701),
(52710744, 313092702),
(52710744, 313092703),
(52710744, 313092704),
(52710745, 313092705),
(52710745, 313092706),
(52710746, 313092707),
(52710746, 313092708),
(52710746, 313092709),
(52710747, 313092710),
(52710747, 313092711),
(52710748, 313092712),
(52710748, 313092713),
(52710748, 313092714),
(52710749, 313092715),
(52710749, 313092716),
(52710750, 313092717),
(52710750, 313092718),
(52710750, 313092719),
(52710751, 313092720),
(52710751, 313092721),
(52710752, 313092722),
(52710752, 313092723),
(52710752, 313092724),
(52710753, 313092725),
(52710753, 313092726),
(52710754, 313092727),
(52710754, 313092728),
(52710754, 313092729),
(52710755, 313092730),
(52710755, 313092731),
(52710756, 313092732),
(52710756, 313092733),
(52710756, 313092734),
(52710757, 313092735),
(52710757, 313092736),
(52710758, 313092737),
(52710758, 313092738),
(52710758, 313092739),
(52710759, 313092740),
(52710759, 313092741),
(52710760, 313092742),
(52710760, 313092743),
(52710760, 313092744),
(52710761, 313092745),
(52710761, 313092746),
(52710762, 313092747),
(52710762, 313092748),
(52710762, 313092749),
(52710763, 313092750),
(52710763, 313092751),
(52710764, 313092752),
(52710764, 313092753),
(52710764, 313092754),
(52710765, 313092755),
(52710765, 313092756),
(52710766, 313092757),
(52710766, 313092758),
(52710766, 313092759),
(52710767, 313092760),
(52710767, 313092761),
(52710768, 313092762),
(52710768, 313092763),
(52710768, 313092764),
(52710769, 313092765),
(52710769, 313092766),
(52710770, 313092767),
(52710770, 313092768),
(52710770, 313092769);

-- --------------------------------------------------------

--
-- Estructura de tabla para la tabla `telefono_shh`
--

CREATE TABLE `telefono_shh` (
  `id` int(11) NOT NULL,
  `telefono` int(11) NOT NULL
) ENGINE=InnoDB DEFAULT CHARSET=latin1;

--
-- Volcado de datos para la tabla `telefono_shh`
--

INSERT INTO `telefono_shh` (`id`, `telefono`) VALUES
(1001, 3004565),
(1001, 300123456),
(1002, 3002854),
(1002, 310465851),
(1003, 3001236),
(1003, 315648852),
(1004, 6450012),
(1004, 318647262),
(1005, 5708178),
(1005, 32035217),
(1006, 5711012),
(1006, 314433039),
(1007, 5717071),
(1007, 319563254),
(1008, 3165225),
(1008, 315280125),
(1009, 3654545),
(1009, 316258852),
(1010, 3002512),
(1010, 311216117),
(1011, 3001452),
(1011, 311258521),
(1012, 3012021),
(1012, 311259854),
(1013, 3011445),
(1013, 311259984),
(1014, 5711011),
(1014, 310025963),
(1015, 5041221),
(1015, 333689521),
(1016, 3522222),
(1016, 318547852),
(1017, 318645555),
(1018, 3000000),
(1018, 321122036),
(1019, 4451513),
(1019, 321122036),
(1020, 4451512),
(1020, 322521447),
(1021, 3201212),
(1021, 320352172);

-- --------------------------------------------------------

--
-- Estructura de tabla para la tabla `telefono_sucursal_cita`
--

CREATE TABLE `telefono_sucursal_cita` (
  `id` int(11) NOT NULL,
  `telefono` int(11) NOT NULL
) ENGINE=InnoDB DEFAULT CHARSET=latin1;

--
-- Volcado de datos para la tabla `telefono_sucursal_cita`
--

INSERT INTO `telefono_sucursal_cita` (`id`, `telefono`) VALUES
(1022, 31408956),
(1022, 31408957),
(1023, 31408958),
(1023, 31408959),
(1024, 31408960),
(1024, 31408961),
(1025, 31408962),
(1025, 31408963),
(1026, 31408964),
(1026, 31408965),
(1027, 31408966),
(1027, 31408967),
(1028, 31408968),
(1028, 31408969),
(1029, 31408970),
(1029, 31408971),
(1030, 31408972),
(1030, 31408973),
(1031, 31408974),
(1031, 31408975),
(1032, 31408976),
(1032, 31408977),
(1033, 31408978),
(1033, 31408979),
(1034, 31408980),
(1034, 31408981),
(1035, 31408982),
(1035, 31408983),
(1036, 31408984),
(1036, 31408985),
(1037, 31408986),
(1037, 31408987),
(1038, 31408988),
(1038, 31408989),
(1039, 31408990),
(1039, 31408991),
(1040, 31408992),
(1040, 31408993),
(1041, 31408994),
(1041, 31408995),
(1042, 31408996),
(1042, 31408997);

-- --------------------------------------------------------

--
-- Estructura de tabla para la tabla `telefono_visitante`
--

CREATE TABLE `telefono_visitante` (
  `id` int(11) NOT NULL,
  `telefono` int(11) NOT NULL
) ENGINE=InnoDB DEFAULT CHARSET=latin1;

--
-- Volcado de datos para la tabla `telefono_visitante`
--

INSERT INTO `telefono_visitante` (`id`, `telefono`) VALUES
(77001, 333089561),
(77002, 333089562),
(77003, 333089563),
(77004, 333089564),
(77005, 333089565),
(77006, 333089566),
(77007, 333089567),
(77008, 333089568),
(77009, 333089569),
(77010, 333089570),
(77011, 333089571),
(77012, 333089572),
(77013, 333089573),
(77014, 333089574),
(77015, 333089575),
(77016, 333089576),
(77017, 333089577),
(77018, 333089578),
(77019, 333089579),
(77020, 333089580),
(77021, 333089581),
(77022, 333089582),
(77023, 333089583),
(77024, 333089584),
(77025, 333089585),
(77026, 333089586),
(77027, 333089587),
(77028, 333089588),
(77029, 333089589),
(77030, 333089590),
(77031, 333089591),
(77032, 333089592),
(77033, 333089593),
(77034, 333089594),
(77035, 333089595),
(77036, 333089596),
(77037, 333089597),
(77038, 333089598),
(77039, 333089599),
(77040, 333089600),
(77041, 333089601),
(77042, 333089602),
(77043, 333089603),
(77044, 333089604),
(77045, 333089605),
(77046, 333089606),
(77047, 333089607),
(77048, 333089608),
(77049, 333089609),
(77050, 333089610),
(77051, 333089611),
(77052, 333089612),
(77053, 333089613),
(77054, 333089614),
(77055, 333089615),
(77056, 333089616),
(77057, 333089617),
(77058, 333089618),
(77059, 333089619),
(77060, 333089620),
(77061, 333089621),
(77062, 333089622),
(77063, 333089623),
(77064, 333089624),
(77065, 333089625),
(77066, 333089626),
(77067, 333089627),
(77068, 333089628),
(77069, 333089629),
(77070, 333089630),
(77071, 333089631),
(77072, 333089632),
(77073, 333089633),
(77074, 333089634),
(77075, 333089635),
(77076, 333089636),
(77077, 333089637),
(77078, 333089638),
(77079, 333089639),
(77080, 333089640),
(77081, 333089641),
(77082, 333089642),
(77083, 333089643),
(77084, 333089644),
(77085, 333089645),
(77086, 333089646),
(77087, 333089647),
(77088, 333089648),
(77089, 333089649),
(77090, 333089650),
(77091, 333089651),
(77092, 333089652),
(77093, 333089653),
(77094, 333089654),
(77095, 333089655),
(77096, 333089656),
(77097, 333089657),
(77098, 333089658),
(77099, 333089659),
(77100, 333089660),
(77101, 333089661),
(77102, 333089662),
(77103, 333089663),
(77104, 333089664),
(77105, 333089665),
(77106, 333089666),
(77107, 333089667),
(77108, 333089668),
(77109, 333089669),
(77110, 333089670),
(77111, 333089671),
(77112, 333089672),
(77113, 333089673),
(77114, 333089674),
(77115, 333089675),
(77116, 333089676),
(77117, 333089677),
(77118, 333089678),
(77119, 333089679),
(77120, 333089680),
(77121, 333089681),
(77122, 333089682),
(77123, 333089683),
(77124, 333089684),
(77125, 333089685),
(77126, 333089686),
(77127, 333089687),
(77128, 333089688),
(77129, 333089689),
(77130, 333089690),
(77131, 333089691),
(77132, 333089692),
(77133, 333089693),
(77134, 333089694),
(77135, 333089695),
(77136, 333089696),
(77137, 333089697),
(77138, 333089698),
(77139, 333089699),
(77140, 333089700),
(77141, 333089701),
(77142, 333089702),
(77143, 333089703),
(77144, 333089704),
(77145, 333089705),
(77146, 333089706),
(77147, 333089707),
(77148, 333089708),
(77149, 333089709),
(77150, 333089710),
(77151, 333089711),
(77152, 333089712),
(77153, 333089713),
(77154, 333089714),
(77155, 333089715),
(77156, 333089716),
(77157, 333089717),
(77158, 333089718),
(77159, 333089719),
(77160, 333089720),
(77161, 333089721),
(77162, 333089722),
(77163, 333089723),
(77164, 333089724),
(77165, 333089725),
(77166, 333089726),
(77167, 333089727),
(77168, 333089728),
(77169, 333089729),
(77170, 333089730),
(77171, 333089731),
(77172, 333089732),
(77173, 333089733),
(77174, 333089734),
(77175, 333089735),
(77176, 333089736),
(77177, 333089737),
(77178, 333089738),
(77179, 333089739),
(77180, 333089740),
(77181, 333089741),
(77182, 333089742),
(77183, 333089743),
(77184, 333089744),
(77185, 333089745),
(77186, 333089746),
(77187, 333089747),
(77188, 333089748),
(77189, 333089749),
(77190, 333089750),
(77191, 333089751),
(77192, 333089752),
(77193, 333089753),
(77194, 333089754),
(77195, 333089755),
(77196, 333089756),
(77197, 333089757),
(77198, 333089758),
(77199, 333089759),
(77200, 333089760),
(77201, 333089761),
(77202, 333089762),
(77203, 333089763),
(77204, 333089764),
(77205, 333089765),
(77206, 333089766),
(77207, 333089767),
(77208, 333089768),
(77209, 333089769),
(77210, 333089770),
(77211, 333089771),
(77212, 333089772),
(77213, 333089773),
(77214, 333089774),
(77215, 333089775),
(77216, 333089776),
(77217, 333089777),
(77218, 333089778),
(77219, 333089779),
(77220, 333089780),
(77221, 333089781),
(77222, 333089782),
(77223, 333089783),
(77224, 333089784),
(77225, 333089785),
(77226, 333089786),
(77227, 333089787),
(77228, 333089788),
(77229, 333089789),
(77230, 333089790),
(77231, 333089791),
(77232, 333089792),
(77233, 333089793),
(77234, 333089794),
(77235, 333089795),
(77236, 333089796),
(77237, 333089797),
(77238, 333089798),
(77239, 333089799),
(77240, 333089800),
(77241, 333089801),
(77242, 333089802),
(77243, 333089803),
(77244, 333089804),
(77245, 333089805),
(77246, 333089806),
(77247, 333089807),
(77248, 333089808),
(77249, 333089809),
(77250, 333089810),
(77251, 333089811),
(77252, 333089812),
(77253, 333089813),
(77254, 333089814),
(77255, 333089815),
(77256, 333089816),
(77257, 333089817),
(77258, 333089818),
(77259, 333089819),
(77260, 333089820),
(77261, 333089821),
(77262, 333089822),
(77263, 333089823),
(77264, 333089824),
(77265, 333089825),
(77266, 333089826),
(77267, 333089827),
(77268, 333089828),
(77269, 333089829),
(77270, 333089830),
(77271, 333089831),
(77272, 333089832),
(77273, 333089833),
(77274, 333089834),
(77275, 333089835),
(77276, 333089836),
(77277, 333089837),
(77278, 333089838),
(77279, 333089839),
(77280, 333089840),
(77281, 333089841),
(77282, 333089842),
(77283, 333089843),
(77284, 333089844),
(77285, 333089845),
(77286, 333089846),
(77287, 333089847),
(77288, 333089848),
(77289, 333089849),
(77290, 333089850),
(77291, 333089851),
(77292, 333089852),
(77293, 333089853),
(77294, 333089854),
(77295, 333089855),
(77296, 333089856),
(77297, 333089857),
(77298, 333089858),
(77299, 333089859),
(77300, 333089860),
(77301, 333089861),
(77302, 333089862),
(77303, 333089863),
(77304, 333089864),
(77305, 333089865),
(77306, 333089866),
(77307, 333089867),
(77308, 333089868),
(77309, 333089869),
(77310, 333089870),
(77311, 333089871),
(77312, 333089872),
(77313, 333089873),
(77314, 333089874),
(77315, 333089875),
(77316, 333089876),
(77317, 333089877),
(77318, 333089878),
(77319, 333089879),
(77320, 333089880),
(77321, 333089881),
(77322, 333089882),
(77323, 333089883),
(77324, 333089884),
(77325, 333089885),
(77326, 333089886),
(77327, 333089887),
(77328, 333089888),
(77329, 333089889),
(77330, 333089890),
(77331, 333089891),
(77332, 333089892),
(77333, 333089893),
(77334, 333089894),
(77335, 333089895),
(77336, 333089896),
(77337, 333089897),
(77338, 333089898),
(77339, 333089899),
(77340, 333089900),
(77341, 333089901),
(77342, 333089902),
(77343, 333089903),
(77344, 333089904),
(77345, 333089905),
(77346, 333089906),
(77347, 333089907),
(77348, 333089908),
(77349, 333089909),
(77350, 333089910),
(77351, 333089911),
(77352, 333089912),
(77353, 333089913),
(77354, 333089914),
(77355, 333089915),
(77356, 333089916),
(77357, 333089917),
(77358, 333089918),
(77359, 333089919),
(77360, 333089920),
(77361, 333089921),
(77362, 333089922),
(77363, 333089923),
(77364, 333089924),
(77365, 333089925),
(77366, 333089926),
(77367, 333089927),
(77368, 333089928),
(77369, 333089929),
(77370, 333089930),
(77371, 333089931),
(77372, 333089932),
(77373, 333089933),
(77374, 333089934),
(77375, 333089935),
(77376, 333089936),
(77377, 333089937),
(77378, 333089938),
(77379, 333089939),
(77380, 333089940),
(77381, 333089941),
(77382, 333089942),
(77383, 333089943),
(77384, 333089944),
(77385, 333089945),
(77386, 333089946),
(77387, 333089947),
(77388, 333089948),
(77389, 333089949),
(77390, 333089950),
(77391, 333089951),
(77392, 333089952),
(77393, 333089953),
(77394, 333089954),
(77395, 333089955),
(77396, 333089956),
(77397, 333089957),
(77398, 333089958),
(77399, 333089959),
(77400, 333089960),
(77401, 333089961),
(77402, 333089962),
(77403, 333089963),
(77404, 333089964),
(77405, 333089965),
(77406, 333089966),
(77407, 333089967),
(77408, 333089968),
(77409, 333089969),
(77410, 333089970),
(77411, 333089971),
(77412, 333089972),
(77413, 333089973),
(77414, 333089974),
(77415, 333089975),
(77416, 333089976),
(77417, 333089977),
(77418, 333089978),
(77419, 333089979),
(77420, 333089980);

-- --------------------------------------------------------

--
-- Estructura de tabla para la tabla `tipo_id`
--

CREATE TABLE `tipo_id` (
  `id` int(11) NOT NULL,
  `nombre` varchar(20) DEFAULT NULL
) ENGINE=InnoDB DEFAULT CHARSET=latin1;

--
-- Volcado de datos para la tabla `tipo_id`
--

INSERT INTO `tipo_id` (`id`, `nombre`) VALUES
(1100001, 'Cedula Ciudadania'),
(1100002, 'Cedula Extranjeria'),
(1100003, 'Pasaporte'),
(1100004, 'Tarjeta de Identidad');

-- --------------------------------------------------------

--
-- Estructura de tabla para la tabla `usuarios`
--

CREATE TABLE `usuarios` (
  `id` int(11) NOT NULL,
  `username` varchar(20) DEFAULT NULL,
  `password` char(60) DEFAULT NULL,
  `tipo` char(20) DEFAULT NULL
) ENGINE=InnoDB DEFAULT CHARSET=latin1;

--
-- Volcado de datos para la tabla `usuarios`
--

INSERT INTO `usuarios` (`id`, `username`, `password`, `tipo`) VALUES
(8, 'criss', '123456789', 'admin'),
(2000, '52709511', '123456', 'paciente'),
(2001, '52709512 ', '123456', 'paciente'),
(2002, '52709513 ', '123456', 'paciente'),
(2003, '52709514 ', '123456', 'paciente'),
(2004, '52709515 ', '123456', 'paciente'),
(2005, '52709516 ', '123456', 'paciente'),
(2006, '52709517 ', '123456', 'paciente'),
(2007, '52709518 ', '123456', 'paciente'),
(2008, '52709519 ', '123456', 'paciente'),
(2009, '52709520 ', '123456', 'paciente'),
(2010, '52709521 ', '123456', 'paciente'),
(2011, '52709522 ', '123456', 'paciente'),
(2012, '52709523 ', '123456', 'paciente'),
(2013, '52709524 ', '123456', 'paciente'),
(2014, '52709525 ', '123456', 'paciente'),
(2015, '52709526 ', '123456', 'paciente'),
(2016, '52709527 ', '123456', 'paciente'),
(2017, '52709528 ', '123456', 'paciente'),
(2018, '52709529 ', '123456', 'paciente'),
(2019, '52709530 ', '123456', 'paciente'),
(2020, '52709531 ', '123456', 'paciente'),
(2021, '52709532 ', '123456', 'paciente'),
(2022, '52709533 ', '123456', 'paciente'),
(2023, '52709534 ', '123456', 'paciente'),
(2024, '52709535 ', '123456', 'paciente'),
(2025, '52709536 ', '123456', 'paciente'),
(2026, '52709537 ', '123456', 'paciente'),
(2027, '52709538 ', '123456', 'paciente'),
(2028, '52709539 ', '123456', 'paciente'),
(2029, '52709540 ', '123456', 'paciente'),
(2030, '52709541 ', '123456', 'paciente'),
(2031, '52709542 ', '123456', 'paciente'),
(2032, '52709543 ', '123456', 'paciente'),
(2033, '52709544 ', '123456', 'paciente'),
(2034, '52709545 ', '123456', 'paciente'),
(2035, '52709546 ', '123456', 'paciente'),
(2036, '52709547 ', '123456', 'paciente'),
(2037, '52709548 ', '123456', 'paciente'),
(2038, '52709549 ', '123456', 'paciente'),
(2039, '52709550 ', '123456', 'paciente'),
(2040, '52709551 ', '123456', 'paciente'),
(2041, '52709552 ', '123456', 'paciente'),
(2042, '52709553 ', '123456', 'paciente'),
(2043, '52709554 ', '123456', 'paciente'),
(2044, '52709555 ', '123456', 'paciente'),
(2045, '52709556 ', '123456', 'paciente'),
(2046, '52709557 ', '123456', 'paciente'),
(2047, '52709558 ', '123456', 'paciente'),
(2048, '52709559 ', '123456', 'paciente'),
(2049, '52709560 ', '123456', 'paciente'),
(2050, '52709561 ', '123456', 'paciente'),
(2051, '52709562 ', '123456', 'paciente'),
(2052, '52709563 ', '123456', 'paciente'),
(2053, '52709564 ', '123456', 'paciente'),
(2054, '52709565 ', '123456', 'paciente'),
(2055, '52709566 ', '123456', 'paciente'),
(2056, '52709567 ', '123456', 'paciente'),
(2057, '52709568 ', '123456', 'paciente'),
(2058, '52709569 ', '123456', 'paciente'),
(2059, '52709570 ', '123456', 'paciente'),
(2060, '52709571 ', '123456', 'paciente'),
(2061, '52709572 ', '123456', 'paciente'),
(2062, '52709573 ', '123456', 'paciente'),
(2063, '52709574 ', '123456', 'paciente'),
(2064, '52709575 ', '123456', 'paciente'),
(2065, '52709576 ', '123456', 'paciente'),
(2066, '52709577 ', '123456', 'paciente'),
(2067, '52709578 ', '123456', 'paciente'),
(2068, '52709579 ', '123456', 'paciente'),
(2069, '52709580 ', '123456', 'paciente'),
(2070, '52709581 ', '123456', 'paciente'),
(2071, '52709582 ', '123456', 'paciente'),
(2072, '52709583 ', '123456', 'paciente'),
(2073, '52709584 ', '123456', 'paciente'),
(2074, '52709585 ', '123456', 'paciente'),
(2075, '52709586 ', '123456', 'paciente'),
(2076, '52709587 ', '123456', 'paciente'),
(2077, '52709588 ', '123456', 'paciente'),
(2078, '52709589 ', '123456', 'paciente'),
(2079, '52709590 ', '123456', 'paciente'),
(2080, '52709591 ', '123456', 'paciente'),
(2081, '52709592 ', '123456', 'paciente'),
(2082, '52709593 ', '123456', 'paciente'),
(2083, '52709594 ', '123456', 'paciente'),
(2084, '52709595 ', '123456', 'paciente'),
(2085, '52709596 ', '123456', 'paciente'),
(2086, '52709597 ', '123456', 'paciente'),
(2087, '52709598 ', '123456', 'paciente'),
(2088, '52709599 ', '123456', 'paciente'),
(2089, '52709600 ', '123456', 'paciente'),
(2090, '52709601 ', '123456', 'paciente'),
(2091, '52709602 ', '123456', 'paciente'),
(2092, '52709603 ', '123456', 'paciente'),
(2093, '52709604 ', '123456', 'paciente'),
(2094, '52709605 ', '123456', 'paciente'),
(2095, '52709606 ', '123456', 'paciente'),
(2096, '52709607 ', '123456', 'paciente'),
(2097, '52709608 ', '123456', 'paciente'),
(2098, '52709609 ', '123456', 'paciente'),
(2099, '52709610 ', '123456', 'paciente'),
(2100, '52709611 ', '123456', 'paciente'),
(2101, '52709612 ', '123456', 'paciente'),
(2102, '52709613 ', '123456', 'paciente'),
(2103, '52709614 ', '123456', 'paciente'),
(2104, '52709615 ', '123456', 'paciente'),
(2105, '52709616 ', '123456', 'paciente'),
(2106, '52709617 ', '123456', 'paciente'),
(2107, '52709618 ', '123456', 'paciente'),
(2108, '52709619 ', '123456', 'paciente'),
(2109, '52709620 ', '123456', 'paciente'),
(2110, '52709621 ', '123456', 'paciente'),
(2111, '52709622 ', '123456', 'paciente'),
(2112, '52709623 ', '123456', 'paciente'),
(2113, '52709624 ', '123456', 'paciente'),
(2114, '52709625 ', '123456', 'paciente'),
(2115, '52709626 ', '123456', 'paciente'),
(2116, '52709627 ', '123456', 'paciente'),
(2117, '52709628 ', '123456', 'paciente'),
(2118, '52709629 ', '123456', 'paciente'),
(2119, '52709630 ', '123456', 'paciente'),
(2120, '52709631 ', '123456', 'paciente'),
(2121, '52709632 ', '123456', 'paciente'),
(2122, '52709633 ', '123456', 'paciente'),
(2123, '52709634 ', '123456', 'paciente'),
(2124, '52709635 ', '123456', 'paciente'),
(2125, '52709636 ', '123456', 'paciente'),
(2126, '52709637 ', '123456', 'paciente'),
(2127, '52709638 ', '123456', 'paciente'),
(2128, '52709639 ', '123456', 'paciente'),
(2129, '52709640 ', '123456', 'paciente'),
(2130, '52709641 ', '123456', 'paciente'),
(2131, '52709642 ', '123456', 'paciente'),
(2132, '52709643 ', '123456', 'paciente'),
(2133, '52709644 ', '123456', 'paciente'),
(2134, '52709645 ', '123456', 'paciente'),
(2135, '52709646 ', '123456', 'paciente'),
(2136, '52709647 ', '123456', 'paciente'),
(2137, '52709648 ', '123456', 'paciente'),
(2138, '52709649 ', '123456', 'paciente'),
(2139, '52709650 ', '123456', 'paciente'),
(2140, '52709651 ', '123456', 'paciente'),
(2141, '52709652 ', '123456', 'paciente'),
(2142, '52709653 ', '123456', 'paciente'),
(2143, '52709654 ', '123456', 'paciente'),
(2144, '52709655 ', '123456', 'paciente'),
(2145, '52709656 ', '123456', 'paciente'),
(2146, '52709657 ', '123456', 'paciente'),
(2147, '52709658 ', '123456', 'paciente'),
(2148, '52709659 ', '123456', 'paciente'),
(2149, '52709660 ', '123456', 'paciente'),
(2150, '52709661 ', '123456', 'paciente'),
(2151, '52709662 ', '123456', 'paciente'),
(2152, '52709663 ', '123456', 'paciente'),
(2153, '52709664 ', '123456', 'paciente'),
(2154, '52709665 ', '123456', 'paciente'),
(2155, '52709666 ', '123456', 'paciente'),
(2156, '52709667 ', '123456', 'paciente'),
(2157, '52709668 ', '123456', 'paciente'),
(2158, '52709669 ', '123456', 'paciente'),
(2159, '52709670 ', '123456', 'paciente'),
(2160, '52709671 ', '123456', 'paciente'),
(2161, '52709672 ', '123456', 'paciente'),
(2162, '52709673 ', '123456', 'paciente'),
(2163, '52709674 ', '123456', 'paciente'),
(2164, '52709675 ', '123456', 'paciente'),
(2165, '52709676 ', '123456', 'paciente'),
(2166, '52709677 ', '123456', 'paciente'),
(2167, '52709678 ', '123456', 'paciente'),
(2168, '52709679 ', '123456', 'paciente'),
(2169, '52709680 ', '123456', 'paciente'),
(2170, '52709681 ', '123456', 'paciente'),
(2171, '52709682 ', '123456', 'paciente'),
(2172, '52709683 ', '123456', 'paciente'),
(2173, '52709684 ', '123456', 'paciente'),
(2174, '52709685 ', '123456', 'paciente'),
(2175, '52709686 ', '123456', 'paciente'),
(2176, '52709687 ', '123456', 'paciente'),
(2177, '52709688 ', '123456', 'paciente'),
(2178, '52709689 ', '123456', 'paciente'),
(2179, '52709690 ', '123456', 'paciente'),
(2180, '52709691 ', '123456', 'paciente'),
(2181, '52709692 ', '123456', 'paciente'),
(2182, '52709693 ', '123456', 'paciente'),
(2183, '52709694 ', '123456', 'paciente'),
(2184, '52709695 ', '123456', 'paciente'),
(2185, '52709696 ', '123456', 'paciente'),
(2186, '52709697 ', '123456', 'paciente'),
(2187, '52709698 ', '123456', 'paciente'),
(2188, '52709699 ', '123456', 'paciente'),
(2189, '52709700 ', '123456', 'paciente'),
(2190, '52709701 ', '123456', 'paciente'),
(2191, '52709702 ', '123456', 'paciente'),
(2192, '52709703 ', '123456', 'paciente'),
(2193, '52709704 ', '123456', 'paciente'),
(2194, '52709705 ', '123456', 'paciente'),
(2195, '52709706 ', '123456', 'paciente'),
(2196, '52709707 ', '123456', 'paciente'),
(2197, '52709708 ', '123456', 'paciente'),
(2198, '52709709 ', '123456', 'paciente'),
(2199, '52709710 ', '123456', 'paciente'),
(2200, '52709711 ', '123456', 'paciente'),
(2201, '52709712 ', '123456', 'paciente'),
(2202, '52709713 ', '123456', 'paciente'),
(2203, '52709714 ', '123456', 'paciente'),
(2204, '52709715 ', '123456', 'paciente'),
(2205, '52709716 ', '123456', 'paciente'),
(2206, '52709717 ', '123456', 'paciente'),
(2207, '52709718 ', '123456', 'paciente'),
(2208, '52709719 ', '123456', 'paciente'),
(2209, '52709720 ', '123456', 'paciente'),
(2210, '52709721 ', '123456', 'paciente'),
(2211, '52709722 ', '123456', 'paciente'),
(2212, '52709723 ', '123456', 'paciente'),
(2213, '52709724 ', '123456', 'paciente'),
(2214, '52709725 ', '123456', 'paciente'),
(2215, '52709726 ', '123456', 'paciente'),
(2216, '52709727 ', '123456', 'paciente'),
(2217, '52709728 ', '123456', 'paciente'),
(2218, '52709729 ', '123456', 'paciente'),
(2219, '52709730 ', '123456', 'paciente'),
(2220, '52709731 ', '123456', 'paciente'),
(2221, '52709732 ', '123456', 'paciente'),
(2222, '52709733 ', '123456', 'paciente'),
(2223, '52709734 ', '123456', 'paciente'),
(2224, '52709735 ', '123456', 'paciente'),
(2225, '52709736 ', '123456', 'paciente'),
(2226, '52709737 ', '123456', 'paciente'),
(2227, '52709738 ', '123456', 'paciente'),
(2228, '52709739 ', '123456', 'paciente'),
(2229, '52709740 ', '123456', 'paciente'),
(2230, '52709741 ', '123456', 'paciente'),
(2231, '52709742 ', '123456', 'paciente'),
(2232, '52709743 ', '123456', 'paciente'),
(2233, '52709744 ', '123456', 'paciente'),
(2234, '52709745 ', '123456', 'paciente'),
(2235, '52709746 ', '123456', 'paciente'),
(2236, '52709747 ', '123456', 'paciente'),
(2237, '52709748 ', '123456', 'paciente'),
(2238, '52709749 ', '123456', 'paciente'),
(2239, '52709750 ', '123456', 'paciente'),
(2240, '52709751 ', '123456', 'paciente'),
(2241, '52709752 ', '123456', 'paciente'),
(2242, '52709753 ', '123456', 'paciente'),
(2243, '52709754 ', '123456', 'paciente'),
(2244, '52709755 ', '123456', 'paciente'),
(2245, '52709756 ', '123456', 'paciente'),
(2246, '52709757 ', '123456', 'paciente'),
(2247, '52709758 ', '123456', 'paciente'),
(2248, '52709759 ', '123456', 'paciente'),
(2249, '52709760 ', '123456', 'paciente'),
(2250, '52709761 ', '123456', 'paciente'),
(2251, '52709762 ', '123456', 'paciente'),
(2252, '52709763 ', '123456', 'paciente'),
(2253, '52709764 ', '123456', 'paciente'),
(2254, '52709765 ', '123456', 'paciente'),
(2255, '52709766 ', '123456', 'paciente'),
(2256, '52709767 ', '123456', 'paciente'),
(2257, '52709768 ', '123456', 'paciente'),
(2258, '52709769 ', '123456', 'paciente'),
(2259, '52709770 ', '123456', 'paciente'),
(2260, '52709771 ', '123456', 'paciente'),
(2261, '52709772 ', '123456', 'paciente'),
(2262, '52709773 ', '123456', 'paciente'),
(2263, '52709774 ', '123456', 'paciente'),
(2264, '52709775 ', '123456', 'paciente'),
(2265, '52709776 ', '123456', 'paciente'),
(2266, '52709777 ', '123456', 'paciente'),
(2267, '52709778 ', '123456', 'paciente'),
(2268, '52709779 ', '123456', 'paciente'),
(2269, '52709780 ', '123456', 'paciente'),
(2270, '52709781 ', '123456', 'paciente'),
(2271, '52709782 ', '123456', 'paciente'),
(2272, '52709783 ', '123456', 'paciente'),
(2273, '52709784 ', '123456', 'paciente'),
(2274, '52709785 ', '123456', 'paciente'),
(2275, '52709786 ', '123456', 'paciente'),
(2276, '52709787 ', '123456', 'paciente'),
(2277, '52709788 ', '123456', 'paciente'),
(2278, '52709789 ', '123456', 'paciente'),
(2279, '52709790 ', '123456', 'paciente'),
(2280, '52709791 ', '123456', 'paciente'),
(2281, '52709792 ', '123456', 'paciente'),
(2282, '52709793 ', '123456', 'paciente'),
(2283, '52709794 ', '123456', 'paciente'),
(2284, '52709795 ', '123456', 'paciente'),
(2285, '52709796 ', '123456', 'paciente'),
(2286, '52709797 ', '123456', 'paciente'),
(2287, '52709798 ', '123456', 'paciente'),
(2288, '52709799 ', '123456', 'paciente'),
(2289, '52709800 ', '123456', 'paciente'),
(2290, '52709801 ', '123456', 'paciente'),
(2291, '52709802 ', '123456', 'paciente'),
(2292, '52709803 ', '123456', 'paciente'),
(2293, '52709804 ', '123456', 'paciente'),
(2294, '52709805 ', '123456', 'paciente'),
(2295, '52709806 ', '123456', 'paciente'),
(2296, '52709807 ', '123456', 'paciente'),
(2297, '52709808 ', '123456', 'paciente'),
(2298, '52709809 ', '123456', 'paciente'),
(2299, '52709810 ', '123456', 'paciente'),
(2300, '52709811 ', '123456', 'paciente'),
(2301, '52709812 ', '123456', 'paciente'),
(2302, '52709813 ', '123456', 'paciente'),
(2303, '52709814 ', '123456', 'paciente'),
(2304, '52709815 ', '123456', 'paciente'),
(2305, '52709816 ', '123456', 'paciente'),
(2306, '52709817 ', '123456', 'paciente'),
(2307, '52709818 ', '123456', 'paciente'),
(2308, '52709819 ', '123456', 'paciente'),
(2309, '52709820 ', '123456', 'paciente'),
(2310, '52709821 ', '123456', 'paciente'),
(2311, '52709822 ', '123456', 'paciente'),
(2312, '52709823 ', '123456', 'paciente'),
(2313, '52709824 ', '123456', 'paciente'),
(2314, '52709825 ', '123456', 'paciente'),
(2315, '52709826 ', '123456', 'paciente'),
(2316, '52709827 ', '123456', 'paciente'),
(2317, '52709828 ', '123456', 'paciente'),
(2318, '52709829 ', '123456', 'paciente'),
(2319, '52709830 ', '123456', 'paciente'),
(2320, '52709831 ', '123456', 'paciente'),
(2321, '52709832 ', '123456', 'paciente'),
(2322, '52709833 ', '123456', 'paciente'),
(2323, '52709834 ', '123456', 'paciente'),
(2324, '52709835 ', '123456', 'paciente'),
(2325, '52709836 ', '123456', 'paciente'),
(2326, '52709837 ', '123456', 'paciente'),
(2327, '52709838 ', '123456', 'paciente'),
(2328, '52709839 ', '123456', 'paciente'),
(2329, '52709840 ', '123456', 'paciente'),
(2330, '52709841 ', '123456', 'paciente'),
(2331, '52709842 ', '123456', 'paciente'),
(2332, '52709843 ', '123456', 'paciente'),
(2333, '52709844 ', '123456', 'paciente'),
(2334, '52709845 ', '123456', 'paciente'),
(2335, '52709846 ', '123456', 'paciente'),
(2336, '52709847 ', '123456', 'paciente'),
(2337, '52709848 ', '123456', 'paciente'),
(2338, '52709849 ', '123456', 'paciente'),
(2339, '52709850 ', '123456', 'paciente'),
(2340, '52709851 ', '123456', 'paciente'),
(2341, '52709852 ', '123456', 'paciente'),
(2342, '52709853 ', '123456', 'paciente'),
(2343, '52709854 ', '123456', 'paciente'),
(2344, '52709855 ', '123456', 'paciente'),
(2345, '52709856 ', '123456', 'paciente'),
(2346, '52709857 ', '123456', 'paciente'),
(2347, '52709858 ', '123456', 'paciente'),
(2348, '52709859 ', '123456', 'paciente'),
(2349, '52709860 ', '123456', 'paciente'),
(2350, '52709861 ', '123456', 'paciente'),
(2351, '52709862 ', '123456', 'paciente'),
(2352, '52709863 ', '123456', 'paciente'),
(2353, '52709864 ', '123456', 'paciente'),
(2354, '52709865 ', '123456', 'paciente'),
(2355, '52709866 ', '123456', 'paciente'),
(2356, '52709867 ', '123456', 'paciente'),
(2357, '52709868 ', '123456', 'paciente'),
(2358, '52709869 ', '123456', 'paciente'),
(2359, '52709870 ', '123456', 'paciente'),
(2360, '52709871 ', '123456', 'paciente'),
(2361, '52709872 ', '123456', 'paciente'),
(2362, '52709873 ', '123456', 'paciente'),
(2363, '52709874 ', '123456', 'paciente'),
(2364, '52709875 ', '123456', 'paciente'),
(2365, '52709876 ', '123456', 'paciente'),
(2366, '52709877 ', '123456', 'paciente'),
(2367, '52709878 ', '123456', 'paciente'),
(2368, '52709879 ', '123456', 'paciente'),
(2369, '52709880 ', '123456', 'paciente'),
(2370, '52709881 ', '123456', 'paciente'),
(2371, '52709882 ', '123456', 'paciente'),
(2372, '52709883 ', '123456', 'paciente'),
(2373, '52709884 ', '123456', 'paciente'),
(2374, '52709885 ', '123456', 'paciente'),
(2375, '52709886 ', '123456', 'paciente'),
(2376, '52709887 ', '123456', 'paciente'),
(2377, '52709888 ', '123456', 'paciente'),
(2378, '52709889 ', '123456', 'paciente'),
(2379, '52709890 ', '123456', 'paciente'),
(2380, '52709891 ', '123456', 'paciente'),
(2381, '52709892 ', '123456', 'paciente'),
(2382, '52709893 ', '123456', 'paciente'),
(2383, '52709894 ', '123456', 'paciente'),
(2384, '52709895 ', '123456', 'paciente'),
(2385, '52709896 ', '123456', 'paciente'),
(2386, '52709897 ', '123456', 'paciente'),
(2387, '52709898 ', '123456', 'paciente'),
(2388, '52709899 ', '123456', 'paciente'),
(2389, '52709900 ', '123456', 'paciente'),
(2390, '52709901 ', '123456', 'paciente'),
(2391, '52709902 ', '123456', 'paciente'),
(2392, '52709903 ', '123456', 'paciente'),
(2393, '52709904 ', '123456', 'paciente'),
(2394, '52709905 ', '123456', 'paciente'),
(2395, '52709906 ', '123456', 'paciente'),
(2396, '52709907 ', '123456', 'paciente'),
(2397, '52709908 ', '123456', 'paciente'),
(2398, '52709909 ', '123456', 'paciente'),
(2399, '52709910 ', '123456', 'paciente'),
(2400, '52709911 ', '123456', 'paciente'),
(2401, '52709912 ', '123456', 'paciente'),
(2402, '52709913 ', '123456', 'paciente'),
(2403, '52709914 ', '123456', 'paciente'),
(2404, '52709915 ', '123456', 'paciente'),
(2405, '52709916 ', '123456', 'paciente'),
(2406, '52709917 ', '123456', 'paciente'),
(2407, '52709918 ', '123456', 'paciente'),
(2408, '52709919 ', '123456', 'paciente'),
(2409, '52709920 ', '123456', 'paciente'),
(2410, '52709921 ', '123456', 'paciente'),
(2411, '52709922 ', '123456', 'paciente'),
(2412, '52709923 ', '123456', 'paciente'),
(2413, '52709924 ', '123456', 'paciente'),
(2414, '52709925 ', '123456', 'paciente'),
(2415, '52709926 ', '123456', 'paciente'),
(2416, '52709927 ', '123456', 'paciente'),
(2417, '52709928 ', '123456', 'paciente'),
(2418, '52709929 ', '123456', 'paciente'),
(2419, '52709930 ', '123456', 'paciente'),
(2420, '52709931 ', '123456', 'paciente'),
(2421, '52709932 ', '123456', 'paciente'),
(2422, '52709933 ', '123456', 'paciente'),
(2423, '52709934 ', '123456', 'paciente'),
(2424, '52709935 ', '123456', 'paciente'),
(2425, '52709936 ', '123456', 'paciente'),
(2426, '52709937 ', '123456', 'paciente'),
(2427, '52709938 ', '123456', 'paciente'),
(2428, '52709939 ', '123456', 'paciente'),
(2429, '52709940 ', '123456', 'paciente'),
(2430, '52709941 ', '123456', 'paciente'),
(2431, '52709942 ', '123456', 'paciente'),
(2432, '52709943 ', '123456', 'paciente'),
(2433, '52709944 ', '123456', 'paciente'),
(2434, '52709945 ', '123456', 'paciente'),
(2435, '52709946 ', '123456', 'paciente'),
(2436, '52709947 ', '123456', 'paciente'),
(2437, '52709948 ', '123456', 'paciente'),
(2438, '52709949 ', '123456', 'paciente'),
(2439, '52709950 ', '123456', 'paciente'),
(2440, '52709951 ', '123456', 'paciente'),
(2441, '52709952 ', '123456', 'paciente'),
(2442, '52709953 ', '123456', 'paciente'),
(2443, '52709954 ', '123456', 'paciente'),
(2444, '52709955 ', '123456', 'paciente'),
(2445, '52709956 ', '123456', 'paciente'),
(2446, '52709957 ', '123456', 'paciente'),
(2447, '52709958 ', '123456', 'paciente'),
(2448, '52709959 ', '123456', 'paciente'),
(2449, '52709960 ', '123456', 'paciente'),
(2450, '52709961 ', '123456', 'paciente'),
(2451, '52709962 ', '123456', 'paciente'),
(2452, '52709963 ', '123456', 'paciente'),
(2453, '52709964 ', '123456', 'paciente'),
(2454, '52709965 ', '123456', 'paciente'),
(2455, '52709966 ', '123456', 'paciente'),
(2456, '52709967 ', '123456', 'paciente'),
(2457, '52709968 ', '123456', 'paciente'),
(2458, '52709969 ', '123456', 'paciente'),
(2459, '52709970 ', '123456', 'paciente'),
(2460, '52709971 ', '123456', 'paciente'),
(2461, '52709972 ', '123456', 'paciente'),
(2462, '52709973 ', '123456', 'paciente'),
(2463, '52709974 ', '123456', 'paciente'),
(2464, '52709975 ', '123456', 'paciente'),
(2465, '52709976 ', '123456', 'paciente'),
(2466, '52709977 ', '123456', 'paciente'),
(2467, '52709978 ', '123456', 'paciente'),
(2468, '52709979 ', '123456', 'paciente'),
(2469, '52709980 ', '123456', 'paciente'),
(2470, '52709981 ', '123456', 'paciente'),
(2471, '52709982 ', '123456', 'paciente'),
(2472, '52709983 ', '123456', 'paciente'),
(2473, '52709984 ', '123456', 'paciente'),
(2474, '52709985 ', '123456', 'paciente'),
(2475, '52709986 ', '123456', 'paciente'),
(2476, '52709987 ', '123456', 'paciente'),
(2477, '52709988 ', '123456', 'paciente'),
(2478, '52709989 ', '123456', 'paciente'),
(2479, '52709990 ', '123456', 'paciente'),
(2480, '52709991 ', '123456', 'paciente'),
(2481, '52709992 ', '123456', 'paciente'),
(2482, '52709993 ', '123456', 'paciente'),
(2483, '52709994 ', '123456', 'paciente'),
(2484, '52709995 ', '123456', 'paciente'),
(2485, '52709996 ', '123456', 'paciente'),
(2486, '52709997 ', '123456', 'paciente'),
(2487, '52709998 ', '123456', 'paciente'),
(2488, '52709999 ', '123456', 'paciente'),
(2489, '52710000 ', '123456', 'paciente'),
(2490, '52710001 ', '123456', 'paciente'),
(2491, '52710002 ', '123456', 'paciente'),
(2492, '52710003 ', '123456', 'paciente'),
(2493, '52710004 ', '123456', 'paciente'),
(2494, '52710005 ', '123456', 'paciente'),
(2495, '52710006 ', '123456', 'paciente'),
(2496, '52710007 ', '123456', 'paciente'),
(2497, '52710008 ', '123456', 'paciente'),
(2498, '52710009 ', '123456', 'paciente'),
(2499, '52710010 ', '123456', 'paciente'),
(2500, '52710011 ', '123456', 'paciente'),
(2501, '52710012 ', '123456', 'paciente'),
(2502, '52710013 ', '123456', 'paciente'),
(2503, '52710014 ', '123456', 'paciente'),
(2504, '52710015 ', '123456', 'paciente'),
(2505, '52710016 ', '123456', 'paciente'),
(2506, '52710017 ', '123456', 'paciente'),
(2507, '52710018 ', '123456', 'paciente'),
(2508, '52710019 ', '123456', 'paciente'),
(2509, '52710020 ', '123456', 'paciente'),
(2510, '52710021 ', '123456', 'paciente'),
(2511, '52710022 ', '123456', 'paciente'),
(2512, '52710023 ', '123456', 'paciente'),
(2513, '52710024 ', '123456', 'paciente'),
(2514, '52710025 ', '123456', 'paciente'),
(2515, '52710026 ', '123456', 'paciente'),
(2516, '52710027 ', '123456', 'paciente'),
(2517, '52710028 ', '123456', 'paciente'),
(2518, '52710029 ', '123456', 'paciente'),
(2519, '52710030 ', '123456', 'paciente'),
(2520, '52710031 ', '123456', 'paciente'),
(2521, '52710032 ', '123456', 'paciente'),
(2522, '52710033 ', '123456', 'paciente'),
(2523, '52710034 ', '123456', 'paciente'),
(2524, '52710035 ', '123456', 'paciente'),
(2525, '52710036 ', '123456', 'paciente'),
(2526, '52710037 ', '123456', 'paciente'),
(2527, '52710038 ', '123456', 'paciente'),
(2528, '52710039 ', '123456', 'paciente'),
(2529, '52710040 ', '123456', 'paciente'),
(2530, '52710041 ', '123456', 'paciente'),
(2531, '52710042 ', '123456', 'paciente'),
(2532, '52710043 ', '123456', 'paciente'),
(2533, '52710044 ', '123456', 'paciente'),
(2534, '52710045 ', '123456', 'paciente'),
(2535, '52710046 ', '123456', 'paciente'),
(2536, '52710047 ', '123456', 'paciente'),
(2537, '52710048 ', '123456', 'paciente'),
(2538, '52710049 ', '123456', 'paciente'),
(2539, '52710050 ', '123456', 'paciente'),
(2540, '52710051 ', '123456', 'paciente'),
(2541, '52710052 ', '123456', 'paciente'),
(2542, '52710053 ', '123456', 'paciente'),
(2543, '52710054 ', '123456', 'paciente'),
(2544, '52710055 ', '123456', 'paciente'),
(2545, '52710056 ', '123456', 'paciente'),
(2546, '52710057 ', '123456', 'paciente'),
(2547, '52710058 ', '123456', 'paciente'),
(2548, '52710059 ', '123456', 'paciente'),
(2549, '52710060 ', '123456', 'paciente'),
(2550, '52710061 ', '123456', 'paciente'),
(2551, '52710062 ', '123456', 'paciente'),
(2552, '52710063 ', '123456', 'paciente'),
(2553, '52710064 ', '123456', 'paciente'),
(2554, '52710065 ', '123456', 'paciente'),
(2555, '52710066 ', '123456', 'paciente'),
(2556, '52710067 ', '123456', 'paciente'),
(2557, '52710068 ', '123456', 'paciente'),
(2558, '52710069 ', '123456', 'paciente'),
(2559, '52710070 ', '123456', 'paciente'),
(2560, '52710071 ', '123456', 'paciente'),
(2561, '52710072 ', '123456', 'paciente'),
(2562, '52710073 ', '123456', 'paciente'),
(2563, '52710074 ', '123456', 'paciente'),
(2564, '52710075 ', '123456', 'paciente'),
(2565, '52710076 ', '123456', 'paciente'),
(2566, '52710077 ', '123456', 'paciente'),
(2567, '52710078 ', '123456', 'paciente'),
(2568, '52710079 ', '123456', 'paciente'),
(2569, '52710080 ', '123456', 'paciente'),
(2570, '52710081 ', '123456', 'paciente'),
(2571, '52710082 ', '123456', 'paciente'),
(2572, '52710083 ', '123456', 'paciente'),
(2573, '52710084 ', '123456', 'paciente'),
(2574, '52710085 ', '123456', 'paciente'),
(2575, '52710086 ', '123456', 'paciente'),
(2576, '52710087 ', '123456', 'paciente'),
(2577, '52710088 ', '123456', 'paciente'),
(2578, '52710089 ', '123456', 'paciente'),
(2579, '52710090 ', '123456', 'paciente'),
(2580, '52710091 ', '123456', 'paciente'),
(2581, '52710092 ', '123456', 'paciente'),
(2582, '52710093 ', '123456', 'paciente'),
(2583, '52710094 ', '123456', 'paciente'),
(2584, '52710095 ', '123456', 'paciente'),
(2585, '52710096 ', '123456', 'paciente'),
(2586, '52710097 ', '123456', 'paciente'),
(2587, '52710098 ', '123456', 'paciente'),
(2588, '52710099 ', '123456', 'paciente'),
(2589, '52710100 ', '123456', 'paciente'),
(2590, '52710101 ', '123456', 'paciente'),
(2591, '52710102 ', '123456', 'paciente'),
(2592, '52710103 ', '123456', 'paciente'),
(2593, '52710104 ', '123456', 'paciente'),
(2594, '52710105 ', '123456', 'paciente'),
(2595, '52710106 ', '123456', 'paciente'),
(2596, '52710107 ', '123456', 'paciente'),
(2597, '52710108 ', '123456', 'paciente'),
(2598, '52710109 ', '123456', 'paciente'),
(2599, '52710110 ', '123456', 'paciente'),
(2600, '52710111 ', '123456', 'paciente'),
(2601, '52710112 ', '123456', 'paciente'),
(2602, '52710113 ', '123456', 'paciente'),
(2603, '52710114 ', '123456', 'paciente'),
(2604, '52710115 ', '123456', 'paciente'),
(2605, '52710116 ', '123456', 'paciente'),
(2606, '52710117 ', '123456', 'paciente'),
(2607, '52710118 ', '123456', 'paciente'),
(2608, '52710119 ', '123456', 'paciente'),
(2609, '52710120 ', '123456', 'paciente'),
(2610, '52710121 ', '123456', 'paciente'),
(2611, '52710122 ', '123456', 'paciente'),
(2612, '52710123 ', '123456', 'paciente'),
(2613, '52710124 ', '123456', 'paciente'),
(2614, '52710125 ', '123456', 'paciente'),
(2615, '52710126 ', '123456', 'paciente'),
(2616, '52710127 ', '123456', 'paciente'),
(2617, '52710128 ', '123456', 'paciente'),
(2618, '52710129 ', '123456', 'paciente'),
(2619, '52710130 ', '123456', 'paciente'),
(2620, '52710131 ', '123456', 'paciente'),
(2621, '52710132 ', '123456', 'paciente'),
(2622, '52710133 ', '123456', 'paciente'),
(2623, '52710134 ', '123456', 'paciente'),
(2624, '52710135 ', '123456', 'paciente'),
(2625, '52710136 ', '123456', 'paciente'),
(2626, '52710137 ', '123456', 'paciente'),
(2627, '52710138 ', '123456', 'paciente'),
(2628, '52710139 ', '123456', 'paciente'),
(2629, '52710140 ', '123456', 'paciente'),
(2630, '52710141 ', '123456', 'paciente'),
(2631, '52710142 ', '123456', 'paciente'),
(2632, '52710143 ', '123456', 'paciente'),
(2633, '52710144 ', '123456', 'paciente'),
(2634, '52710145 ', '123456', 'paciente'),
(2635, '52710146 ', '123456', 'paciente'),
(2636, '52710147 ', '123456', 'paciente'),
(2637, '52710148 ', '123456', 'paciente'),
(2638, '52710149 ', '123456', 'paciente'),
(2639, '52710150 ', '123456', 'paciente'),
(2640, '52710151 ', '123456', 'paciente'),
(2641, '52710152 ', '123456', 'paciente'),
(2642, '52710153 ', '123456', 'paciente'),
(2643, '52710154 ', '123456', 'paciente'),
(2644, '52710155 ', '123456', 'paciente'),
(2645, '52710156 ', '123456', 'paciente'),
(2646, '52710157 ', '123456', 'paciente'),
(2647, '52710158 ', '123456', 'paciente'),
(2648, '52710159 ', '123456', 'paciente'),
(2649, '52710160 ', '123456', 'paciente'),
(2650, '52710161 ', '123456', 'paciente'),
(2651, '52710162 ', '123456', 'paciente'),
(2652, '52710163 ', '123456', 'paciente'),
(2653, '52710164 ', '123456', 'paciente'),
(2654, '52710165 ', '123456', 'paciente'),
(2655, '52710166 ', '123456', 'paciente'),
(2656, '52710167 ', '123456', 'paciente'),
(2657, '52710168 ', '123456', 'paciente'),
(2658, '52710169 ', '123456', 'paciente'),
(2659, '52710170 ', '123456', 'paciente'),
(2660, '52710171 ', '123456', 'paciente'),
(2661, '52710172 ', '123456', 'paciente'),
(2662, '52710173 ', '123456', 'paciente'),
(2663, '52710174 ', '123456', 'paciente'),
(2664, '52710175 ', '123456', 'paciente'),
(2665, '52710176 ', '123456', 'paciente'),
(2666, '52710177 ', '123456', 'paciente'),
(2667, '52710178 ', '123456', 'paciente'),
(2668, '52710179 ', '123456', 'paciente'),
(2669, '52710180 ', '123456', 'paciente'),
(2670, '52710181 ', '123456', 'paciente'),
(2671, '52710182 ', '123456', 'paciente'),
(2672, '52710183 ', '123456', 'paciente'),
(2673, '52710184 ', '123456', 'paciente'),
(2674, '52710185 ', '123456', 'paciente'),
(2675, '52710186 ', '123456', 'paciente'),
(2676, '52710187 ', '123456', 'paciente'),
(2677, '52710188 ', '123456', 'paciente'),
(2678, '52710189 ', '123456', 'paciente'),
(2679, '52710190 ', '123456', 'paciente'),
(2680, '52710191 ', '123456', 'paciente'),
(2681, '52710192 ', '123456', 'paciente'),
(2682, '52710193 ', '123456', 'paciente'),
(2683, '52710194 ', '123456', 'paciente'),
(2684, '52710195 ', '123456', 'paciente'),
(2685, '52710196 ', '123456', 'paciente'),
(2686, '52710197 ', '123456', 'paciente'),
(2687, '52710198 ', '123456', 'paciente'),
(2688, '52710199 ', '123456', 'paciente'),
(2689, '52710200 ', '123456', 'paciente'),
(2690, '52710201 ', '123456', 'paciente'),
(2691, '52710202 ', '123456', 'paciente'),
(2692, '52710203 ', '123456', 'paciente'),
(2693, '52710204 ', '123456', 'paciente'),
(2694, '52710205 ', '123456', 'paciente'),
(2695, '52710206 ', '123456', 'paciente'),
(2696, '52710207 ', '123456', 'paciente'),
(2697, '52710208 ', '123456', 'paciente'),
(2698, '52710209 ', '123456', 'paciente'),
(2699, '52710210 ', '123456', 'paciente'),
(2700, '52710211 ', '123456', 'paciente'),
(2701, '52710212 ', '123456', 'paciente'),
(2702, '52710213 ', '123456', 'paciente'),
(2703, '52710214 ', '123456', 'paciente'),
(2704, '52710215 ', '123456', 'paciente'),
(2705, '52710216 ', '123456', 'paciente'),
(2706, '52710217 ', '123456', 'paciente'),
(2707, '52710218 ', '123456', 'paciente'),
(2708, '52710219 ', '123456', 'paciente'),
(2709, '52710220 ', '123456', 'paciente'),
(2710, '52710221 ', '123456', 'paciente'),
(2711, '52710222 ', '123456', 'paciente'),
(2712, '52710223 ', '123456', 'paciente'),
(2713, '52710224 ', '123456', 'paciente'),
(2714, '52710225 ', '123456', 'paciente'),
(2715, '52710226 ', '123456', 'paciente'),
(2716, '52710227 ', '123456', 'paciente'),
(2717, '52710228 ', '123456', 'paciente'),
(2718, '52710229 ', '123456', 'paciente'),
(2719, '52710230 ', '123456', 'paciente'),
(2720, '52710231 ', '123456', 'paciente'),
(2721, '52710232 ', '123456', 'paciente'),
(2722, '52710233 ', '123456', 'paciente'),
(2723, '52710234 ', '123456', 'paciente'),
(2724, '52710235 ', '123456', 'paciente'),
(2725, '52710236 ', '123456', 'paciente'),
(2726, '52710237 ', '123456', 'paciente'),
(2727, '52710238 ', '123456', 'paciente'),
(2728, '52710239 ', '123456', 'paciente'),
(2729, '52710240 ', '123456', 'paciente'),
(2730, '52710241 ', '123456', 'paciente'),
(2731, '52710242 ', '123456', 'paciente'),
(2732, '52710243 ', '123456', 'paciente'),
(2733, '52710244 ', '123456', 'paciente'),
(2734, '52710245 ', '123456', 'paciente'),
(2735, '52710246 ', '123456', 'paciente'),
(2736, '52710247 ', '123456', 'paciente'),
(2737, '52710248 ', '123456', 'paciente'),
(2738, '52710249 ', '123456', 'paciente'),
(2739, '52710250 ', '123456', 'paciente'),
(2740, '52710251 ', '123456', 'paciente'),
(2741, '52710252 ', '123456', 'paciente'),
(2742, '52710253 ', '123456', 'paciente'),
(2743, '52710254 ', '123456', 'paciente'),
(2744, '52710255 ', '123456', 'paciente'),
(2745, '52710256 ', '123456', 'paciente'),
(2746, '52710257 ', '123456', 'paciente'),
(2747, '52710258 ', '123456', 'paciente'),
(2748, '52710259 ', '123456', 'paciente'),
(2749, '52710260 ', '123456', 'paciente'),
(2750, '52710261 ', '123456', 'paciente'),
(2751, '52710262 ', '123456', 'paciente'),
(2752, '52710263 ', '123456', 'paciente'),
(2753, '52710264 ', '123456', 'paciente'),
(2754, '52710265 ', '123456', 'paciente'),
(2755, '52710266 ', '123456', 'paciente'),
(2756, '52710267 ', '123456', 'paciente'),
(2757, '52710268 ', '123456', 'paciente'),
(2758, '52710269 ', '123456', 'paciente'),
(2759, '52710270 ', '123456', 'paciente'),
(2760, '52710271 ', '123456', 'paciente'),
(2761, '52710272 ', '123456', 'paciente'),
(2762, '52710273 ', '123456', 'paciente'),
(2763, '52710274 ', '123456', 'paciente'),
(2764, '52710275 ', '123456', 'paciente'),
(2765, '52710276 ', '123456', 'paciente'),
(2766, '52710277 ', '123456', 'paciente'),
(2767, '52710278 ', '123456', 'paciente'),
(2768, '52710279 ', '123456', 'paciente'),
(2769, '52710280 ', '123456', 'paciente'),
(2770, '52710281 ', '123456', 'paciente'),
(2771, '52710282 ', '123456', 'paciente'),
(2772, '52710283 ', '123456', 'paciente'),
(2773, '52710284 ', '123456', 'paciente'),
(2774, '52710285 ', '123456', 'paciente'),
(2775, '52710286 ', '123456', 'paciente'),
(2776, '52710287 ', '123456', 'paciente'),
(2777, '52710288 ', '123456', 'paciente'),
(2778, '52710289 ', '123456', 'paciente'),
(2779, '52710290 ', '123456', 'paciente'),
(2780, '52710291 ', '123456', 'paciente'),
(2781, '52710292 ', '123456', 'paciente'),
(2782, '52710293 ', '123456', 'paciente'),
(2783, '52710294 ', '123456', 'paciente'),
(2784, '52710295 ', '123456', 'paciente'),
(2785, '52710296 ', '123456', 'paciente'),
(2786, '52710297 ', '123456', 'paciente'),
(2787, '52710298 ', '123456', 'paciente'),
(2788, '52710299 ', '123456', 'paciente'),
(2789, '52710300 ', '123456', 'paciente'),
(2790, '52710301 ', '123456', 'paciente'),
(2791, '52710302 ', '123456', 'paciente'),
(2792, '52710303 ', '123456', 'paciente'),
(2793, '52710304 ', '123456', 'paciente'),
(2794, '52710305 ', '123456', 'paciente'),
(2795, '52710306 ', '123456', 'paciente'),
(2796, '52710307 ', '123456', 'paciente'),
(2797, '52710308 ', '123456', 'paciente'),
(2798, '52710309 ', '123456', 'paciente'),
(2799, '52710310 ', '123456', 'paciente'),
(2800, '52710311 ', '123456', 'paciente'),
(2801, '52710312 ', '123456', 'paciente'),
(2802, '52710313 ', '123456', 'paciente'),
(2803, '52710314 ', '123456', 'paciente'),
(2804, '52710315 ', '123456', 'paciente'),
(2805, '52710316 ', '123456', 'paciente'),
(2806, '52710317 ', '123456', 'paciente'),
(2807, '52710318 ', '123456', 'paciente'),
(2808, '52710319 ', '123456', 'paciente'),
(2809, '52710320 ', '123456', 'paciente'),
(2810, '52710321 ', '123456', 'paciente'),
(2811, '52710322 ', '123456', 'paciente'),
(2812, '52710323 ', '123456', 'paciente'),
(2813, '52710324 ', '123456', 'paciente'),
(2814, '52710325 ', '123456', 'paciente'),
(2815, '52710326 ', '123456', 'paciente'),
(2816, '52710327 ', '123456', 'paciente'),
(2817, '52710328 ', '123456', 'paciente'),
(2818, '52710329 ', '123456', 'paciente'),
(2819, '52710330 ', '123456', 'paciente'),
(2820, '52710331 ', '123456', 'paciente'),
(2821, '52710332 ', '123456', 'paciente'),
(2822, '52710333 ', '123456', 'paciente'),
(2823, '52710334 ', '123456', 'paciente'),
(2824, '52710335 ', '123456', 'paciente'),
(2825, '52710336 ', '123456', 'paciente'),
(2826, '52710337 ', '123456', 'paciente'),
(2827, '52710338 ', '123456', 'paciente'),
(2828, '52710339 ', '123456', 'paciente'),
(2829, '52710340 ', '123456', 'paciente'),
(2830, '52710341 ', '123456', 'paciente'),
(2831, '52710342 ', '123456', 'paciente'),
(2832, '52710343 ', '123456', 'paciente'),
(2833, '52710344 ', '123456', 'paciente'),
(2834, '52710345 ', '123456', 'paciente'),
(2835, '52710346 ', '123456', 'paciente'),
(2836, '52710347 ', '123456', 'paciente'),
(2837, '52710348 ', '123456', 'paciente'),
(2838, '52710349 ', '123456', 'paciente'),
(2839, '52710350 ', '123456', 'paciente'),
(2840, '52710351 ', '123456', 'paciente'),
(2841, '52710352 ', '123456', 'paciente'),
(2842, '52710353 ', '123456', 'paciente'),
(2843, '52710354 ', '123456', 'paciente'),
(2844, '52710355 ', '123456', 'paciente'),
(2845, '52710356 ', '123456', 'paciente'),
(2846, '52710357 ', '123456', 'paciente'),
(2847, '52710358 ', '123456', 'paciente'),
(2848, '52710359 ', '123456', 'paciente'),
(2849, '52710360 ', '123456', 'paciente'),
(2850, '52710361 ', '123456', 'paciente'),
(2851, '52710362 ', '123456', 'paciente'),
(2852, '52710363 ', '123456', 'paciente'),
(2853, '52710364 ', '123456', 'paciente'),
(2854, '52710365 ', '123456', 'paciente'),
(2855, '52710366 ', '123456', 'paciente'),
(2856, '52710367 ', '123456', 'paciente'),
(2857, '52710368 ', '123456', 'paciente'),
(2858, '52710369 ', '123456', 'paciente'),
(2859, '52710370 ', '123456', 'paciente'),
(2860, '52710371 ', '123456', 'paciente'),
(2861, '52710372 ', '123456', 'paciente'),
(2862, '52710373 ', '123456', 'paciente'),
(2863, '52710374 ', '123456', 'paciente'),
(2864, '52710375 ', '123456', 'paciente'),
(2865, '52710376 ', '123456', 'paciente'),
(2866, '52710377 ', '123456', 'paciente'),
(2867, '52710378 ', '123456', 'paciente'),
(2868, '52710379 ', '123456', 'paciente'),
(2869, '52710380 ', '123456', 'paciente'),
(2870, '52710381 ', '123456', 'paciente'),
(2871, '52710382 ', '123456', 'paciente'),
(2872, '52710383 ', '123456', 'paciente'),
(2873, '52710384 ', '123456', 'paciente'),
(2874, '52710385 ', '123456', 'paciente'),
(2875, '52710386 ', '123456', 'paciente'),
(2876, '52710387 ', '123456', 'paciente'),
(2877, '52710388 ', '123456', 'paciente'),
(2878, '52710389 ', '123456', 'paciente'),
(2879, '52710390 ', '123456', 'paciente'),
(2880, '52710391 ', '123456', 'paciente'),
(2881, '52710392 ', '123456', 'paciente'),
(2882, '52710393 ', '123456', 'paciente'),
(2883, '52710394 ', '123456', 'paciente'),
(2884, '52710395 ', '123456', 'paciente'),
(2885, '52710396 ', '123456', 'paciente'),
(2886, '52710397 ', '123456', 'paciente'),
(2887, '52710398 ', '123456', 'paciente'),
(2888, '52710399 ', '123456', 'paciente'),
(2889, '52710400 ', '123456', 'paciente'),
(2890, '52710401 ', '123456', 'paciente'),
(2891, '52710402 ', '123456', 'paciente'),
(2892, '52710403 ', '123456', 'paciente'),
(2893, '52710404 ', '123456', 'paciente'),
(2894, '52710405 ', '123456', 'paciente'),
(2895, '52710406 ', '123456', 'paciente'),
(2896, '52710407 ', '123456', 'paciente'),
(2897, '52710408 ', '123456', 'paciente'),
(2898, '52710409 ', '123456', 'paciente'),
(2899, '52710410 ', '123456', 'paciente'),
(2900, '52710411 ', '123456', 'paciente'),
(2901, '52710412 ', '123456', 'paciente'),
(2902, '52710413 ', '123456', 'paciente'),
(2903, '52710414 ', '123456', 'paciente'),
(2904, '52710415 ', '123456', 'paciente'),
(2905, '52710416 ', '123456', 'paciente'),
(2906, '52710417 ', '123456', 'paciente'),
(2907, '52710418 ', '123456', 'paciente'),
(2908, '52710419 ', '123456', 'paciente'),
(2909, '52710420 ', '123456', 'paciente'),
(2910, '52710421 ', '123456', 'paciente'),
(2911, '52710422 ', '123456', 'paciente'),
(2912, '52710423 ', '123456', 'paciente'),
(2913, '52710424 ', '123456', 'paciente'),
(2914, '52710425 ', '123456', 'paciente'),
(2915, '52710426 ', '123456', 'paciente'),
(2916, '52710427 ', '123456', 'paciente'),
(2917, '52710428 ', '123456', 'paciente'),
(2918, '52710429 ', '123456', 'paciente'),
(2919, '52710430 ', '123456', 'paciente'),
(2920, '52710431 ', '123456', 'paciente'),
(2921, '52710432 ', '123456', 'paciente'),
(2922, '52710433 ', '123456', 'paciente'),
(2923, '52710434 ', '123456', 'paciente'),
(2924, '52710435 ', '123456', 'paciente'),
(2925, '52710436 ', '123456', 'paciente'),
(2926, '52710437 ', '123456', 'paciente'),
(2927, '52710438 ', '123456', 'paciente'),
(2928, '52710439 ', '123456', 'paciente'),
(2929, '52710440 ', '123456', 'paciente'),
(2930, '52710441 ', '123456', 'paciente'),
(2931, '52710442 ', '123456', 'paciente'),
(2932, '52710443 ', '123456', 'paciente'),
(2933, '52710444 ', '123456', 'paciente'),
(2934, '52710445 ', '123456', 'paciente'),
(2935, '52710446 ', '123456', 'paciente'),
(2936, '52710447 ', '123456', 'paciente'),
(2937, '52710448 ', '123456', 'paciente'),
(2938, '52710449 ', '123456', 'paciente'),
(2939, '52710450 ', '123456', 'paciente'),
(2940, '52710451 ', '123456', 'paciente'),
(2941, '52710452 ', '123456', 'paciente'),
(2942, '52710453 ', '123456', 'paciente'),
(2943, '52710454 ', '123456', 'paciente'),
(2944, '52710455 ', '123456', 'paciente'),
(2945, '52710456 ', '123456', 'paciente'),
(2946, '52710457 ', '123456', 'paciente'),
(2947, '52710458 ', '123456', 'paciente'),
(2948, '52710459 ', '123456', 'paciente'),
(2949, '52710460 ', '123456', 'paciente'),
(2950, '52710461 ', '123456', 'paciente'),
(2951, '52710462 ', '123456', 'paciente'),
(2952, '52710463 ', '123456', 'paciente'),
(2953, '52710464 ', '123456', 'paciente'),
(2954, '52710465 ', '123456', 'paciente'),
(2955, '52710466 ', '123456', 'paciente'),
(2956, '52710467 ', '123456', 'paciente'),
(2957, '52710468 ', '123456', 'paciente'),
(2958, '52710469 ', '123456', 'paciente'),
(2959, '52710470 ', '123456', 'paciente'),
(2960, '52710471 ', '123456', 'paciente'),
(2961, '52710472 ', '123456', 'paciente'),
(2962, '52710473 ', '123456', 'paciente'),
(2963, '52710474 ', '123456', 'paciente'),
(2964, '52710475 ', '123456', 'paciente'),
(2965, '52710476 ', '123456', 'paciente'),
(2966, '52710477 ', '123456', 'paciente'),
(2967, '52710478 ', '123456', 'paciente'),
(2968, '52710479 ', '123456', 'paciente'),
(2969, '52710480 ', '123456', 'paciente'),
(2970, '52710481 ', '123456', 'paciente'),
(2971, '52710482 ', '123456', 'paciente'),
(2972, '52710483 ', '123456', 'paciente'),
(2973, '52710484 ', '123456', 'paciente'),
(2974, '52710485 ', '123456', 'paciente'),
(2975, '52710486 ', '123456', 'paciente'),
(2976, '52710487 ', '123456', 'paciente'),
(2977, '52710488 ', '123456', 'paciente'),
(2978, '52710489 ', '123456', 'paciente'),
(2979, '52710490 ', '123456', 'paciente'),
(2980, '52710491 ', '123456', 'paciente'),
(2981, '52710492 ', '123456', 'paciente'),
(2982, '52710493 ', '123456', 'paciente'),
(2983, '52710494 ', '123456', 'paciente'),
(2984, '52710495 ', '123456', 'paciente'),
(2985, '52710496 ', '123456', 'paciente'),
(2986, '52710497 ', '123456', 'paciente'),
(2987, '52710498 ', '123456', 'paciente'),
(2988, '52710499 ', '123456', 'paciente'),
(2989, '52710500 ', '123456', 'paciente'),
(2990, '52710501 ', '123456', 'paciente'),
(2991, '52710502 ', '123456', 'paciente'),
(2992, '52710503 ', '123456', 'paciente'),
(2993, '52710504 ', '123456', 'paciente'),
(2994, '52710505 ', '123456', 'paciente'),
(2995, '52710506 ', '123456', 'paciente'),
(2996, '52710507 ', '123456', 'paciente'),
(2997, '52710508 ', '123456', 'paciente'),
(2998, '52710509 ', '123456', 'paciente'),
(2999, '52710510 ', '123456', 'paciente'),
(3000, '52710511 ', '123456', 'paciente'),
(3001, '52710512 ', '123456', 'paciente'),
(3002, '52710513 ', '123456', 'paciente'),
(3003, '52710514 ', '123456', 'paciente'),
(3004, '52710515 ', '123456', 'paciente'),
(3005, '52710516 ', '123456', 'paciente'),
(3006, '52710517 ', '123456', 'paciente'),
(3007, '52710518 ', '123456', 'paciente'),
(3008, '52710519 ', '123456', 'paciente'),
(3009, '52710520 ', '123456', 'paciente'),
(3010, '52710521 ', '123456', 'paciente'),
(3011, '52710522 ', '123456', 'paciente'),
(3012, '52710523 ', '123456', 'paciente'),
(3013, '52710524 ', '123456', 'paciente'),
(3014, '52710525 ', '123456', 'paciente'),
(3015, '52710526 ', '123456', 'paciente'),
(3016, '52710527 ', '123456', 'paciente'),
(3017, '52710528 ', '123456', 'paciente'),
(3018, '52710529 ', '123456', 'paciente'),
(3019, '52710530 ', '123456', 'paciente'),
(3020, '52710531 ', '123456', 'paciente'),
(3021, '52710532 ', '123456', 'paciente'),
(3022, '52710533 ', '123456', 'paciente'),
(3023, '52710534 ', '123456', 'paciente'),
(3024, '52710535 ', '123456', 'paciente'),
(3025, '52710536 ', '123456', 'paciente'),
(3026, '52710537 ', '123456', 'paciente'),
(3027, '52710538 ', '123456', 'paciente'),
(3028, '52710539 ', '123456', 'paciente'),
(3029, '52710540 ', '123456', 'paciente'),
(3030, '52710541 ', '123456', 'paciente'),
(3031, '52710542 ', '123456', 'paciente'),
(3032, '52710543 ', '123456', 'paciente'),
(3033, '52710544 ', '123456', 'paciente'),
(3034, '52710545 ', '123456', 'paciente'),
(3035, '52710546 ', '123456', 'paciente'),
(3036, '52710547 ', '123456', 'paciente'),
(3037, '52710548 ', '123456', 'paciente'),
(3038, '52710549 ', '123456', 'paciente'),
(3039, '52710550 ', '123456', 'paciente'),
(3040, '52710551 ', '123456', 'paciente'),
(3041, '52710552 ', '123456', 'paciente'),
(3042, '52710553 ', '123456', 'paciente'),
(3043, '52710554 ', '123456', 'paciente'),
(3044, '52710555 ', '123456', 'paciente'),
(3045, '52710556 ', '123456', 'paciente'),
(3046, '52710557 ', '123456', 'paciente'),
(3047, '52710558 ', '123456', 'paciente'),
(3048, '52710559 ', '123456', 'paciente'),
(3049, '52710560 ', '123456', 'paciente'),
(3050, '52710561 ', '123456', 'paciente'),
(3051, '52710562 ', '123456', 'paciente'),
(3052, '52710563 ', '123456', 'paciente'),
(3053, '52710564 ', '123456', 'paciente'),
(3054, '52710565 ', '123456', 'paciente'),
(3055, '52710566 ', '123456', 'paciente'),
(3056, '52710567 ', '123456', 'paciente'),
(3057, '52710568 ', '123456', 'paciente'),
(3058, '52710569 ', '123456', 'paciente'),
(3059, '52710570 ', '123456', 'paciente'),
(3060, '52710571 ', '123456', 'paciente'),
(3061, '52710572 ', '123456', 'paciente'),
(3062, '52710573 ', '123456', 'paciente'),
(3063, '52710574 ', '123456', 'paciente'),
(3064, '52710575 ', '123456', 'paciente'),
(3065, '52710576 ', '123456', 'paciente'),
(3066, '52710577 ', '123456', 'paciente'),
(3067, '52710578 ', '123456', 'paciente'),
(3068, '52710579 ', '123456', 'paciente'),
(3069, '52710580 ', '123456', 'paciente'),
(3070, '52710581 ', '123456', 'paciente'),
(3071, '52710582 ', '123456', 'paciente'),
(3072, '52710583 ', '123456', 'paciente'),
(3073, '52710584 ', '123456', 'paciente'),
(3074, '52710585 ', '123456', 'paciente'),
(3075, '52710586 ', '123456', 'paciente'),
(3076, '52710587 ', '123456', 'paciente'),
(3077, '52710588 ', '123456', 'paciente'),
(3078, '52710589 ', '123456', 'paciente'),
(3079, '52710590 ', '123456', 'paciente'),
(3080, '52710591 ', '123456', 'paciente'),
(3081, '52710592 ', '123456', 'paciente'),
(3082, '52710593 ', '123456', 'paciente'),
(3083, '52710594 ', '123456', 'paciente'),
(3084, '52710595 ', '123456', 'paciente'),
(3085, '52710596 ', '123456', 'paciente'),
(3086, '52710597 ', '123456', 'paciente'),
(3087, '52710598 ', '123456', 'paciente'),
(3088, '52710599 ', '123456', 'paciente'),
(3089, '52710600 ', '123456', 'paciente'),
(3090, '52710601 ', '123456', 'paciente'),
(3091, '52710602 ', '123456', 'paciente'),
(3092, '52710603 ', '123456', 'paciente'),
(3093, '52710604 ', '123456', 'paciente'),
(3094, '52710605 ', '123456', 'paciente'),
(3095, '52710606 ', '123456', 'paciente'),
(3096, '52710607 ', '123456', 'paciente'),
(3097, '52710608 ', '123456', 'paciente'),
(3098, '52710609 ', '123456', 'paciente'),
(3099, '52710610 ', '123456', 'paciente'),
(3100, '52710611 ', '123456', 'paciente'),
(3101, '52710612 ', '123456', 'paciente'),
(3102, '52710613 ', '123456', 'paciente'),
(3103, '52710614 ', '123456', 'paciente'),
(3104, '52710615 ', '123456', 'paciente'),
(3105, '52710616 ', '123456', 'paciente'),
(3106, '52710617 ', '123456', 'paciente'),
(3107, '52710618 ', '123456', 'paciente'),
(3108, '52710619 ', '123456', 'paciente'),
(3109, '52710620 ', '123456', 'paciente'),
(3110, '52710621 ', '123456', 'paciente'),
(3111, '52710622 ', '123456', 'paciente'),
(3112, '52710623 ', '123456', 'paciente'),
(3113, '52710624 ', '123456', 'paciente'),
(3114, '52710625 ', '123456', 'paciente'),
(3115, '52710626 ', '123456', 'paciente'),
(3116, '52710627 ', '123456', 'paciente'),
(3117, '52710628 ', '123456', 'paciente'),
(3118, '52710629 ', '123456', 'paciente'),
(3119, '52710630 ', '123456', 'paciente'),
(3120, '52710631 ', '123456', 'paciente'),
(3121, '52710632 ', '123456', 'paciente'),
(3122, '52710633 ', '123456', 'paciente'),
(3123, '52710634 ', '123456', 'paciente'),
(3124, '52710635 ', '123456', 'paciente'),
(3125, '52710636 ', '123456', 'paciente'),
(3126, '52710637 ', '123456', 'paciente'),
(3127, '52710638 ', '123456', 'paciente'),
(3128, '52710639 ', '123456', 'paciente'),
(3129, '52710640 ', '123456', 'paciente'),
(3130, '52710641 ', '123456', 'paciente'),
(3131, '52710642 ', '123456', 'paciente'),
(3132, '52710643 ', '123456', 'paciente'),
(3133, '52710644 ', '123456', 'paciente'),
(3134, '52710645 ', '123456', 'paciente'),
(3135, '52710646 ', '123456', 'paciente'),
(3136, '52710647 ', '123456', 'paciente'),
(3137, '52710648 ', '123456', 'paciente'),
(3138, '52710649 ', '123456', 'paciente'),
(3139, '52710650 ', '123456', 'paciente'),
(3140, '52710651 ', '123456', 'paciente'),
(3141, '52710652 ', '123456', 'paciente'),
(3142, '52710653 ', '123456', 'paciente'),
(3143, '52710654 ', '123456', 'paciente'),
(3144, '52710655 ', '123456', 'paciente'),
(3145, '52710656 ', '123456', 'paciente'),
(3146, '52710657 ', '123456', 'paciente'),
(3147, '52710658 ', '123456', 'paciente'),
(3148, '52710659 ', '123456', 'paciente'),
(3149, '52710660 ', '123456', 'paciente'),
(3150, '52710661 ', '123456', 'paciente'),
(3151, '52710662 ', '123456', 'paciente'),
(3152, '52710663 ', '123456', 'paciente'),
(3153, '52710664 ', '123456', 'paciente'),
(3154, '52710665 ', '123456', 'paciente'),
(3155, '52710666 ', '123456', 'paciente'),
(3156, '52710667 ', '123456', 'paciente'),
(3157, '52710668 ', '123456', 'paciente'),
(3158, '52710669 ', '123456', 'paciente'),
(3159, '52710670 ', '123456', 'paciente'),
(3160, '52710671 ', '123456', 'paciente'),
(3161, '52710672 ', '123456', 'paciente'),
(3162, '52710673 ', '123456', 'paciente'),
(3163, '52710674 ', '123456', 'paciente'),
(3164, '52710675 ', '123456', 'paciente'),
(3165, '52710676 ', '123456', 'paciente'),
(3166, '52710677 ', '123456', 'paciente'),
(3167, '52710678 ', '123456', 'paciente'),
(3168, '52710679 ', '123456', 'paciente'),
(3169, '52710680 ', '123456', 'paciente'),
(3170, '52710681 ', '123456', 'paciente'),
(3171, '52710682 ', '123456', 'paciente'),
(3172, '52710683 ', '123456', 'paciente'),
(3173, '52710684 ', '123456', 'paciente'),
(3174, '52710685 ', '123456', 'paciente'),
(3175, '52710686 ', '123456', 'paciente'),
(3176, '52710687 ', '123456', 'paciente'),
(3177, '52710688 ', '123456', 'paciente'),
(3178, '52710689 ', '123456', 'paciente'),
(3179, '52710690 ', '123456', 'paciente'),
(3180, '52710691 ', '123456', 'paciente'),
(3181, '52710692 ', '123456', 'paciente'),
(3182, '52710693 ', '123456', 'paciente'),
(3183, '52710694 ', '123456', 'paciente'),
(3184, '52710695 ', '123456', 'paciente'),
(3185, '52710696 ', '123456', 'paciente'),
(3186, '52710697 ', '123456', 'paciente'),
(3187, '52710698 ', '123456', 'paciente'),
(3188, '52710699 ', '123456', 'paciente'),
(3189, '52710700 ', '123456', 'paciente'),
(3190, '52710701 ', '123456', 'paciente'),
(3191, '52710702 ', '123456', 'paciente'),
(3192, '52710703 ', '123456', 'paciente'),
(3193, '52710704 ', '123456', 'paciente'),
(3194, '52710705 ', '123456', 'paciente'),
(3195, '52710706 ', '123456', 'paciente'),
(3196, '52710707 ', '123456', 'paciente'),
(3197, '52710708 ', '123456', 'paciente'),
(3198, '52710709 ', '123456', 'paciente'),
(3199, '52710710 ', '123456', 'paciente'),
(3200, '52710711 ', '123456', 'paciente'),
(3201, '52710712 ', '123456', 'paciente'),
(3202, '52710713 ', '123456', 'paciente'),
(3203, '52710714 ', '123456', 'paciente'),
(3204, '52710715 ', '123456', 'paciente'),
(3205, '52710716 ', '123456', 'paciente'),
(3206, '52710717 ', '123456', 'paciente'),
(3207, '52710718 ', '123456', 'paciente'),
(3208, '52710719 ', '123456', 'paciente'),
(3209, '52710720 ', '123456', 'paciente'),
(3210, '52710721 ', '123456', 'paciente'),
(3211, '52710722 ', '123456', 'paciente'),
(3212, '52710723 ', '123456', 'paciente'),
(3213, '52710724 ', '123456', 'paciente'),
(3214, '52710725 ', '123456', 'paciente'),
(3215, '52710726 ', '123456', 'paciente'),
(3216, '52710727 ', '123456', 'paciente');
INSERT INTO `usuarios` (`id`, `username`, `password`, `tipo`) VALUES
(3217, '52710728 ', '123456', 'paciente'),
(3218, '52710729 ', '123456', 'paciente'),
(3219, '52710730 ', '123456', 'paciente'),
(3220, '52710731 ', '123456', 'paciente'),
(3221, '52710732 ', '123456', 'paciente'),
(3222, '52710733 ', '123456', 'paciente'),
(3223, '52710734 ', '123456', 'paciente'),
(3224, '52710735 ', '123456', 'paciente'),
(3225, '52710736 ', '123456', 'paciente'),
(3226, '52710737 ', '123456', 'paciente'),
(3227, '52710738 ', '123456', 'paciente'),
(3228, '52710739 ', '123456', 'paciente'),
(3229, '52710740 ', '123456', 'paciente'),
(3230, '52710741 ', '123456', 'paciente'),
(3231, '52710742 ', '123456', 'paciente'),
(3232, '52710743 ', '123456', 'paciente'),
(3233, '52710744 ', '123456', 'paciente'),
(3234, '52710745 ', '123456', 'paciente'),
(3235, '52710746 ', '123456', 'paciente'),
(3236, '52710747 ', '123456', 'paciente'),
(3237, '52710748 ', '123456', 'paciente'),
(3238, '52710749 ', '123456', 'paciente'),
(3239, '52710750 ', '123456', 'paciente'),
(3240, '52710751 ', '123456', 'paciente'),
(3241, '52710752 ', '123456', 'paciente'),
(3242, '52710753 ', '123456', 'paciente'),
(3243, '52710754 ', '123456', 'paciente'),
(3244, '52710755 ', '123456', 'paciente'),
(3245, '52710756 ', '123456', 'paciente'),
(3246, '52710757 ', '123456', 'paciente'),
(3247, '52710758 ', '123456', 'paciente'),
(3248, '52710759 ', '123456', 'paciente'),
(3249, '52710760 ', '123456', 'paciente'),
(3250, '52710761 ', '123456', 'paciente'),
(3251, '52710762 ', '123456', 'paciente'),
(3252, '52710763 ', '123456', 'paciente'),
(3253, '52710764 ', '123456', 'paciente'),
(3254, '52710765 ', '123456', 'paciente'),
(3255, '52710766 ', '123456', 'paciente'),
(3256, '52710767 ', '123456', 'paciente'),
(3257, '52710768 ', '123456', 'paciente'),
(3258, '52710769 ', '123456', 'paciente'),
(3259, '52710770 ', '123456', 'paciente'),
(3260, '80001 ', '123456', 'medico'),
(3261, '80002 ', '123456', 'medico'),
(3262, '80003 ', '123456', 'medico'),
(3263, '80004 ', '123456', 'medico'),
(3264, '80005 ', '123456', 'medico'),
(3265, '80006 ', '123456', 'medico'),
(3266, '80007 ', '123456', 'medico'),
(3267, '80008 ', '123456', 'medico'),
(3268, '80009 ', '123456', 'medico'),
(3269, '80010 ', '123456', 'medico'),
(3270, '80011 ', '123456', 'medico'),
(3271, '80012 ', '123456', 'medico'),
(3272, '80013 ', '123456', 'medico'),
(3273, '80014 ', '123456', 'medico'),
(3274, '80015 ', '123456', 'medico'),
(3275, '80016 ', '123456', 'medico'),
(3276, '80017 ', '123456', 'medico'),
(3277, '80018 ', '123456', 'medico'),
(3278, '80019 ', '123456', 'medico'),
(3279, '80020 ', '123456', 'medico'),
(3280, '80021 ', '123456', 'medico'),
(3281, '80022 ', '123456', 'medico'),
(3282, '80023 ', '123456', 'medico'),
(3283, '80024 ', '123456', 'medico'),
(3284, '80025 ', '123456', 'medico'),
(3285, '80026 ', '123456', 'medico'),
(3286, '80027 ', '123456', 'medico'),
(3287, '80028 ', '123456', 'medico'),
(3288, '80029 ', '123456', 'medico'),
(3289, '80030 ', '123456', 'medico'),
(3290, '80031 ', '123456', 'medico'),
(3291, '80032 ', '123456', 'medico'),
(3292, '80033 ', '123456', 'medico'),
(3293, '80034 ', '123456', 'medico'),
(3294, '80035 ', '123456', 'medico'),
(3295, '80036 ', '123456', 'medico'),
(3296, '80037 ', '123456', 'medico'),
(3297, '80038 ', '123456', 'medico'),
(3298, '80039 ', '123456', 'medico'),
(3299, '80040 ', '123456', 'medico'),
(3300, '80041 ', '123456', 'medico'),
(3301, '80042 ', '123456', 'medico'),
(3302, '80043 ', '123456', 'medico'),
(3303, '80044 ', '123456', 'medico'),
(3304, '80045 ', '123456', 'medico'),
(3305, '80046 ', '123456', 'medico'),
(3306, '80047 ', '123456', 'medico'),
(3307, '80048 ', '123456', 'medico'),
(3308, '80049 ', '123456', 'medico'),
(3309, '80050 ', '123456', 'medico'),
(3310, '80051 ', '123456', 'medico'),
(3311, '80052 ', '123456', 'medico'),
(3312, '80053 ', '123456', 'medico'),
(3313, '80054 ', '123456', 'medico'),
(3314, '80055 ', '123456', 'medico'),
(3315, '80056 ', '123456', 'medico'),
(3316, '80057 ', '123456', 'medico'),
(3317, '80058 ', '123456', 'medico'),
(3318, '80059 ', '123456', 'medico'),
(3319, '80060 ', '123456', 'medico'),
(3320, '80061 ', '123456', 'medico'),
(3321, '80062 ', '123456', 'medico'),
(3322, '80063 ', '123456', 'medico'),
(3323, '80064 ', '123456', 'medico'),
(3324, '80065 ', '123456', 'medico'),
(3325, '80066 ', '123456', 'medico'),
(3326, '80067 ', '123456', 'medico'),
(3327, '80068 ', '123456', 'medico'),
(3328, '80069 ', '123456', 'medico'),
(3329, '80070 ', '123456', 'medico'),
(3330, '80071 ', '123456', 'medico'),
(3331, '80072 ', '123456', 'medico'),
(3332, '80073 ', '123456', 'medico'),
(3333, '80074 ', '123456', 'medico'),
(3334, '80075 ', '123456', 'medico'),
(3335, '80076 ', '123456', 'medico'),
(3336, '80077 ', '123456', 'medico'),
(3337, '80078 ', '123456', 'medico'),
(3338, '80079 ', '123456', 'medico'),
(3339, '80080 ', '123456', 'medico'),
(3340, '80081 ', '123456', 'medico'),
(3341, '80082 ', '123456', 'medico'),
(3342, '80083 ', '123456', 'medico'),
(3343, '80084 ', '123456', 'medico'),
(3344, '80085 ', '123456', 'medico'),
(3345, '80086 ', '123456', 'medico'),
(3346, '80087 ', '123456', 'medico'),
(3347, '80088 ', '123456', 'medico'),
(3348, '80089 ', '123456', 'medico'),
(3349, '80090 ', '123456', 'medico'),
(3350, '80091 ', '123456', 'medico'),
(3351, '80092 ', '123456', 'medico'),
(3352, '80093 ', '123456', 'medico'),
(3353, '80094 ', '123456', 'medico'),
(3354, '80095 ', '123456', 'medico'),
(3355, '80096 ', '123456', 'medico'),
(3356, '80097 ', '123456', 'medico'),
(3357, '80098 ', '123456', 'medico'),
(3358, '80099 ', '123456', 'medico'),
(3359, '80100 ', '123456', 'medico'),
(3360, '80101 ', '123456', 'medico'),
(3361, '80102 ', '123456', 'medico'),
(3362, '80103 ', '123456', 'medico'),
(3363, '80104 ', '123456', 'medico'),
(3364, '80105 ', '123456', 'medico'),
(3365, '80106 ', '123456', 'medico'),
(3366, '80107 ', '123456', 'medico'),
(3367, '80108 ', '123456', 'medico'),
(3368, '80109 ', '123456', 'medico'),
(3369, '80110 ', '123456', 'medico'),
(3370, '80111 ', '123456', 'medico'),
(3371, '80112 ', '123456', 'medico'),
(3372, '80113 ', '123456', 'medico'),
(3373, '80114 ', '123456', 'medico'),
(3374, '80115 ', '123456', 'medico'),
(3375, '80116 ', '123456', 'medico'),
(3376, '80117 ', '123456', 'medico'),
(3377, '80118 ', '123456', 'medico'),
(3378, '80119 ', '123456', 'medico'),
(3379, '80120 ', '123456', 'medico'),
(3380, '80121 ', '123456', 'medico'),
(3381, '80122 ', '123456', 'medico'),
(3382, '80123 ', '123456', 'medico'),
(3383, '80124 ', '123456', 'medico'),
(3384, '80125 ', '123456', 'medico'),
(3385, '80126 ', '123456', 'medico'),
(3386, '80127 ', '123456', 'medico'),
(3387, '80128 ', '123456', 'medico'),
(3388, '80129 ', '123456', 'medico'),
(3389, '80130 ', '123456', 'medico'),
(3390, '80131 ', '123456', 'medico'),
(3391, '80132 ', '123456', 'medico'),
(3392, '80133 ', '123456', 'medico'),
(3393, '80134 ', '123456', 'medico'),
(3394, '80135 ', '123456', 'medico'),
(3395, '80136 ', '123456', 'medico'),
(3396, '80137 ', '123456', 'medico'),
(3397, '80138 ', '123456', 'medico'),
(3398, '80139 ', '123456', 'medico'),
(3399, '80140 ', '123456', 'medico'),
(3400, '80141 ', '123456', 'medico'),
(3401, '80142 ', '123456', 'medico'),
(3402, '80143 ', '123456', 'medico'),
(3403, '80144 ', '123456', 'medico'),
(3404, '80145 ', '123456', 'medico'),
(3405, '80146 ', '123456', 'medico'),
(3406, '80147 ', '123456', 'medico');

-- --------------------------------------------------------

--
-- Estructura de tabla para la tabla `visitante`
--

CREATE TABLE `visitante` (
  `id` int(11) NOT NULL,
  `nombre` varchar(30) DEFAULT NULL,
  `apellido` varchar(30) DEFAULT NULL
) ENGINE=InnoDB DEFAULT CHARSET=latin1;

--
-- Volcado de datos para la tabla `visitante`
--

INSERT INTO `visitante` (`id`, `nombre`, `apellido`) VALUES
(77001, 'JULIAN CAMILO', 'PACHECO CUADROS'),
(77002, 'JUAN SEBASTIAN', 'CHAVARRO SOLORZANO'),
(77003, 'CRISTIAN STEVEN', 'AMEZQUITA REYES'),
(77004, 'DUVAN ENRIQUE', 'SUA DURAN'),
(77005, 'LISBETH JANNETH', 'DELGADO DELACRUZ'),
(77006, 'FABIAN EDUARDO', 'CAJAMARCA REYES'),
(77007, 'JUAN DIEGO', 'GARCIA COTRINI'),
(77008, 'BRAYAN YESID', 'SANTOS GONZALEZ'),
(77009, 'JESUS DAVID', 'CHOACHI PINZON'),
(77010, 'LESLY DANIELA', 'HERNANDEZ BOHORQUEZ'),
(77011, 'FABIAN', 'PERDOMO BORJA'),
(77012, 'DEIBY EDILSON', 'MARROQUIN CARRILLO'),
(77013, 'LINA MARIA', 'SERRANO GIRALDO'),
(77014, 'DAVID ESTEBAN', 'PALACIOS TORRES'),
(77015, 'JHON PAOLO', 'OSORIO ROJAS'),
(77016, 'DIEGO NICOLÁS', 'ROBLES BENITEZ'),
(77017, 'ANDRES FELIPE', 'DEVIA DUQUE'),
(77018, 'ZHARIT KARINA', 'GUEVARA ORTIZ'),
(77019, 'SEBASTIAN', 'RODRIGUEZ MORENO'),
(77020, 'CRISTIAN DAVID', 'ASTORQUIZA PACHECO'),
(77021, 'BRAYAN STEVEN', 'RUIZ BAZURDO'),
(77022, 'JOSE DANIEL', 'GIRALDO GLORIA'),
(77023, 'MARLON SLEYDER', 'BAUTISTA BENITEZ'),
(77024, 'KEVIN SANTIAGO', 'BAUTISTA VERGARA'),
(77025, 'ANDRES FELIPE', 'VEGA FIERRO'),
(77026, 'VALENTINA', 'PILLIMUE BONILLA'),
(77027, 'JHOJAN SEBASTIAN', 'RODRIGUEZ HERNANDEZ'),
(77028, 'JAIRO STIVEN', 'VERA ROJAS'),
(77029, 'ANDRES FELIPE', 'LUQUE CAMERA'),
(77030, 'JUAN DIEGO', 'HEREDIA LARIOS'),
(77031, 'JUAN PABLO', 'NIÑO TORRES'),
(77032, 'JUAN DIEGO', 'SILVA PATIÑO'),
(77033, 'EDDIE SANTIAGO', 'RUIZ GUALTEROS'),
(77034, 'JEAN CARLOS', 'MARROQUIN MELGAREJO'),
(77035, 'SANTIAGO', 'SANCHEZ USMA'),
(77036, 'ANGEL FELIPE', 'BECERRA LATORRE'),
(77037, 'JUAN DAVID', 'ORTIZ NOVOA'),
(77038, 'JULIAN ESTEBAN', 'RUIZ DIAZ'),
(77039, 'CAROLINA', 'SALAZAR PACHON'),
(77040, 'JERSONN SAMIR', 'CHAVES SUAREZ'),
(77041, 'HANTZEL', 'CAPACHO CORTES'),
(77042, 'EMMANUEL', 'SEGURA BUELVAS'),
(77043, 'BRYAN EDUARDO', 'CASTILLO VANEGAS'),
(77044, 'JUAN FELIPE', 'ESPINOSA SOLARTE'),
(77045, 'ANAMARIA', 'ROJAS ROZO'),
(77046, 'JUAN PABLO', 'CANTILLO HUERFANO'),
(77047, 'DANNA VALENTINA', 'LONDOÑO SUANCHA'),
(77048, 'JUAN JOSE', 'VERGARA BUITRAGO'),
(77049, 'SIMON FELIPE', 'RODRIGUEZ GARCIA'),
(77050, 'ANDRES FELIPE', 'GONGORA TORRES'),
(77051, 'LEONARDO ALEXANDER', 'GUERRERO ESCOBAR'),
(77052, 'BRAYAN SMITH', 'DELGADO RODRIGUEZ'),
(77053, 'LEIDER HUMBERTO', 'MORA GAONA'),
(77054, 'SAHIAN VALERIA', 'SICHACA RODRIGUEZ'),
(77055, 'JUAN PABLO', 'SERNA MARIN'),
(77056, 'JOHAN SEBASTIAN', 'LUQUE GOMEZ'),
(77057, 'LAURA FERNANDA', 'MORENO CONTRERAS'),
(77058, 'JUAN MANUEL', 'MESA OLAYA'),
(77059, 'MARIA GABRIELA', 'RIAÑO MENDEZ'),
(77060, 'JAIDER CAMILO', 'BARRETO BARAJAS'),
(77061, 'IVON NATHALIA', 'TORRES LEON'),
(77062, 'MARIA JOSE', 'GOMEZ CAMPUZANO'),
(77063, 'NICOLAS NOREGISTRA', 'RODRIGUEZ GALVIS'),
(77064, 'BLEYMER SANTIAGO', 'TORRES ORTEGA'),
(77065, 'NESTOR DAVID', 'LOPEZ CASTILLO'),
(77066, 'MATEO', 'ROMERO HERNANDEZ'),
(77067, 'JHOASBLEIDY', 'PARDO TORRES'),
(77068, 'ESTEBAN ALEJANDRO', 'PEÑA MACIAS'),
(77069, 'MARIA JULIANA', 'PETRO NIÑO'),
(77070, 'SERGIO ALEJANDRO', 'LOZANO CHAPARRO'),
(77071, 'PEDRO NEL', 'RAMIREZ HERNANDEZ'),
(77072, 'KEVIN SANTIAGO', 'CARREÑO VARGAS'),
(77073, 'ANDRES FELIPE', 'VITERI RINCON'),
(77074, 'MIYER FERNANDO', 'SANCHEZ SANCHEZ'),
(77075, 'EMILY JOHANNA', 'NARVAEZ BORDA'),
(77076, 'DANIELA', 'RAMIREZ SALAS'),
(77077, 'BRAYAN STEVEN', 'RAMIREZ DIAZ'),
(77078, 'DANIEL CAMILO', 'TOVAR CHARRY'),
(77079, 'LAURA ALEJANDRA', 'GOMEZ TORRENTE'),
(77080, 'CRISTHIAN CAMILO', 'UNAS OCAÑA'),
(77081, 'NICOLAS', 'HOLGUIN BARRERA'),
(77082, 'DIANA CAROLINA', 'ACEVEDO CASTILLO'),
(77083, 'JUAN SNEYDER', 'CACERES HERNANDEZ'),
(77084, 'DAMIAN CAMILO', 'ROJAS MARTINEZ'),
(77085, 'DAVID ESTEBAN', 'ORTIZ WILCHES'),
(77086, 'DIEGO ANDRES', 'HERNANDEZ OLAYA'),
(77087, 'ANGELICA JURANY', 'CASTRO POVEDA'),
(77088, 'CRISTIAN LEONARDO', 'CERQUERA CABRERA'),
(77089, 'SEBASTIAN DAVID', 'RUIZ SOLIS'),
(77090, 'JORGE ELIECER', 'NIETO FIGUEROA'),
(77091, 'JOAN NICOLAS', 'ROLDAN RODRIGUEZ'),
(77092, 'SANTIAGO', 'BASTIDAS CRUZ'),
(77093, 'DAVID', 'RODRIGUEZ SANABRIA'),
(77094, 'THOMAS ALEJANDRO', 'SALAZAR BELLO'),
(77095, 'NIKOLE YULIANA', 'MENDEZ GAMBA'),
(77096, 'LUCAS MATEO', 'ESCOBAR PALACIO'),
(77097, 'ANDRES FELIPE', 'CAMARGO FARIGUA'),
(77098, 'MAIKER ALEJANDRO', 'HERNANDEZ ARCHILA'),
(77099, 'ANDRES FELIPE', 'SALAZAR MONCADA'),
(77100, 'JULIAN DAVID', 'GUERRA MARTINEZ'),
(77101, 'JOHANS SEBASTIAN', 'HOLGUIN PARRA'),
(77102, 'KAREN DANIELA', 'TALERO RIANO'),
(77103, 'MICHAEL STEVEN', 'AMAYA GUAYACAN'),
(77104, 'KEVIN SANTIAGO', 'MORENO TORRES'),
(77105, 'VALENTINA', 'SOTO CIFUENTES'),
(77106, 'FREDY ALEJANDRO', 'BOHORQUEZ CANCHON'),
(77107, 'DANIEL SANTIAGO', 'ARIZA LUGO'),
(77108, 'NATALIA DENYS', 'ROJAS GOMEZ'),
(77109, 'SIMON', 'AYA GALVIS'),
(77110, 'JOSE LUIS', 'CARDENAS MARTINEZ'),
(77111, 'ARLLOL STEWARD', 'GONZALEZ PARRA'),
(77112, 'LUIS DANIELSTEVEN', 'JIMENEZ RICO'),
(77113, 'JHON SEBASTIAN', 'MOQUE SALAMANCA'),
(77114, 'MARIA CAMILA', 'URREGO MUÑETON'),
(77115, 'ALFER SNEIDER', 'LINARES VELAZCO'),
(77116, 'DANIEL ALEXANDER', 'TORRES DIAZ'),
(77117, 'JUAN SEBASTIAN', 'GARCIA PRADA'),
(77118, 'ALEXANDER', 'BERMEO MOTTA'),
(77119, 'MARLON STEVEN', 'URQUIJO TABARES'),
(77120, 'CARLOS STEVEN', 'ARREDONDO GARZON'),
(77121, 'CAMILA DEL', 'SALAZAR ARIAS'),
(77122, 'PAULA LIZETH', 'GIL LAITON'),
(77123, 'JHONNATAN JAVIER', 'LEGUIZAMO VILLALOBOS'),
(77124, 'CRISTIAN FELIPE', 'ROA RINCON'),
(77125, 'KAROL MELISSA', 'BELTRAN FERNANDEZ'),
(77126, 'MARLON YESID', 'OCHOA MEDINA'),
(77127, 'FELIPE', 'LOPEZ MANTILLA'),
(77128, 'HELMER ANDRES', 'CUBIDES SIABATO'),
(77129, 'HELLEN GISSEL', 'RAMIREZ MOTTA'),
(77130, 'JULIANA', 'ARDILA CELY'),
(77131, 'ANGELA ALEXANDRA', 'LOPEZ GARZON'),
(77132, 'JUAN SEBASTIAN', 'CARVAJAL CADENA'),
(77133, 'OSCAR YESID', 'HERNANDEZ BERMUDEZ'),
(77134, 'CARLOS YERAY', 'HORMIZDA BETANCOURT'),
(77135, 'JEFFRY ANTONIO', 'SANCHEZ HERRERA'),
(77136, 'LUIS ESTEBAN', 'PERDOMO ESPITIA'),
(77137, 'DANIEL ALEJANDRO', 'CASANOVA RODRIGUEZ'),
(77138, 'CAROL DANIELA', 'PAEZ RADA'),
(77139, 'JUAN SEBASTIAN', 'ACOSTA BARRETO'),
(77140, 'WILLIAM FERNANDO', 'CEPEDA GIRATA'),
(77141, 'MAROLY ALEJANDRA', 'ROMERO OSPINA'),
(77142, 'JONATHAN', 'QUIMBAYA SEPULVEDA'),
(77143, 'HASBLEIDY SOLANGE', 'QUINTERO RODRIGUEZ'),
(77144, 'VALERIA', 'RODRIGUEZ CORREAL'),
(77145, 'KEVIN SANTIAGO', 'ROMERO BERNAL'),
(77146, 'KAREN JULIANA', 'RODRIGUEZ RAMIREZ'),
(77147, 'RICHARD DAVID', 'RAMIREZ MONCAYO'),
(77148, 'LAURA MARIA', 'OSORIO ACEVEDO'),
(77149, 'MARTINEZ ALEJANDRO', 'MARROQUIN'),
(77150, 'ANDRES CAMILO', 'GORDILLO SILVA'),
(77151, 'ANDRES FELIPE', 'SANCHEZ JARAMILLO'),
(77152, 'JAIDER YESID', 'MEDINA LINARES'),
(77153, 'ANTHONY RUBEN', 'MEDINA AGUILAR'),
(77154, 'PAULA ANDREA', 'ESTUPIÑAN RIAÑO'),
(77155, 'DIEGO ANDRES', 'LEIVA JIMENEZ'),
(77156, 'LISETH NATHALIA', 'GOMEZ CAICEDO'),
(77157, 'LUIS FERNANDO', 'LOPEZ PARRA'),
(77158, 'HERNÁN DARÍO', 'GUARNIZO BUITRAGO'),
(77159, 'CRISTIAN CAMILO', 'ROMERO ROMERO'),
(77160, 'JULIAN CAMILO', 'MACIAS MARTINEZ'),
(77161, 'NICOLAS', 'GOMEZ MILA'),
(77162, 'EMANUEL STEVEN', 'MESA VILLAMOR'),
(77163, 'LAURA VALENTINA', 'BELTRAN SANCHEZ'),
(77164, 'JONATHAN RICARDO', 'ARAQUE ALONSO'),
(77165, 'JULIAN RICARDO', 'CORREDOR BELTRAN'),
(77166, 'DANILO STEVEN', 'MORENO GONZALEZ'),
(77167, 'ERIKKA JOHANA', 'LOPEZ GAMBOA'),
(77168, 'ALISSON DALLAN', 'ARIAS OTALORA'),
(77169, 'ERIKA XIMENA', 'NITOLA MUÑOZ'),
(77170, 'JUAN SEBASTIAN', 'QUINTERO GALINDO'),
(77171, 'GIOVANNY SNEIDER', 'SALAMANCA TRIANA'),
(77172, 'RUTH DANIELA', 'SOLER CASTRO'),
(77173, 'DANNA LORENA', 'TORO TOVAR'),
(77174, 'KEVIN ALEJANDRO', 'SILVA MALOTT'),
(77175, 'DANIEL ESTIVEN', 'BOLIVAR ECHEVERRIA'),
(77176, 'JUAN JOSE', 'ANAYA VILLAMIZAR'),
(77177, 'EDWIN SANTIAGO', 'CARDENAS PEREZ'),
(77178, 'SEBASTIAN', 'HERRERA TELLEZ'),
(77179, 'BRANDON JAVIER', 'CAMPOS RUIZ'),
(77180, 'SANTIAGO ANDRES', 'VASQUEZ VARGAS'),
(77181, 'BRANDON FELIPE', 'CARDENAS URREGO'),
(77182, 'JULIO CESAR', 'HERRERA MORENO'),
(77183, 'MIGUEL ANGEL', 'REY CUARTAS'),
(77184, 'MARIA FERNANDA', 'RIAÑO GUTIERREZ'),
(77185, 'KARINA SAMANTA', 'MARTINEZ ALVAREZ'),
(77186, 'ANDRES FELIPE', 'LADINO BERNAL'),
(77187, 'DANIEL SANTIAGO', 'COLMENARES MARTINEZ'),
(77188, 'KAREN JULIETH', 'AGUAZACO RAMIREZ'),
(77189, 'LAURA STEFANIA', 'BARBOSA MENESES'),
(77190, 'JULIO ANDRES', 'CARVAJAL CALDERON'),
(77191, 'ESTEBAN CAMILO', 'RODRIGUEZ GARZON'),
(77192, 'MARIANA', 'TELLEZ MORENO'),
(77193, 'DIEGO ALEJANDRO', 'GUERRERO RAMIREZ'),
(77194, 'KAREN BRIYID', 'FRANCO BELTRAN'),
(77195, 'RUBERT EDUARDO', 'HUERFANO MORENO'),
(77196, 'JANELEE KAROLAYN', 'BARREÑO TORRES'),
(77197, 'ALLISON JULIANA', 'RINCON MOYA'),
(77198, 'MICHELL DAYANA', 'PEREZ ARIAS'),
(77199, 'JULIAN ESTEBAN', 'CASTRO CIFUENTES'),
(77200, 'DAVID SANTIAGO', 'PEREZ NIETO'),
(77201, 'STEVAN SEBASTIAN', 'SUAREZ JUNCO'),
(77202, 'SERGIO ANDRÉS', 'MORENO ORTÍZ'),
(77203, 'ANDRES FELIPE', 'PLAZAS HERRERA'),
(77204, 'JEFERSON FABIAN', 'MORA GAONA'),
(77205, 'ANDRES FELIPE', 'LOPEZ ALDANA'),
(77206, 'LUIS ANGEL', 'RUIZ ROJAS'),
(77207, 'ANTHONY EMANUEL', 'PERILLA MORA'),
(77208, 'ANDREA GERALDINE', 'MERCADO MONTES'),
(77209, 'DAVID LEONARDO', 'MOJICA MEDINA'),
(77210, 'JOHN JAMES', 'GOMEZ SANCHEZ'),
(77211, 'WALTER ANDRES', 'GUZMAN BLANCO'),
(77212, 'GINETH TATIANA', 'MOGOLLON BAQUERO'),
(77213, 'ANDRES FELIPE', 'ROA MONDRAGON'),
(77214, 'NIKOLL STEFANNY', 'PEREZ MARROQUIN'),
(77215, 'LUNA SOFIA', 'LUENGAS ARIZA'),
(77216, 'JORGE ALFREDO', 'RODRIGUEZ BECERRA'),
(77217, 'KEANU NARNOVARICK', 'GUERRERO CASTRO'),
(77218, 'JEREMY', 'LEGUIZAMON NEVA'),
(77219, 'KEVYN SNADER', 'MORENO CAMACHO'),
(77220, 'HEYSSON CAMILO', 'DAZA USA'),
(77221, 'MARIA ALEJANDRA', 'MIRANDA GONZALEZ'),
(77222, 'JUAN DIEGO', 'ARIAS MUÑOZ'),
(77223, 'DANIEL FELIPE', 'GONZALEZ RUIZ'),
(77224, 'OSCAR ANDRES', 'ZARATE MENDIVELSO'),
(77225, 'FARID ESTIDUAR', 'SABOGAL ARIAS'),
(77226, 'ISABELLA', 'PEÑA MORA'),
(77227, 'DEIVID JULIAN', 'CORREA CORTES'),
(77228, 'STEFANIA', 'RODRIGUEZ GONZALEZ'),
(77229, 'CESAR SANTIAGO', 'ROMAN VALENCIA'),
(77230, 'LAURA FERNANDA', 'PINILLA MORENO'),
(77231, 'FANERI JOHANA', 'PAEZ REINALES'),
(77232, 'ANDRES CAMILO', 'PIÑEROS ALDANA'),
(77233, 'MARLON ESTIBEN', 'ALONSO RAYO'),
(77234, 'JAVIER ESTEBAN', 'CAÑON SAAVEDRA'),
(77235, 'SANTIAGO', 'CORREDOR PEREZ'),
(77236, 'LUIS ALEJANDRO', 'PARRA CIFUENTES'),
(77237, 'JONNIER JEFFER', 'GAMBA SÁNCHEZ'),
(77238, 'ANDERSON JULIAN', 'ALARCON NEUTA'),
(77239, 'ANDRES FELIPE', 'ESCORCIA ABRIL'),
(77240, 'BRAYAN STIVEN', 'TRUJILLO GUAYARA'),
(77241, 'ANDRES FELIPE', 'GARNICA CARRANZA'),
(77242, 'LINA MARIA', 'RODRIGUEZ MILA'),
(77243, 'DANIEL FELIPE', 'VARGAS CUBILLOS'),
(77244, 'KAROL DAYANA', 'MONROY COLORADO'),
(77245, 'ANGEL NICOLAS', 'QUINAYAS GUTIERREZ'),
(77246, 'BRAYAN SANTIAGO', 'ROJAS CALLEJAS'),
(77247, 'JUAN SEBASTIAN', 'GUEVARA SUAREZ'),
(77248, 'ANDRES FELIPE', 'PERALTA BELTRAN'),
(77249, 'LAURA VANESSA', 'MONTENEGRO LOZANO'),
(77250, 'MARIA JOSE', 'GRISALES ORJUELA'),
(77251, 'DAVID ALEJANDRO', 'VASQUEZ QUEVEDO'),
(77252, 'JUAN SEBASTIAN', 'MANCIPE'),
(77253, 'EIVERSSON ANDREY', 'JIMENEZ GARZON'),
(77254, 'KLEIDER ANDRES', 'QUIÑONES REALPE'),
(77255, 'KEVIN SANTIAGO', 'VILLAFAÑE BAEZ'),
(77256, 'MARIA CAMILA', 'BERNAL HERNANDEZ'),
(77257, 'JULIAN', 'FERNANDEZ AGUASACO'),
(77258, 'CLAUDIA CAMILA', 'GOMEZ CASTILLO'),
(77259, 'LAURA ALEJANDRA', 'SERRANO FRANCO'),
(77260, 'YEINMY DANIELA', 'MORALES BARRERA'),
(77261, 'WILSON ANDRES', 'PICO SANTAMARIA'),
(77262, 'YERSON DUVAN', 'ARIAS PARRA'),
(77263, 'CRISTIAN DAVID', 'CARDENAS SANCHEZ'),
(77264, 'JOSE ALEJANDRO', 'ARIZMENDEZ HORTUA'),
(77265, 'DIEGO EDUARDO', 'OSORIO CHAPARRO'),
(77266, 'JUAN DAVID', 'TRUJILLO ABELLO'),
(77267, 'AVRIL SOFIA', 'PACHECO GARCES'),
(77268, 'HECTOR DANIEL', 'DIAZ MOJICA'),
(77269, 'JOHANA VALENTINA', 'COMBITA RODRIGUEZ'),
(77270, 'SEBASTIAN', 'RODRIGUEZ CARVAJAL'),
(77271, 'JOHAN SANTIAGO', 'SUAREZ RAMIREZ'),
(77272, 'BRANDON SMITH', 'MEJIA SOLANO'),
(77273, 'DANIEL ESTEBAN', 'MONTAÑA SANCHEZ'),
(77274, 'SEBASTIAN', 'BERMUDEZ TINOCO'),
(77275, 'SNEIDDY', 'MEDINA MEDINA'),
(77276, 'JANNER DAVID', 'LOPEZ LEAL'),
(77277, 'NICOLAS', 'SANTAMARIA CASTILLO'),
(77278, 'LAURA CAMILA', 'RINCON VALDERRAMA'),
(77279, 'CRISTIAN STEVEN', 'RODRIGUEZ LOZANO'),
(77280, 'JUAN ESTEBAN', 'VENEGAS BOHORQUEZ'),
(77281, 'KAROL', 'CRISTIANO OSPINA'),
(77282, 'DANIELA VALENTINA', 'CASTILLO GARCIA'),
(77283, 'PABLO SANTIAGO', 'ROJAS VARGAS'),
(77284, 'DANIEL STIVEN', 'GARCIA GARCIA'),
(77285, 'LUISA FERNANDA', 'HERNANDEZ HERNANDEZ'),
(77286, 'DANIEL FELIPE', 'ARAQUE BARRERO'),
(77287, 'MARIA DANIELA', 'CASTILLO PAEZ'),
(77288, 'OSCAR ANDRES', 'RODRIGUEZ JIMENEZ'),
(77289, 'JUAN SEBASTIAN', 'AHUMADA GONZALEZ'),
(77290, 'RODOLFO ENRIQUE', 'MEZA MARTINEZ'),
(77291, 'SHARON MARIA', 'MUÑOZ PELAYO'),
(77292, 'EDWIN DAVID', 'ALBA PORTELA'),
(77293, 'JONATHAN ESTEBAN', 'CARRILLO ROJAS'),
(77294, 'GINO', 'QUIROGA CLAVIJO'),
(77295, 'ADRIAN SANTIAGO', 'TORRES GOMEZ'),
(77296, 'CLAUDIA KATHERIN', 'VELASCO URIBE'),
(77297, 'JUAN FERNANDO', 'REYES GALEANO'),
(77298, 'JUAN SEBASTIAN', 'BARON GOMEZ'),
(77299, 'JEFERSON', 'GARCIA FLOREZ'),
(77300, 'JUAN SEBASTIAN', 'MORERA CHAVARRO'),
(77301, 'YOAN SEBASTIAN', 'MOSQUERA SICUAMIA'),
(77302, 'MARION NICOLLE', 'RODRIGUEZ VINCHERY'),
(77303, 'ANDRES FELIPE', 'PELUFO MARIN'),
(77304, 'CARLOS DANIEL', 'RODRIGUEZ HERNANDEZ'),
(77305, 'MICHAEL ARMANDO', 'VILLAMARIN LOPEZ'),
(77306, 'YENNIFER NATALIA', 'DAZA GOMEZ'),
(77307, 'JERSSON ANDRES', 'ROMERO CAMACHO'),
(77308, 'NICOLAS', 'BENITEZ GUEVARA'),
(77309, 'JEFREY ALEXANDER', 'VARGAS RUBIANO'),
(77310, 'KAREN TATIANA', 'NIÑO VALDERRAMA'),
(77311, 'NIKOL VALENTINA', 'POVEDA ZAMBRANO'),
(77312, 'ELYSA MARIA', 'ORTEGA GUERRA'),
(77313, 'DANNY ALEXANDER', 'PORTELA ANGARITA'),
(77314, 'JUDY ALEXANDRA', 'CUESTA RIOS'),
(77315, 'MELQUI DANIEL', 'GUERRERO MARIN'),
(77316, 'EDWIN DAVID', 'GAITAN RODRIGUEZ'),
(77317, 'JUAN CAMILO', 'BARRETO HERNANDEZ'),
(77318, 'JUAN ESTEBAN', 'RICO RUBIANO'),
(77319, 'NATALIA', 'HURTADO USA'),
(77320, 'BRAYAN ANDRES', 'MELO CARRANZA'),
(77321, 'JUAN ESTEBAN', 'ARIAS VILLAMIL'),
(77322, 'JUAN', 'CARRILLO REY'),
(77323, 'ANDREY CAMILO', 'AREVALO CAMARGO'),
(77324, 'JULY VALENTINA', 'GARZON CASTILLO'),
(77325, 'DARIAN VALENTINA', 'CUESTA CASTRO'),
(77326, 'LINA SOFIA', 'CAUCALI CUCAITA'),
(77327, 'ANDRES FELIPE', 'SOLANO OVIEDO'),
(77328, 'MAGNORY LIZETH', 'GALVAN ORTIZ'),
(77329, 'KEVIN STEVEN', 'MADERO ORTIZ'),
(77330, 'MARIA ANGELICA', 'CARDENAS PEREZ'),
(77331, 'DEIMER ALEJANDRO', 'VARGAS MONSALVE'),
(77332, 'BAIRON LUIS', 'RIVERA RUIZ'),
(77333, 'BRAYAN DAVID', 'HERNANDEZ TIGA'),
(77334, 'MIGUEL SANTIAGO', 'GARCIA SANCHEZ'),
(77335, 'LINA MARCELA', 'RAMIREZ LEON'),
(77336, 'MARIA FERNANDA', 'MELO CASTILLO'),
(77337, 'JUAN CAMILO', 'CASALLAS GAITAN'),
(77338, 'JULIANA VALENTINA', 'CARDENAS CARVAJAL'),
(77339, 'JUANA LIZETH', 'VANEGAS RAMIREZ'),
(77340, 'INGRID LORENA', 'POLANIA PARRA'),
(77341, 'JUAN PABLO', 'RAMIREZ ORJUELA'),
(77342, 'MEILY STEPHANIA', 'ACERO CABEZAS'),
(77343, 'JOEL FELIPE', 'OSPINA LEGARDA'),
(77344, 'DANIEL STEVEN', 'SALDAÑA VARGAS'),
(77345, 'JOSE ANTONIO', 'RIAÑO BAUTE'),
(77346, 'JULIAN ESTEBAN', 'HERRAN DAZA'),
(77347, 'FABIAN DAVID', 'RODRIGUEZ PUENTES'),
(77348, 'ANGELA SOFIA', 'DIAZ CORREDOR'),
(77349, 'JULIAN ANDRES', 'ROJAS GONZALEZ'),
(77350, 'JOFFRE ALDEMAR', 'AREVALO CASTILLO'),
(77351, 'JUAN JOSE', 'RIVERA SUAREZ'),
(77352, 'LAURA STEFANIA', 'SOPO ROMERO'),
(77353, 'GABRIELA CAMILA', 'LOZANO PEREZ'),
(77354, 'KEVIN LEONARDO', 'SILVA FERNANDEZ'),
(77355, 'ANGIE TATIANA', 'ROJAS GALAN'),
(77356, 'JIBRAN DANIEL', 'SABOGAL CAÑON'),
(77357, 'MONICA PATRICIA', 'MENDOZA PEÑA'),
(77358, 'ANDRES FELIPE', 'VELANDIA ZORA'),
(77359, 'JOSE RICARDO', 'MUÑOZ RODRIGUEZ'),
(77360, 'MONICA ALEJANDRA', 'LOPEZ PEREZ'),
(77361, 'SANTIAGO', 'SAEZ VEGA'),
(77362, 'SERGIO', 'MORA CORTES'),
(77363, 'NILTON ALBERTO', 'BARONA TELLO'),
(77364, 'DANIELA ALEXANDRA', 'MUÑOZ MONTOYA'),
(77365, 'HAROLD YESID', 'RUIZ PINILLA'),
(77366, 'DAVID STIVEN', 'GONZALEZ POLOCHE'),
(77367, 'ERIKA ALEJANDRA', 'PINZON LAITON'),
(77368, 'JOHN STEVEN', 'AVELLANEDA BENAVIDEZ'),
(77369, 'IVAN SANTIAGO', 'BUITRAGO HERNANDEZ'),
(77370, 'JANSSEN ALEXEI', 'CIFUENTES SANTANA'),
(77371, 'JULIAN DAVID', 'LOTERO LARROTA'),
(77372, 'OSCAR ALEJANDRO', 'SILVA ROJAS'),
(77373, 'ISAAC DAVID', 'VEGA BECERRA'),
(77374, 'ANGIE SOFIA', 'MORENO ATENCIO'),
(77375, 'NICOLAS', 'ARIAS GUZMAN'),
(77376, 'CÉSAR DANIEL', 'PARADA DÁVILA'),
(77377, 'DAVID ENRIQUE', 'MELENDEZ LEMUS'),
(77378, 'FABIAN DANILO', 'BORJA NEIZA'),
(77379, 'BRAYAN', 'RUEDA SANABRIA'),
(77380, 'JONATHAN DAVID', 'ORTIZ VARGAS'),
(77381, 'CAMILO ANDRES', 'HERRENO CARDENAS'),
(77382, 'JOSE ALEJANDRO', 'BOADA COVILLA'),
(77383, 'JORGE ESTEBAN', 'ALBINO GONZALEZ'),
(77384, 'LAURA CAMILA', 'PEDROZA CACERES'),
(77385, 'JULIAN DAVID', 'SANDOVAL ALFONSO'),
(77386, 'DANIELA ALEJANDRA', 'FIERRO MORALES'),
(77387, 'JEISON ESTIVEN', 'GONZALEZ PATIÑO'),
(77388, 'BRAYAN ANDRES', 'ZAPATA MIRANDA'),
(77389, 'JHOAN SEBASIAN', 'DIAZ NUMPAQUE'),
(77390, 'JAVIER DAVID', 'GUTIERREZ USECHE'),
(77391, 'SANTIAGO ANDRES', 'GONZALEZ URREGO'),
(77392, 'VANESA ALEXANDRA', 'MOLINA SOLER'),
(77393, 'JENIFFER MARCELA', 'MORALES VARÓN'),
(77394, 'CAMILO ANDRES', 'MORENO LEMUS'),
(77395, 'FELIPE', 'GAITAN RIOS'),
(77396, 'JHOAN MANUEL', 'SALAMANCA GARCIA'),
(77397, 'DIEGO ALEJANDRO', 'GUTIERREZ CAPERA'),
(77398, 'YURLEY MARIANA', 'CARRILLO SOTO'),
(77399, 'YURY ALEXANDRA', 'CACERES ROJAS'),
(77400, 'DANIEL STEVEN', 'AGUILAR HERNANDEZ'),
(77401, 'JUAN ALFONSO', 'PEREZ HERNANDEZ'),
(77402, 'DERLY YULIETH', 'CHAVEZ GAITAN'),
(77403, 'JUAN FELIPE', 'URIBE DIAZ'),
(77404, 'CRISTIAN ESTEBAN', 'VALENCIA CASTILLO'),
(77405, 'SIMON MATEO', 'DIAZ CAMACHO'),
(77406, 'BRAYAN CAMILO', 'PRADA GARCIA'),
(77407, 'DERLY VALENTINA', 'ESPEJO SILVA'),
(77408, 'JUAN DAVID', 'ARELLANO NUÑEZ'),
(77409, 'CAMILO STEVEN', 'OSPINA MONTAÑA'),
(77410, 'DANIEL', 'GONZALEZ PEREZ'),
(77411, 'LUZ ANGELA', 'VALERO HUERTAS'),
(77412, 'JULIANA NICOLL', 'ARIZA PERDOMO'),
(77413, 'KEVIN SEBASTIAN', 'URREGO CASTAÑO'),
(77414, 'MIGUEL ANGEL', 'VEGA MARTINEZ'),
(77415, 'YURI JULIANA', 'HUERTAS GOMEZ'),
(77416, 'KAREN SELENA', 'PIRACUN PEREZ'),
(77417, 'MARLON JAVIER', 'BARBOSA UBAQUE'),
(77418, 'ANDRES FELIPE', 'SANCHEZ RUBIO'),
(77419, 'HERMAN', 'HERNANDEZ HERNANDEZ'),
(77420, 'ANGIE LORENA', 'RAMOS GARAY');

-- --------------------------------------------------------

--
-- Estructura de tabla para la tabla `visita_ver`
--

CREATE TABLE `visita_ver` (
  `id_visitante` int(11) NOT NULL,
  `id_hospitalizacion` int(11) NOT NULL,
  `fecha` date NOT NULL,
  `hora` time DEFAULT NULL
) ENGINE=InnoDB DEFAULT CHARSET=latin1;

--
-- Volcado de datos para la tabla `visita_ver`
--

INSERT INTO `visita_ver` (`id_visitante`, `id_hospitalizacion`, `fecha`, `hora`) VALUES
(77001, 70001, '2018-03-02', '08:00:00'),
(77002, 70002, '2018-03-03', '09:00:00'),
(77003, 70004, '2018-03-04', '10:00:00'),
(77004, 70005, '2018-03-05', '11:00:00'),
(77005, 70007, '2018-03-06', '12:00:00'),
(77006, 70008, '2018-03-07', '13:00:00'),
(77007, 70010, '2018-03-08', '14:00:00'),
(77008, 70011, '2018-03-09', '15:00:00'),
(77009, 70013, '2018-03-10', '16:00:00'),
(77010, 70014, '2018-03-11', '17:00:00'),
(77011, 70016, '2018-03-12', '08:00:00'),
(77012, 70017, '2018-03-13', '09:00:00'),
(77013, 70019, '2018-03-14', '10:00:00'),
(77014, 70020, '2018-03-15', '11:00:00'),
(77015, 70021, '2018-03-16', '12:00:00'),
(77016, 70022, '2018-03-17', '13:00:00'),
(77017, 70024, '2018-03-18', '14:00:00'),
(77018, 70025, '2018-03-19', '15:00:00'),
(77019, 70027, '2018-03-20', '16:00:00'),
(77020, 70028, '2018-03-21', '17:00:00'),
(77020, 70601, '2019-04-26', '08:00:00'),
(77021, 70030, '2018-03-22', '08:00:00'),
(77021, 70602, '2019-04-27', '09:00:00'),
(77022, 70031, '2018-03-23', '09:00:00'),
(77022, 70604, '2019-04-28', '10:00:00'),
(77023, 70033, '2018-03-24', '10:00:00'),
(77023, 70605, '2019-04-29', '11:00:00'),
(77024, 70034, '2018-03-25', '11:00:00'),
(77024, 70607, '2019-04-30', '12:00:00'),
(77025, 70036, '2018-03-26', '12:00:00'),
(77025, 70608, '2019-05-01', '13:00:00'),
(77026, 70037, '2018-03-27', '13:00:00'),
(77026, 70610, '2019-05-02', '14:00:00'),
(77027, 70039, '2018-03-28', '14:00:00'),
(77027, 70611, '2019-05-03', '15:00:00'),
(77028, 70040, '2018-03-29', '15:00:00'),
(77028, 70613, '2019-05-04', '16:00:00'),
(77029, 70041, '2018-03-30', '16:00:00'),
(77029, 70614, '2019-05-05', '17:00:00'),
(77030, 70042, '2018-03-31', '17:00:00'),
(77030, 70616, '2019-05-06', '08:00:00'),
(77031, 70044, '2018-04-01', '08:00:00'),
(77031, 70617, '2019-05-07', '09:00:00'),
(77032, 70045, '2018-04-02', '09:00:00'),
(77032, 70619, '2019-05-08', '10:00:00'),
(77033, 70047, '2018-04-03', '10:00:00'),
(77033, 70620, '2019-05-09', '11:00:00'),
(77034, 70048, '2018-04-04', '11:00:00'),
(77034, 70621, '2019-05-10', '12:00:00'),
(77035, 70050, '2018-04-05', '12:00:00'),
(77035, 70622, '2019-05-11', '13:00:00'),
(77036, 70051, '2018-04-06', '13:00:00'),
(77036, 70624, '2019-05-12', '14:00:00'),
(77037, 70053, '2018-04-07', '14:00:00'),
(77037, 70625, '2019-05-13', '15:00:00'),
(77038, 70054, '2018-04-08', '15:00:00'),
(77038, 70627, '2019-05-14', '16:00:00'),
(77039, 70056, '2018-04-09', '16:00:00'),
(77039, 70628, '2019-05-15', '17:00:00'),
(77040, 70057, '2018-04-10', '17:00:00'),
(77040, 70630, '2019-05-16', '08:00:00'),
(77041, 70059, '2018-04-11', '08:00:00'),
(77042, 70060, '2018-04-12', '09:00:00'),
(77043, 70061, '2018-04-13', '10:00:00'),
(77044, 70062, '2018-04-14', '11:00:00'),
(77045, 70064, '2018-04-15', '12:00:00'),
(77046, 70065, '2018-04-16', '13:00:00'),
(77047, 70067, '2018-04-17', '14:00:00'),
(77048, 70068, '2018-04-18', '15:00:00'),
(77049, 70070, '2018-04-19', '16:00:00'),
(77050, 70071, '2018-04-20', '17:00:00'),
(77051, 70073, '2018-04-21', '08:00:00'),
(77052, 70074, '2018-04-22', '09:00:00'),
(77053, 70076, '2018-04-23', '10:00:00'),
(77054, 70077, '2018-04-24', '11:00:00'),
(77055, 70079, '2018-04-25', '12:00:00'),
(77056, 70080, '2018-04-26', '13:00:00'),
(77057, 70081, '2018-04-27', '14:00:00'),
(77058, 70082, '2018-04-28', '15:00:00'),
(77059, 70084, '2018-04-29', '16:00:00'),
(77060, 70085, '2018-04-30', '17:00:00'),
(77061, 70087, '2018-05-01', '08:00:00'),
(77062, 70088, '2018-05-02', '09:00:00'),
(77063, 70090, '2018-05-03', '10:00:00'),
(77064, 70091, '2018-05-04', '11:00:00'),
(77065, 70093, '2018-05-05', '12:00:00'),
(77066, 70094, '2018-05-06', '13:00:00'),
(77067, 70096, '2018-05-07', '14:00:00'),
(77068, 70097, '2018-05-08', '15:00:00'),
(77069, 70099, '2018-05-09', '16:00:00'),
(77070, 70100, '2018-05-10', '17:00:00'),
(77071, 70101, '2018-05-11', '08:00:00'),
(77072, 70102, '2018-05-12', '09:00:00'),
(77073, 70104, '2018-05-13', '10:00:00'),
(77074, 70105, '2018-05-14', '11:00:00'),
(77075, 70107, '2018-05-15', '12:00:00'),
(77076, 70108, '2018-05-16', '13:00:00'),
(77077, 70110, '2018-05-17', '14:00:00'),
(77078, 70111, '2018-05-18', '15:00:00'),
(77079, 70113, '2018-05-19', '16:00:00'),
(77080, 70114, '2018-05-20', '17:00:00'),
(77081, 70116, '2018-05-21', '08:00:00'),
(77082, 70117, '2018-05-22', '09:00:00'),
(77083, 70119, '2018-05-23', '10:00:00'),
(77084, 70120, '2018-05-24', '11:00:00'),
(77085, 70121, '2018-05-25', '12:00:00'),
(77086, 70122, '2018-05-26', '13:00:00'),
(77087, 70124, '2018-05-27', '14:00:00'),
(77088, 70125, '2018-05-28', '15:00:00'),
(77089, 70127, '2018-05-29', '16:00:00'),
(77090, 70128, '2018-05-30', '17:00:00'),
(77091, 70130, '2018-05-31', '08:00:00'),
(77092, 70131, '2018-06-01', '09:00:00'),
(77093, 70133, '2018-06-02', '10:00:00'),
(77094, 70134, '2018-06-03', '11:00:00'),
(77095, 70136, '2018-06-04', '12:00:00'),
(77096, 70137, '2018-06-05', '13:00:00'),
(77097, 70139, '2018-06-06', '14:00:00'),
(77098, 70140, '2018-06-07', '15:00:00'),
(77099, 70141, '2018-06-08', '16:00:00'),
(77100, 70142, '2018-06-09', '17:00:00'),
(77101, 70144, '2018-06-10', '08:00:00'),
(77102, 70145, '2018-06-11', '09:00:00'),
(77103, 70147, '2018-06-12', '10:00:00'),
(77104, 70148, '2018-06-13', '11:00:00'),
(77105, 70150, '2018-06-14', '12:00:00'),
(77106, 70151, '2018-06-15', '13:00:00'),
(77107, 70153, '2018-06-16', '14:00:00'),
(77108, 70154, '2018-06-17', '15:00:00'),
(77109, 70156, '2018-06-18', '16:00:00'),
(77110, 70157, '2018-06-19', '17:00:00'),
(77111, 70159, '2018-06-20', '08:00:00'),
(77112, 70160, '2018-06-21', '09:00:00'),
(77113, 70161, '2018-06-22', '10:00:00'),
(77114, 70162, '2018-06-23', '11:00:00'),
(77115, 70164, '2018-06-24', '12:00:00'),
(77116, 70165, '2018-06-25', '13:00:00'),
(77117, 70167, '2018-06-26', '14:00:00'),
(77118, 70168, '2018-06-27', '15:00:00'),
(77119, 70170, '2018-06-28', '16:00:00'),
(77120, 70171, '2018-06-29', '17:00:00'),
(77121, 70173, '2018-06-30', '08:00:00'),
(77122, 70174, '2018-07-01', '09:00:00'),
(77123, 70176, '2018-07-02', '10:00:00'),
(77124, 70177, '2018-07-03', '11:00:00'),
(77125, 70179, '2018-07-04', '12:00:00'),
(77126, 70180, '2018-07-05', '13:00:00'),
(77127, 70181, '2018-07-06', '14:00:00'),
(77128, 70182, '2018-07-07', '15:00:00'),
(77129, 70184, '2018-07-08', '16:00:00'),
(77130, 70185, '2018-07-09', '17:00:00'),
(77131, 70187, '2018-07-10', '08:00:00'),
(77132, 70188, '2018-07-11', '09:00:00'),
(77133, 70190, '2018-07-12', '10:00:00'),
(77134, 70191, '2018-07-13', '11:00:00'),
(77135, 70193, '2018-07-14', '12:00:00'),
(77136, 70194, '2018-07-15', '13:00:00'),
(77137, 70196, '2018-07-16', '14:00:00'),
(77138, 70197, '2018-07-17', '15:00:00'),
(77139, 70199, '2018-07-18', '16:00:00'),
(77140, 70200, '2018-07-19', '17:00:00'),
(77141, 70201, '2018-07-20', '08:00:00'),
(77142, 70202, '2018-07-21', '09:00:00'),
(77143, 70204, '2018-07-22', '10:00:00'),
(77144, 70205, '2018-07-23', '11:00:00'),
(77145, 70207, '2018-07-24', '12:00:00'),
(77146, 70208, '2018-07-25', '13:00:00'),
(77147, 70210, '2018-07-26', '14:00:00'),
(77148, 70211, '2018-07-27', '15:00:00'),
(77149, 70213, '2018-07-28', '16:00:00'),
(77150, 70214, '2018-07-29', '17:00:00'),
(77151, 70216, '2018-07-30', '08:00:00'),
(77152, 70217, '2018-07-31', '09:00:00'),
(77153, 70219, '2018-08-01', '10:00:00'),
(77154, 70220, '2018-08-02', '11:00:00'),
(77155, 70221, '2018-08-03', '12:00:00'),
(77156, 70222, '2018-08-04', '13:00:00'),
(77157, 70224, '2018-08-05', '14:00:00'),
(77158, 70225, '2018-08-06', '15:00:00'),
(77159, 70227, '2018-08-07', '16:00:00'),
(77160, 70228, '2018-08-08', '17:00:00'),
(77161, 70230, '2018-08-09', '08:00:00'),
(77162, 70231, '2018-08-10', '09:00:00'),
(77163, 70233, '2018-08-11', '10:00:00'),
(77164, 70234, '2018-08-12', '11:00:00'),
(77165, 70236, '2018-08-13', '12:00:00'),
(77166, 70237, '2018-08-14', '13:00:00'),
(77167, 70239, '2018-08-15', '14:00:00'),
(77168, 70240, '2018-08-16', '15:00:00'),
(77169, 70241, '2018-08-17', '16:00:00'),
(77170, 70242, '2018-08-18', '17:00:00'),
(77171, 70244, '2018-08-19', '08:00:00'),
(77172, 70245, '2018-08-20', '09:00:00'),
(77173, 70247, '2018-08-21', '10:00:00'),
(77174, 70248, '2018-08-22', '11:00:00'),
(77175, 70250, '2018-08-23', '12:00:00'),
(77176, 70251, '2018-08-24', '13:00:00'),
(77177, 70253, '2018-08-25', '14:00:00'),
(77178, 70254, '2018-08-26', '15:00:00'),
(77179, 70256, '2018-08-27', '16:00:00'),
(77180, 70257, '2018-08-28', '17:00:00'),
(77181, 70259, '2018-08-29', '08:00:00'),
(77182, 70260, '2018-08-30', '09:00:00'),
(77183, 70261, '2018-08-31', '10:00:00'),
(77184, 70262, '2018-09-01', '11:00:00'),
(77185, 70264, '2018-09-02', '12:00:00'),
(77186, 70265, '2018-09-03', '13:00:00'),
(77187, 70267, '2018-09-04', '14:00:00'),
(77188, 70268, '2018-09-05', '15:00:00'),
(77189, 70270, '2018-09-06', '16:00:00'),
(77190, 70271, '2018-09-07', '17:00:00'),
(77191, 70273, '2018-09-08', '08:00:00'),
(77192, 70274, '2018-09-09', '09:00:00'),
(77193, 70276, '2018-09-10', '10:00:00'),
(77194, 70277, '2018-09-11', '11:00:00'),
(77195, 70279, '2018-09-12', '12:00:00'),
(77196, 70280, '2018-09-13', '13:00:00'),
(77197, 70281, '2018-09-14', '14:00:00'),
(77198, 70282, '2018-09-15', '15:00:00'),
(77199, 70284, '2018-09-16', '16:00:00'),
(77200, 70285, '2018-09-17', '17:00:00'),
(77201, 70287, '2018-09-18', '08:00:00'),
(77202, 70288, '2018-09-19', '09:00:00'),
(77203, 70290, '2018-09-20', '10:00:00'),
(77204, 70291, '2018-09-21', '11:00:00'),
(77205, 70293, '2018-09-22', '12:00:00'),
(77206, 70294, '2018-09-23', '13:00:00'),
(77207, 70296, '2018-09-24', '14:00:00'),
(77208, 70297, '2018-09-25', '15:00:00'),
(77209, 70299, '2018-09-26', '16:00:00'),
(77210, 70300, '2018-09-27', '17:00:00'),
(77211, 70301, '2018-09-28', '08:00:00'),
(77212, 70302, '2018-09-29', '09:00:00'),
(77213, 70304, '2018-09-30', '10:00:00'),
(77214, 70305, '2018-10-01', '11:00:00'),
(77215, 70307, '2018-10-02', '12:00:00'),
(77216, 70308, '2018-10-03', '13:00:00'),
(77217, 70310, '2018-10-04', '14:00:00'),
(77218, 70311, '2018-10-05', '15:00:00'),
(77219, 70313, '2018-10-06', '16:00:00'),
(77220, 70314, '2018-10-07', '17:00:00'),
(77221, 70316, '2018-10-08', '08:00:00'),
(77222, 70317, '2018-10-09', '09:00:00'),
(77223, 70319, '2018-10-10', '10:00:00'),
(77224, 70320, '2018-10-11', '11:00:00'),
(77225, 70321, '2018-10-12', '12:00:00'),
(77226, 70322, '2018-10-13', '13:00:00'),
(77227, 70324, '2018-10-14', '14:00:00'),
(77228, 70325, '2018-10-15', '15:00:00'),
(77229, 70327, '2018-10-16', '16:00:00'),
(77230, 70328, '2018-10-17', '17:00:00'),
(77231, 70330, '2018-10-18', '08:00:00'),
(77232, 70331, '2018-10-19', '09:00:00'),
(77233, 70333, '2018-10-20', '10:00:00'),
(77234, 70334, '2018-10-21', '11:00:00'),
(77235, 70336, '2018-10-22', '12:00:00'),
(77236, 70337, '2018-10-23', '13:00:00'),
(77237, 70339, '2018-10-24', '14:00:00'),
(77238, 70340, '2018-10-25', '15:00:00'),
(77239, 70341, '2018-10-26', '16:00:00'),
(77240, 70342, '2018-10-27', '17:00:00'),
(77241, 70344, '2018-10-28', '08:00:00'),
(77242, 70345, '2018-10-29', '09:00:00'),
(77243, 70347, '2018-10-30', '10:00:00'),
(77244, 70348, '2018-10-31', '11:00:00'),
(77245, 70350, '2018-11-01', '12:00:00'),
(77246, 70351, '2018-11-02', '13:00:00'),
(77247, 70353, '2018-11-03', '14:00:00'),
(77248, 70354, '2018-11-04', '15:00:00'),
(77249, 70356, '2018-11-05', '16:00:00'),
(77250, 70357, '2018-11-06', '17:00:00'),
(77251, 70359, '2018-11-07', '08:00:00'),
(77252, 70360, '2018-11-08', '09:00:00'),
(77253, 70361, '2018-11-09', '10:00:00'),
(77254, 70362, '2018-11-10', '11:00:00'),
(77255, 70364, '2018-11-11', '12:00:00'),
(77256, 70365, '2018-11-12', '13:00:00'),
(77257, 70367, '2018-11-13', '14:00:00'),
(77258, 70368, '2018-11-14', '15:00:00'),
(77259, 70370, '2018-11-15', '16:00:00'),
(77260, 70371, '2018-11-16', '17:00:00'),
(77261, 70373, '2018-11-17', '08:00:00'),
(77262, 70374, '2018-11-18', '09:00:00'),
(77263, 70376, '2018-11-19', '10:00:00'),
(77264, 70377, '2018-11-20', '11:00:00'),
(77265, 70379, '2018-11-21', '12:00:00'),
(77266, 70380, '2018-11-22', '13:00:00'),
(77267, 70381, '2018-11-23', '14:00:00'),
(77268, 70382, '2018-11-24', '15:00:00'),
(77269, 70384, '2018-11-25', '16:00:00'),
(77270, 70385, '2018-11-26', '17:00:00'),
(77271, 70387, '2018-11-27', '08:00:00'),
(77272, 70388, '2018-11-28', '09:00:00'),
(77273, 70390, '2018-11-29', '10:00:00'),
(77274, 70391, '2018-11-30', '11:00:00'),
(77275, 70393, '2018-12-01', '12:00:00'),
(77276, 70394, '2018-12-02', '13:00:00'),
(77277, 70396, '2018-12-03', '14:00:00'),
(77278, 70397, '2018-12-04', '15:00:00'),
(77279, 70399, '2018-12-05', '16:00:00'),
(77280, 70400, '2018-12-06', '17:00:00'),
(77281, 70401, '2018-12-07', '08:00:00'),
(77282, 70402, '2018-12-08', '09:00:00'),
(77283, 70404, '2018-12-09', '10:00:00'),
(77284, 70405, '2018-12-10', '11:00:00'),
(77285, 70407, '2018-12-11', '12:00:00'),
(77286, 70408, '2018-12-12', '13:00:00'),
(77287, 70410, '2018-12-13', '14:00:00'),
(77288, 70411, '2018-12-14', '15:00:00'),
(77289, 70413, '2018-12-15', '16:00:00'),
(77290, 70414, '2018-12-16', '17:00:00'),
(77291, 70416, '2018-12-17', '08:00:00'),
(77292, 70417, '2018-12-18', '09:00:00'),
(77293, 70419, '2018-12-19', '10:00:00'),
(77294, 70420, '2018-12-20', '11:00:00'),
(77295, 70421, '2018-12-21', '12:00:00'),
(77296, 70422, '2018-12-22', '13:00:00'),
(77297, 70424, '2018-12-23', '14:00:00'),
(77298, 70425, '2018-12-24', '15:00:00'),
(77299, 70427, '2018-12-25', '16:00:00'),
(77300, 70428, '2018-12-26', '17:00:00'),
(77301, 70430, '2018-12-27', '08:00:00'),
(77302, 70431, '2018-12-28', '09:00:00'),
(77303, 70433, '2018-12-29', '10:00:00'),
(77304, 70434, '2018-12-30', '11:00:00'),
(77305, 70436, '2018-12-31', '12:00:00'),
(77306, 70437, '2019-01-01', '13:00:00'),
(77307, 70439, '2019-01-02', '14:00:00'),
(77308, 70440, '2019-01-03', '15:00:00'),
(77309, 70441, '2019-01-04', '16:00:00'),
(77310, 70442, '2019-01-05', '17:00:00'),
(77311, 70444, '2019-01-06', '08:00:00'),
(77312, 70445, '2019-01-07', '09:00:00'),
(77313, 70447, '2019-01-08', '10:00:00'),
(77314, 70448, '2019-01-09', '11:00:00'),
(77315, 70450, '2019-01-10', '12:00:00'),
(77316, 70451, '2019-01-11', '13:00:00'),
(77317, 70453, '2019-01-12', '14:00:00'),
(77318, 70454, '2019-01-13', '15:00:00'),
(77319, 70456, '2019-01-14', '16:00:00'),
(77320, 70457, '2019-01-15', '17:00:00'),
(77321, 70459, '2019-01-16', '08:00:00'),
(77322, 70460, '2019-01-17', '09:00:00'),
(77323, 70461, '2019-01-18', '10:00:00'),
(77324, 70462, '2019-01-19', '11:00:00'),
(77325, 70464, '2019-01-20', '12:00:00'),
(77326, 70465, '2019-01-21', '13:00:00'),
(77327, 70467, '2019-01-22', '14:00:00'),
(77328, 70468, '2019-01-23', '15:00:00'),
(77329, 70470, '2019-01-24', '16:00:00'),
(77330, 70471, '2019-01-25', '17:00:00'),
(77331, 70473, '2019-01-26', '08:00:00'),
(77332, 70474, '2019-01-27', '09:00:00'),
(77333, 70476, '2019-01-28', '10:00:00'),
(77334, 70477, '2019-01-29', '11:00:00'),
(77335, 70479, '2019-01-30', '12:00:00'),
(77336, 70480, '2019-01-31', '13:00:00'),
(77337, 70481, '2019-02-01', '14:00:00'),
(77338, 70482, '2019-02-02', '15:00:00'),
(77339, 70484, '2019-02-03', '16:00:00'),
(77340, 70485, '2019-02-04', '17:00:00'),
(77341, 70487, '2019-02-05', '08:00:00'),
(77342, 70488, '2019-02-06', '09:00:00'),
(77343, 70490, '2019-02-07', '10:00:00'),
(77344, 70491, '2019-02-08', '11:00:00'),
(77345, 70493, '2019-02-09', '12:00:00'),
(77346, 70494, '2019-02-10', '13:00:00'),
(77347, 70496, '2019-02-11', '14:00:00'),
(77348, 70497, '2019-02-12', '15:00:00'),
(77349, 70499, '2019-02-13', '16:00:00'),
(77350, 70500, '2019-02-14', '17:00:00'),
(77351, 70501, '2019-02-15', '08:00:00'),
(77352, 70502, '2019-02-16', '09:00:00'),
(77353, 70504, '2019-02-17', '10:00:00'),
(77354, 70505, '2019-02-18', '11:00:00'),
(77355, 70507, '2019-02-19', '12:00:00'),
(77356, 70508, '2019-02-20', '13:00:00'),
(77357, 70510, '2019-02-21', '14:00:00'),
(77358, 70511, '2019-02-22', '15:00:00'),
(77359, 70513, '2019-02-23', '16:00:00'),
(77360, 70514, '2019-02-24', '17:00:00'),
(77361, 70516, '2019-02-25', '08:00:00'),
(77362, 70517, '2019-02-26', '09:00:00'),
(77363, 70519, '2019-02-27', '10:00:00'),
(77364, 70520, '2019-02-28', '11:00:00'),
(77365, 70521, '2019-03-01', '12:00:00'),
(77366, 70522, '2019-03-02', '13:00:00'),
(77367, 70524, '2019-03-03', '14:00:00'),
(77368, 70525, '2019-03-04', '15:00:00'),
(77369, 70527, '2019-03-05', '16:00:00'),
(77370, 70528, '2019-03-06', '17:00:00'),
(77371, 70530, '2019-03-07', '08:00:00'),
(77372, 70531, '2019-03-08', '09:00:00'),
(77373, 70533, '2019-03-09', '10:00:00'),
(77374, 70534, '2019-03-10', '11:00:00'),
(77375, 70536, '2019-03-11', '12:00:00'),
(77376, 70537, '2019-03-12', '13:00:00'),
(77377, 70539, '2019-03-13', '14:00:00'),
(77378, 70540, '2019-03-14', '15:00:00'),
(77379, 70541, '2019-03-15', '16:00:00'),
(77380, 70542, '2019-03-16', '17:00:00'),
(77381, 70544, '2019-03-17', '08:00:00'),
(77382, 70545, '2019-03-18', '09:00:00'),
(77383, 70547, '2019-03-19', '10:00:00'),
(77384, 70548, '2019-03-20', '11:00:00'),
(77385, 70550, '2019-03-21', '12:00:00'),
(77386, 70551, '2019-03-22', '13:00:00'),
(77387, 70553, '2019-03-23', '14:00:00'),
(77388, 70554, '2019-03-24', '15:00:00'),
(77389, 70556, '2019-03-25', '16:00:00'),
(77390, 70557, '2019-03-26', '17:00:00'),
(77391, 70559, '2019-03-27', '08:00:00'),
(77392, 70560, '2019-03-28', '09:00:00'),
(77393, 70561, '2019-03-29', '10:00:00'),
(77394, 70562, '2019-03-30', '11:00:00'),
(77395, 70564, '2019-03-31', '12:00:00'),
(77396, 70565, '2019-04-01', '13:00:00'),
(77397, 70567, '2019-04-02', '14:00:00'),
(77398, 70568, '2019-04-03', '15:00:00'),
(77399, 70570, '2019-04-04', '16:00:00'),
(77400, 70571, '2019-04-05', '17:00:00'),
(77401, 70573, '2019-04-06', '08:00:00'),
(77402, 70574, '2019-04-07', '09:00:00'),
(77403, 70576, '2019-04-08', '10:00:00'),
(77404, 70577, '2019-04-09', '11:00:00'),
(77405, 70579, '2019-04-10', '12:00:00'),
(77406, 70580, '2019-04-11', '13:00:00'),
(77407, 70581, '2019-04-12', '14:00:00'),
(77408, 70582, '2019-04-13', '15:00:00'),
(77409, 70584, '2019-04-14', '16:00:00'),
(77410, 70585, '2019-04-15', '17:00:00'),
(77411, 70587, '2019-04-16', '08:00:00'),
(77412, 70588, '2019-04-17', '09:00:00'),
(77413, 70590, '2019-04-18', '10:00:00'),
(77414, 70591, '2019-04-19', '11:00:00'),
(77415, 70593, '2019-04-20', '12:00:00'),
(77416, 70594, '2019-04-21', '13:00:00'),
(77417, 70596, '2019-04-22', '14:00:00'),
(77418, 70597, '2019-04-23', '15:00:00'),
(77419, 70599, '2019-04-24', '16:00:00'),
(77420, 70600, '2019-04-25', '17:00:00');

--
-- Índices para tablas volcadas
--

--
-- Indices de la tabla `cita_hospitalizacion`
--
ALTER TABLE `cita_hospitalizacion`
  ADD PRIMARY KEY (`id_hospitalizacion`),
  ADD UNIQUE KEY `id_cita_medica` (`id_cita_medica`);

--
-- Indices de la tabla `cita_medica`
--
ALTER TABLE `cita_medica`
  ADD PRIMARY KEY (`id`),
  ADD KEY `id_paciente` (`id_paciente`),
  ADD KEY `id_shc` (`id_shc`),
  ADD KEY `id_medico` (`id_medico`),
  ADD KEY `id_estado` (`id_estado`);

--
-- Indices de la tabla `enfermera`
--
ALTER TABLE `enfermera`
  ADD PRIMARY KEY (`id`);

--
-- Indices de la tabla `especialidad_habitacion`
--
ALTER TABLE `especialidad_habitacion`
  ADD PRIMARY KEY (`id`);

--
-- Indices de la tabla `especialidad_medico`
--
ALTER TABLE `especialidad_medico`
  ADD PRIMARY KEY (`id`);

--
-- Indices de la tabla `estado_cita`
--
ALTER TABLE `estado_cita`
  ADD PRIMARY KEY (`id`);

--
-- Indices de la tabla `estado_hospitalizacion`
--
ALTER TABLE `estado_hospitalizacion`
  ADD PRIMARY KEY (`id`);

--
-- Indices de la tabla `estado_paciente`
--
ALTER TABLE `estado_paciente`
  ADD PRIMARY KEY (`id`);

--
-- Indices de la tabla `habitacion`
--
ALTER TABLE `habitacion`
  ADD PRIMARY KEY (`id`),
  ADD KEY `id_especialidad` (`id_especialidad`),
  ADD KEY `id_shh` (`id_shh`);

--
-- Indices de la tabla `hospitalizacion`
--
ALTER TABLE `hospitalizacion`
  ADD PRIMARY KEY (`id`),
  ADD KEY `id_enfermera` (`id_enfermera`),
  ADD KEY `id_habitacion` (`id_habitacion`),
  ADD KEY `id_estado` (`id_estado`);

--
-- Indices de la tabla `medico`
--
ALTER TABLE `medico`
  ADD PRIMARY KEY (`id`),
  ADD KEY `id_municipio` (`id_municipio`),
  ADD KEY `id_tipo_id` (`id_tipo_id`),
  ADD KEY `id_especialidad` (`id_especialidad`);

--
-- Indices de la tabla `municipio`
--
ALTER TABLE `municipio`
  ADD PRIMARY KEY (`id`);

--
-- Indices de la tabla `paciente`
--
ALTER TABLE `paciente`
  ADD PRIMARY KEY (`id`),
  ADD KEY `id_municipio` (`id_municipio`),
  ADD KEY `id_tipo_id` (`id_tipo_id`),
  ADD KEY `id_estado` (`id_estado`);

--
-- Indices de la tabla `pacientes`
--
ALTER TABLE `pacientes`
  ADD PRIMARY KEY (`id`),
  ADD KEY `fk_user` (`id_medicoenc`);

--
-- Indices de la tabla `sessions`
--
ALTER TABLE `sessions`
  ADD PRIMARY KEY (`session_id`);

--
-- Indices de la tabla `sucursal_hospital_cita`
--
ALTER TABLE `sucursal_hospital_cita`
  ADD PRIMARY KEY (`id`),
  ADD KEY `id_municipio` (`id_municipio`);

--
-- Indices de la tabla `sucursal_hospital_hospitalizacion`
--
ALTER TABLE `sucursal_hospital_hospitalizacion`
  ADD PRIMARY KEY (`id`),
  ADD KEY `id_municipio` (`id_municipio`);

--
-- Indices de la tabla `telefono_enfermera`
--
ALTER TABLE `telefono_enfermera`
  ADD PRIMARY KEY (`id`,`telefono`);

--
-- Indices de la tabla `telefono_medico`
--
ALTER TABLE `telefono_medico`
  ADD PRIMARY KEY (`id`,`telefono`);

--
-- Indices de la tabla `telefono_paciente`
--
ALTER TABLE `telefono_paciente`
  ADD PRIMARY KEY (`id`,`telefono`);

--
-- Indices de la tabla `telefono_shh`
--
ALTER TABLE `telefono_shh`
  ADD PRIMARY KEY (`id`,`telefono`);

--
-- Indices de la tabla `telefono_sucursal_cita`
--
ALTER TABLE `telefono_sucursal_cita`
  ADD PRIMARY KEY (`id`,`telefono`);

--
-- Indices de la tabla `telefono_visitante`
--
ALTER TABLE `telefono_visitante`
  ADD PRIMARY KEY (`id`,`telefono`);

--
-- Indices de la tabla `tipo_id`
--
ALTER TABLE `tipo_id`
  ADD PRIMARY KEY (`id`);

--
-- Indices de la tabla `usuarios`
--
ALTER TABLE `usuarios`
  ADD PRIMARY KEY (`id`);

--
-- Indices de la tabla `visitante`
--
ALTER TABLE `visitante`
  ADD PRIMARY KEY (`id`);

--
-- Indices de la tabla `visita_ver`
--
ALTER TABLE `visita_ver`
  ADD PRIMARY KEY (`id_visitante`,`id_hospitalizacion`,`fecha`),
  ADD KEY `id_hospitalizacion` (`id_hospitalizacion`);

--
-- AUTO_INCREMENT de las tablas volcadas
--

--
-- AUTO_INCREMENT de la tabla `pacientes`
--
ALTER TABLE `pacientes`
  MODIFY `id` int(11) NOT NULL AUTO_INCREMENT, AUTO_INCREMENT=11;

--
-- AUTO_INCREMENT de la tabla `usuarios`
--
ALTER TABLE `usuarios`
  MODIFY `id` int(11) NOT NULL AUTO_INCREMENT, AUTO_INCREMENT=3407;

--
-- Restricciones para tablas volcadas
--

--
-- Filtros para la tabla `cita_hospitalizacion`
--
ALTER TABLE `cita_hospitalizacion`
  ADD CONSTRAINT `cita_hospitalizacion_ibfk_1` FOREIGN KEY (`id_hospitalizacion`) REFERENCES `hospitalizacion` (`id`),
  ADD CONSTRAINT `cita_hospitalizacion_ibfk_2` FOREIGN KEY (`id_cita_medica`) REFERENCES `cita_medica` (`id`);

--
-- Filtros para la tabla `cita_medica`
--
ALTER TABLE `cita_medica`
  ADD CONSTRAINT `cita_medica_ibfk_1` FOREIGN KEY (`id_paciente`) REFERENCES `paciente` (`id`),
  ADD CONSTRAINT `cita_medica_ibfk_2` FOREIGN KEY (`id_shc`) REFERENCES `sucursal_hospital_cita` (`id`),
  ADD CONSTRAINT `cita_medica_ibfk_3` FOREIGN KEY (`id_medico`) REFERENCES `medico` (`id`),
  ADD CONSTRAINT `cita_medica_ibfk_4` FOREIGN KEY (`id_estado`) REFERENCES `estado_cita` (`id`);

--
-- Filtros para la tabla `habitacion`
--
ALTER TABLE `habitacion`
  ADD CONSTRAINT `habitacion_ibfk_1` FOREIGN KEY (`id_especialidad`) REFERENCES `especialidad_habitacion` (`id`),
  ADD CONSTRAINT `habitacion_ibfk_2` FOREIGN KEY (`id_shh`) REFERENCES `sucursal_hospital_hospitalizacion` (`id`);

--
-- Filtros para la tabla `hospitalizacion`
--
ALTER TABLE `hospitalizacion`
  ADD CONSTRAINT `hospitalizacion_ibfk_1` FOREIGN KEY (`id_enfermera`) REFERENCES `enfermera` (`id`),
  ADD CONSTRAINT `hospitalizacion_ibfk_2` FOREIGN KEY (`id_habitacion`) REFERENCES `habitacion` (`id`),
  ADD CONSTRAINT `hospitalizacion_ibfk_3` FOREIGN KEY (`id_estado`) REFERENCES `estado_hospitalizacion` (`id`);

--
-- Filtros para la tabla `medico`
--
ALTER TABLE `medico`
  ADD CONSTRAINT `medico_ibfk_1` FOREIGN KEY (`id_municipio`) REFERENCES `municipio` (`id`),
  ADD CONSTRAINT `medico_ibfk_2` FOREIGN KEY (`id_tipo_id`) REFERENCES `tipo_id` (`id`),
  ADD CONSTRAINT `medico_ibfk_3` FOREIGN KEY (`id_especialidad`) REFERENCES `especialidad_medico` (`id`);

--
-- Filtros para la tabla `paciente`
--
ALTER TABLE `paciente`
  ADD CONSTRAINT `paciente_ibfk_1` FOREIGN KEY (`id_municipio`) REFERENCES `municipio` (`id`),
  ADD CONSTRAINT `paciente_ibfk_2` FOREIGN KEY (`id_tipo_id`) REFERENCES `tipo_id` (`id`),
  ADD CONSTRAINT `paciente_ibfk_3` FOREIGN KEY (`id_estado`) REFERENCES `estado_paciente` (`id`);

--
-- Filtros para la tabla `pacientes`
--
ALTER TABLE `pacientes`
  ADD CONSTRAINT `fk_user` FOREIGN KEY (`id_medicoenc`) REFERENCES `usuarios` (`id`);

--
-- Filtros para la tabla `sucursal_hospital_cita`
--
ALTER TABLE `sucursal_hospital_cita`
  ADD CONSTRAINT `sucursal_hospital_cita_ibfk_1` FOREIGN KEY (`id_municipio`) REFERENCES `municipio` (`id`);

--
-- Filtros para la tabla `sucursal_hospital_hospitalizacion`
--
ALTER TABLE `sucursal_hospital_hospitalizacion`
  ADD CONSTRAINT `sucursal_hospital_hospitalizacion_ibfk_1` FOREIGN KEY (`id_municipio`) REFERENCES `municipio` (`id`);

--
-- Filtros para la tabla `telefono_enfermera`
--
ALTER TABLE `telefono_enfermera`
  ADD CONSTRAINT `telefono_enfermera_ibfk_1` FOREIGN KEY (`id`) REFERENCES `enfermera` (`id`);

--
-- Filtros para la tabla `telefono_medico`
--
ALTER TABLE `telefono_medico`
  ADD CONSTRAINT `telefono_medico_ibfk_1` FOREIGN KEY (`id`) REFERENCES `medico` (`id`);

--
-- Filtros para la tabla `telefono_paciente`
--
ALTER TABLE `telefono_paciente`
  ADD CONSTRAINT `telefono_paciente_ibfk_1` FOREIGN KEY (`id`) REFERENCES `paciente` (`id`);

--
-- Filtros para la tabla `telefono_shh`
--
ALTER TABLE `telefono_shh`
  ADD CONSTRAINT `telefono_shh_ibfk_1` FOREIGN KEY (`id`) REFERENCES `sucursal_hospital_hospitalizacion` (`id`);

--
-- Filtros para la tabla `telefono_sucursal_cita`
--
ALTER TABLE `telefono_sucursal_cita`
  ADD CONSTRAINT `telefono_sucursal_cita_ibfk_1` FOREIGN KEY (`id`) REFERENCES `sucursal_hospital_cita` (`id`);

--
-- Filtros para la tabla `telefono_visitante`
--
ALTER TABLE `telefono_visitante`
  ADD CONSTRAINT `telefono_visitante_ibfk_1` FOREIGN KEY (`id`) REFERENCES `visitante` (`id`);

--
-- Filtros para la tabla `visita_ver`
--
ALTER TABLE `visita_ver`
  ADD CONSTRAINT `visita_ver_ibfk_1` FOREIGN KEY (`id_visitante`) REFERENCES `visitante` (`id`),
  ADD CONSTRAINT `visita_ver_ibfk_2` FOREIGN KEY (`id_hospitalizacion`) REFERENCES `hospitalizacion` (`id`);
COMMIT;

/*!40101 SET CHARACTER_SET_CLIENT=@OLD_CHARACTER_SET_CLIENT */;
/*!40101 SET CHARACTER_SET_RESULTS=@OLD_CHARACTER_SET_RESULTS */;
/*!40101 SET COLLATION_CONNECTION=@OLD_COLLATION_CONNECTION */;
